Order_ID,Order_Date,City,Category,Product,Quantity,Unit_Price,Discount_%,Revenue
ORD000001,2024-07-24,Lahore,Electronics,Samsung Galaxy S24,1,74999,10,67499.1
ORD000002,2024-11-25,Islamabad,Electronics,Sony WH-1000XM5,1,29999,0,29999.0
ORD000003,2025-01-17,Karachi,Home,Philips Air Fryer,1,8999,0,8999.0
ORD000004,2024-09-01,Model Town,Electronics,Sony WH-1000XM5,1,29999,0,29999.0
ORD000005,2024-09-17,Johar Town,Home,Philips Air Fryer,1,8999,10,8099.1
ORD000006,2024-12-03,Lake City,Electronics,OnePlus 12,2,64999,10,116998.2
ORD000007,2024-10-16,Bahria,Electronics,OnePlus 12,1,64999,10,58499.1
ORD000008,2024-11-11,Wapda Town,Electronics,Samsung Galaxy S24,1,74999,10,67499.1
ORD000009,2024-08-09,,Fashion,Levi's Jeans,2,2499,15,4248.3
ORD000010,2026-01-26,Chennai,Home,Philips Air Fryer,1,8999,10,8099.1
ORD000011,2025-06-19,Delhi,Electronics,Sony WH-1000XM5,2,29999,0,59998.0
ORD000012,2024-06-28,Pune,Fashion,Levi's Jeans,4,2499,5,9496.2
ORD000013,2025-08-30,Bengaluru,Home,Philips Air Fryer,1,8999,10,8099.1
ORD000014,2024-11-16,Pune,Fashion,Nike Air Max,1,6999,10,6299.1
ORD000015,2025-02-04,Bengaluru,Electronics,OnePlus 12,1,64999,5,61749.05
ORD000016,2025-08-12,Chennai,Home,IKEA Study Table,1,12999,5,12349.05
ORD000017,2024-08-11,Chennai,Electronics,Apple iPhone 15,1,79999,0,79999.0
ORD000018,2025-07-24,Chennai,Home,Philips Air Fryer,1,8999,5,8549.05
ORD000019,2024-07-23,Kolkata,Electronics,Sony WH-1000XM5,2,29999,15,50998.3
ORD000020,2024-12-17,Hyderabad,Electronics,OnePlus 12,1,64999,5,61749.05
ORD000021,2025-06-17,Chennai,Home,Philips Air Fryer,3,8999,15,22947.45
ORD000022,2025-08-05,Kolkata,Electronics,Sony WH-1000XM5,4,29999,5,113996.2
ORD000023,2025-12-10,Bengaluru,Electronics,Samsung Galaxy S24,2,74999,0,149998.0
ORD000024,2026-04-01,Pune,Electronics,OnePlus 12,2,64999,15,110498.3
ORD000025,2026-05-23,Hyderabad,Home,Philips Air Fryer,1,8999,15,7649.15
ORD000026,2026-04-09,Hyderabad,Electronics,Apple iPhone 15,2,79999,0,159998.0
ORD000027,2026-03-08,Bengaluru,Fashion,Nike Air Max,1,6999,15,5949.15
ORD000028,2026-03-14,Bengaluru,Home,IKEA Study Table,1,12999,10,11699.1
ORD000029,2026-03-02,Delhi,Electronics,Samsung Galaxy S24,3,74999,10,202497.3
ORD000030,2025-07-09,Mumbai,Electronics,OnePlus 12,1,64999,5,61749.05
ORD000031,2025-05-17,Chennai,Fashion,Nike Air Max,1,6999,0,6999.0
ORD000032,2025-01-20,Pune,Fashion,Levi's Jeans,1,2499,5,2374.05
ORD000033,2025-07-26,Bengaluru,Electronics,Samsung Galaxy S24,2,74999,0,149998.0
ORD000034,2025-06-28,Hyderabad,Electronics,OnePlus 12,2,64999,5,123498.1
ORD000035,2025-12-06,Hyderabad,Home,Philips Air Fryer,4,8999,5,34196.2
ORD000036,2024-07-29,Kolkata,Home,Philips Air Fryer,4,8999,10,32396.4
ORD000037,2025-12-08,Pune,Home,IKEA Study Table,1,12999,5,12349.05
ORD000038,2025-07-07,Delhi,Fashion,Nike Air Max,1,6999,5,6649.05
ORD000039,2025-02-26,Delhi,Electronics,Apple iPhone 15,1,79999,0,79999.0
ORD000040,2025-06-03,Pune,Electronics,Samsung Galaxy S24,3,74999,10,202497.3
ORD000041,2025-06-12,Delhi,Electronics,Sony WH-1000XM5,1,29999,15,25499.15
ORD000042,2025-10-10,Delhi,Electronics,OnePlus 12,2,64999,15,110498.3
ORD000043,2025-09-20,Pune,Home,IKEA Study Table,2,12999,5,24698.1
ORD000044,2025-11-01,Ahmedabad,Electronics,Samsung Galaxy S24,2,74999,10,134998.2
ORD000045,2026-05-29,Pune,Home,Philips Air Fryer,1,8999,0,8999.0
ORD000046,2026-02-26,Pune,Electronics,Apple iPhone 15,1,79999,10,71999.1
ORD000047,2025-05-05,Bengaluru,Electronics,Sony WH-1000XM5,1,29999,15,25499.15
ORD000048,2026-05-08,Delhi,Home,Philips Air Fryer,1,8999,15,7649.15
ORD000049,2024-10-26,Mumbai,Electronics,Samsung Galaxy S24,1,74999,0,74999.0
ORD000050,2025-01-12,Bengaluru,Electronics,Apple iPhone 15,4,79999,5,303996.2
ORD000051,2025-10-09,Ahmedabad,Home,Philips Air Fryer,1,8999,5,8549.05
ORD000052,2026-05-17,Ahmedabad,Electronics,Apple iPhone 15,1,79999,0,79999.0
ORD000053,2025-04-05,Hyderabad,Fashion,Levi's Jeans,3,2499,15,6372.45
ORD000054,2024-06-11,Bengaluru,Home,Philips Air Fryer,2,8999,15,15298.3
ORD000055,2025-11-03,Mumbai,Electronics,Sony WH-1000XM5,1,29999,0,29999.0
ORD000056,2024-08-16,Bengaluru,Fashion,Nike Air Max,1,6999,15,5949.15
ORD000057,2025-04-23,Bengaluru,Electronics,Apple iPhone 15,4,79999,0,319996.0
ORD000058,2026-02-19,Ahmedabad,Electronics,Samsung Galaxy S24,1,74999,5,71249.05
ORD000059,2026-02-04,Mumbai,Electronics,Samsung Galaxy S24,3,74999,5,213747.15
ORD000060,2024-10-17,Hyderabad,Electronics,Samsung Galaxy S24,1,74999,10,67499.1
ORD000061,2026-05-09,Delhi,Electronics,Sony WH-1000XM5,2,29999,10,53998.2
ORD000062,2024-07-15,Kolkata,Fashion,Levi's Jeans,1,2499,10,2249.1
ORD000063,2024-06-23,Mumbai,Fashion,Nike Air Max,3,6999,0,20997.0
ORD000064,2025-08-01,Pune,Home,IKEA Study Table,2,12999,0,25998.0
ORD000065,2026-03-10,Chennai,Electronics,Sony WH-1000XM5,1,29999,5,28499.05
ORD000066,2025-11-30,Hyderabad,Electronics,Samsung Galaxy S24,3,74999,10,202497.3
ORD000067,2025-07-09,Mumbai,Electronics,OnePlus 12,1,64999,10,58499.1
ORD000068,2024-10-09,Bengaluru,Fashion,Levi's Jeans,3,2499,0,7497.0
ORD000069,2025-06-11,Bengaluru,Fashion,Levi's Jeans,1,2499,0,2499.0
ORD000070,2026-06-03,Chennai,Fashion,Levi's Jeans,1,2499,5,2374.05
ORD000071,2025-10-21,Kolkata,Electronics,Sony WH-1000XM5,2,29999,10,53998.2
ORD000072,2025-09-18,Pune,Fashion,Levi's Jeans,3,2499,0,7497.0
ORD000073,2026-05-02,Mumbai,Home,Philips Air Fryer,2,8999,0,17998.0
ORD000074,2024-10-26,Bengaluru,Fashion,Nike Air Max,2,6999,10,12598.2
ORD000075,2024-11-26,Mumbai,Home,IKEA Study Table,1,12999,15,11049.15
ORD000076,2026-01-07,Mumbai,Electronics,Samsung Galaxy S24,1,74999,5,71249.05
ORD000077,2026-03-21,Ahmedabad,Fashion,Nike Air Max,1,6999,5,6649.05
ORD000078,2025-01-25,Mumbai,Electronics,OnePlus 12,1,64999,10,58499.1
ORD000079,2025-09-23,Pune,Fashion,Nike Air Max,1,6999,5,6649.05
ORD000080,2025-11-09,Bengaluru,Fashion,Nike Air Max,2,6999,15,11898.3
ORD000081,2026-06-07,Ahmedabad,Electronics,Sony WH-1000XM5,3,29999,5,85497.15
ORD000082,2026-05-15,Ahmedabad,Electronics,Apple iPhone 15,1,79999,10,71999.1
ORD000083,2025-04-09,Ahmedabad,Electronics,Sony WH-1000XM5,1,29999,0,29999.0
ORD000084,2024-07-17,Delhi,Electronics,Apple iPhone 15,3,79999,5,227997.15
ORD000085,2026-04-24,Delhi,Home,IKEA Study Table,1,12999,5,12349.05
ORD000086,2026-01-10,Chennai,Electronics,Apple iPhone 15,2,79999,15,135998.3
ORD000087,2025-01-03,Chennai,Fashion,Levi's Jeans,3,2499,10,6747.3
ORD000088,2025-08-27,Mumbai,Home,Philips Air Fryer,2,8999,10,16198.2
ORD000089,2025-06-08,Bengaluru,Electronics,Samsung Galaxy S24,3,74999,10,202497.3
ORD000090,2025-12-22,Chennai,Fashion,Levi's Jeans,1,2499,15,2124.15
ORD000091,2026-02-26,Ahmedabad,Fashion,Nike Air Max,1,6999,0,6999.0
ORD000092,2025-03-23,Mumbai,Electronics,Sony WH-1000XM5,1,29999,15,25499.15
ORD000093,2024-06-25,Chennai,Electronics,Sony WH-1000XM5,1,29999,0,29999.0
ORD000094,2024-08-09,Hyderabad,Fashion,Nike Air Max,2,6999,0,13998.0
ORD000095,2024-11-18,Ahmedabad,Fashion,Levi's Jeans,2,2499,10,4498.2
ORD000096,2025-03-07,Ahmedabad,Fashion,Levi's Jeans,1,2499,5,2374.05
ORD000097,2024-08-07,Hyderabad,Home,Philips Air Fryer,2,8999,5,17098.1
ORD000098,2025-11-04,Hyderabad,Home,Philips Air Fryer,1,8999,0,8999.0
ORD000099,2025-02-17,Kolkata,Fashion,Levi's Jeans,1,2499,10,2249.1
ORD000100,2025-01-28,Kolkata,Home,IKEA Study Table,1,12999,5,12349.05
ORD000101,2026-03-03,Chennai,Electronics,OnePlus 12,2,64999,10,116998.2
ORD000102,2024-09-09,Hyderabad,Electronics,Samsung Galaxy S24,2,74999,5,142498.1
ORD000103,2024-08-08,Mumbai,Electronics,Sony WH-1000XM5,2,29999,5,56998.1
ORD000104,2025-12-21,Pune,Electronics,Apple iPhone 15,1,79999,15,67999.15
ORD000105,2025-12-22,Ahmedabad,Home,IKEA Study Table,1,12999,5,12349.05
ORD000106,2026-01-09,Mumbai,Home,IKEA Study Table,1,12999,5,12349.05
ORD000107,2025-12-06,Bengaluru,Electronics,Samsung Galaxy S24,2,74999,5,142498.1
ORD000108,2025-09-11,Pune,Home,IKEA Study Table,1,12999,5,12349.05
ORD000109,2024-12-20,Chennai,Home,IKEA Study Table,1,12999,15,11049.15
ORD000110,2024-12-06,Kolkata,Home,IKEA Study Table,2,12999,15,22098.3
ORD000111,2026-04-18,Kolkata,Electronics,OnePlus 12,2,64999,15,110498.3
ORD000112,2025-03-10,Kolkata,Fashion,Levi's Jeans,2,2499,10,4498.2
ORD000113,2025-06-20,Hyderabad,Electronics,Sony WH-1000XM5,1,29999,0,29999.0
ORD000114,2026-05-16,Pune,Electronics,Sony WH-1000XM5,1,29999,10,26999.1
ORD000115,2025-03-26,Bengaluru,Electronics,OnePlus 12,1,64999,15,55249.15
ORD000116,2024-07-24,Chennai,Electronics,Sony WH-1000XM5,1,29999,15,25499.15
ORD000117,2026-03-10,Ahmedabad,Home,IKEA Study Table,1,12999,5,12349.05
ORD000118,2024-11-01,Ahmedabad,Home,Philips Air Fryer,3,8999,0,26997.0
ORD000119,2025-10-31,Hyderabad,Home,IKEA Study Table,1,12999,10,11699.1
ORD000120,2024-09-20,Delhi,Home,Philips Air Fryer,3,8999,15,22947.45
ORD000121,2025-03-07,Kolkata,Home,IKEA Study Table,1,12999,15,11049.15
ORD000122,2025-05-16,Bengaluru,Electronics,Apple iPhone 15,1,79999,15,67999.15
ORD000123,2024-08-15,Ahmedabad,Home,IKEA Study Table,3,12999,0,38997.0
ORD000124,2025-01-31,Bengaluru,Electronics,Apple iPhone 15,1,79999,15,67999.15
ORD000125,2025-03-17,Ahmedabad,Home,IKEA Study Table,1,12999,10,11699.1
ORD000126,2024-06-24,Chennai,Fashion,Nike Air Max,1,6999,10,6299.1
ORD000127,2025-05-06,Hyderabad,Home,Philips Air Fryer,1,8999,15,7649.15
ORD000128,2025-04-10,Chennai,Electronics,Samsung Galaxy S24,1,74999,0,74999.0
ORD000129,2025-04-20,Mumbai,Electronics,Sony WH-1000XM5,2,29999,0,59998.0
ORD000130,2025-03-15,Bengaluru,Electronics,Sony WH-1000XM5,1,29999,0,29999.0
ORD000131,2024-10-20,Delhi,Electronics,Sony WH-1000XM5,1,29999,0,29999.0
ORD000132,2025-01-30,Bengaluru,Home,IKEA Study Table,2,12999,10,23398.2
ORD000133,2026-04-05,Hyderabad,Electronics,Samsung Galaxy S24,2,74999,5,142498.1
ORD000134,2025-04-28,Ahmedabad,Electronics,Samsung Galaxy S24,1,74999,10,67499.1
ORD000135,2025-08-02,Pune,Home,Philips Air Fryer,3,8999,5,25647.15
ORD000136,2025-06-05,Pune,Electronics,Sony WH-1000XM5,1,29999,10,26999.1
ORD000137,2025-05-23,Chennai,Electronics,Apple iPhone 15,1,79999,15,67999.15
ORD000138,2024-07-08,Mumbai,Electronics,Samsung Galaxy S24,1,74999,10,67499.1
ORD000139,2024-10-21,Ahmedabad,Home,Philips Air Fryer,2,8999,0,17998.0
ORD000140,2026-02-03,Bengaluru,Fashion,Nike Air Max,2,6999,15,11898.3
ORD000141,2024-11-20,Kolkata,Home,Philips Air Fryer,1,8999,10,8099.1
ORD000142,2025-12-17,Chennai,Home,IKEA Study Table,1,12999,10,11699.1
ORD000143,2026-01-27,Hyderabad,Electronics,Sony WH-1000XM5,2,29999,0,59998.0
ORD000144,2025-01-15,Ahmedabad,Home,IKEA Study Table,1,12999,15,11049.15
ORD000145,2025-08-30,Bengaluru,Fashion,Nike Air Max,1,6999,10,6299.1
ORD000146,2024-08-25,Chennai,Home,IKEA Study Table,1,12999,10,11699.1
ORD000147,2024-08-08,Mumbai,Fashion,Levi's Jeans,3,2499,10,6747.3
ORD000148,2026-04-28,Kolkata,Electronics,Sony WH-1000XM5,1,29999,15,25499.15
ORD000149,2026-02-05,Kolkata,Electronics,Sony WH-1000XM5,2,29999,15,50998.3
ORD000150,2025-07-01,Ahmedabad,Electronics,Apple iPhone 15,1,79999,5,75999.05
ORD000151,2025-12-19,Kolkata,Electronics,Sony WH-1000XM5,1,29999,10,26999.1
ORD000152,2025-11-24,Chennai,Fashion,Nike Air Max,1,6999,10,6299.1
ORD000153,2025-07-04,Delhi,Home,IKEA Study Table,1,12999,10,11699.1
ORD000154,2024-08-17,Pune,Electronics,Samsung Galaxy S24,2,74999,10,134998.2
ORD000155,2025-07-20,Hyderabad,Electronics,OnePlus 12,1,64999,15,55249.15
ORD000156,2026-04-14,Hyderabad,Fashion,Levi's Jeans,4,2499,5,9496.2
ORD000157,2026-04-10,Mumbai,Electronics,Sony WH-1000XM5,1,29999,10,26999.1
ORD000158,2025-01-17,Hyderabad,Electronics,OnePlus 12,1,64999,0,64999.0
ORD000159,2025-04-04,Pune,Electronics,OnePlus 12,2,64999,15,110498.3
ORD000160,2026-04-22,Kolkata,Electronics,Apple iPhone 15,1,79999,15,67999.15
ORD000161,2025-06-18,Hyderabad,Home,IKEA Study Table,1,12999,0,12999.0
ORD000162,2024-08-25,Ahmedabad,Home,IKEA Study Table,1,12999,0,12999.0
ORD000163,2024-06-10,Bengaluru,Home,IKEA Study Table,1,12999,0,12999.0
ORD000164,2024-12-05,Pune,Electronics,OnePlus 12,2,64999,10,116998.2
ORD000165,2025-12-13,Delhi,Electronics,Sony WH-1000XM5,1,29999,15,25499.15
ORD000166,2024-10-08,Hyderabad,Home,Philips Air Fryer,1,8999,15,7649.15
ORD000167,2025-07-01,Pune,Home,Philips Air Fryer,1,8999,0,8999.0
ORD000168,2025-09-09,Pune,Electronics,Sony WH-1000XM5,2,29999,10,53998.2
ORD000169,2025-03-11,Bengaluru,Electronics,OnePlus 12,1,64999,0,64999.0
ORD000170,2024-12-04,Hyderabad,Electronics,Apple iPhone 15,1,79999,15,67999.15
ORD000171,2025-09-30,Kolkata,Electronics,Apple iPhone 15,1,79999,10,71999.1
ORD000172,2024-12-31,Delhi,Electronics,Samsung Galaxy S24,2,74999,10,134998.2
ORD000173,2025-09-26,Bengaluru,Home,Philips Air Fryer,1,8999,5,8549.05
ORD000174,2024-09-25,Mumbai,Fashion,Levi's Jeans,2,2499,0,4998.0
ORD000175,2025-08-06,Kolkata,Electronics,OnePlus 12,2,64999,10,116998.2
ORD000176,2025-03-17,Ahmedabad,Electronics,Samsung Galaxy S24,1,74999,10,67499.1
ORD000177,2025-12-17,Kolkata,Fashion,Levi's Jeans,1,2499,15,2124.15
ORD000178,2024-12-29,Chennai,Electronics,Samsung Galaxy S24,1,74999,15,63749.15
ORD000179,2025-11-22,Mumbai,Fashion,Levi's Jeans,1,2499,5,2374.05
ORD000180,2024-07-23,Kolkata,Fashion,Levi's Jeans,1,2499,5,2374.05
ORD000181,2025-07-04,Ahmedabad,Home,IKEA Study Table,3,12999,5,37047.15
ORD000182,2025-07-14,Chennai,Home,IKEA Study Table,4,12999,15,44196.6
ORD000183,2026-02-26,Bengaluru,Home,Philips Air Fryer,1,8999,0,8999.0
ORD000184,2024-07-29,Hyderabad,Fashion,Nike Air Max,1,6999,15,5949.15
ORD000185,2025-07-19,Kolkata,Home,Philips Air Fryer,2,8999,0,17998.0
ORD000186,2025-03-03,Pune,Electronics,Samsung Galaxy S24,1,74999,10,67499.1
ORD000187,2026-02-23,Kolkata,Home,Philips Air Fryer,3,8999,0,26997.0
ORD000188,2025-10-07,Kolkata,Home,Philips Air Fryer,1,8999,10,8099.1
ORD000189,2024-08-17,Hyderabad,Home,IKEA Study Table,2,12999,5,24698.1
ORD000190,2024-12-13,Kolkata,Electronics,OnePlus 12,3,64999,15,165747.45
ORD000191,2026-04-30,Bengaluru,Electronics,Samsung Galaxy S24,1,74999,5,71249.05
ORD000192,2024-07-05,Pune,Fashion,Levi's Jeans,1,2499,15,2124.15
ORD000193,2024-06-14,Kolkata,Electronics,Sony WH-1000XM5,4,29999,0,119996.0
ORD000194,2024-10-08,Kolkata,Electronics,Samsung Galaxy S24,2,74999,5,142498.1
ORD000195,2026-05-06,Ahmedabad,Fashion,Levi's Jeans,1,2499,10,2249.1
ORD000196,2025-08-09,Kolkata,Home,IKEA Study Table,4,12999,5,49396.2
ORD000197,2025-09-29,Pune,Electronics,OnePlus 12,1,64999,5,61749.05
ORD000198,2025-05-16,Chennai,Fashion,Levi's Jeans,2,2499,15,4248.3
ORD000199,2024-08-05,Hyderabad,Fashion,Levi's Jeans,2,2499,10,4498.2
ORD000200,2025-08-22,Kolkata,Home,IKEA Study Table,3,12999,15,33147.45
ORD000201,2026-04-03,Kolkata,Fashion,Nike Air Max,1,6999,15,5949.15
ORD000202,2024-06-25,Ahmedabad,Fashion,Nike Air Max,3,6999,5,19947.15
ORD000203,2025-04-06,Mumbai,Electronics,Sony WH-1000XM5,3,29999,15,76497.45
ORD000204,2026-01-27,Ahmedabad,Fashion,Nike Air Max,2,6999,15,11898.3
ORD000205,2024-11-09,Bengaluru,Electronics,OnePlus 12,1,64999,0,64999.0
ORD000206,2025-04-20,Pune,Fashion,Nike Air Max,3,6999,15,17847.45
ORD000207,2025-06-13,Ahmedabad,Home,IKEA Study Table,1,12999,5,12349.05
ORD000208,2025-05-21,Chennai,Electronics,OnePlus 12,1,64999,10,58499.1
ORD000209,2025-08-21,Ahmedabad,Home,Philips Air Fryer,2,8999,10,16198.2
ORD000210,2024-10-07,Mumbai,Fashion,Nike Air Max,2,6999,15,11898.3
ORD000211,2025-07-02,Delhi,Electronics,Samsung Galaxy S24,1,74999,10,67499.1
ORD000212,2025-08-01,Pune,Electronics,Samsung Galaxy S24,1,74999,0,74999.0
ORD000213,2026-02-02,Mumbai,Home,IKEA Study Table,1,12999,10,11699.1
ORD000214,2026-01-16,Hyderabad,Electronics,Apple iPhone 15,1,79999,0,79999.0
ORD000215,2025-10-06,Delhi,Fashion,Nike Air Max,1,6999,5,6649.05
ORD000216,2026-01-30,Bengaluru,Home,Philips Air Fryer,1,8999,5,8549.05
ORD000217,2024-10-18,Delhi,Electronics,OnePlus 12,1,64999,15,55249.15
ORD000218,2025-01-09,Delhi,Home,IKEA Study Table,3,12999,5,37047.15
ORD000219,2026-02-27,Hyderabad,Home,IKEA Study Table,2,12999,15,22098.3
ORD000220,2025-09-29,Hyderabad,Electronics,Apple iPhone 15,3,79999,15,203997.45
ORD000221,2025-03-28,Hyderabad,Electronics,OnePlus 12,1,64999,10,58499.1
ORD000222,2026-01-13,Hyderabad,Home,Philips Air Fryer,2,8999,15,15298.3
ORD000223,2025-08-20,Pune,Electronics,Sony WH-1000XM5,4,29999,15,101996.6
ORD000224,2024-12-01,Hyderabad,Electronics,Sony WH-1000XM5,1,29999,10,26999.1
ORD000225,2024-11-11,Hyderabad,Fashion,Levi's Jeans,1,2499,15,2124.15
ORD000226,2024-12-25,Kolkata,Electronics,Apple iPhone 15,1,79999,0,79999.0
ORD000227,2025-11-18,Chennai,Fashion,Levi's Jeans,2,2499,5,4748.1
ORD000228,2025-05-17,Bengaluru,Electronics,Sony WH-1000XM5,2,29999,10,53998.2
ORD000229,2025-01-28,Hyderabad,Electronics,Samsung Galaxy S24,3,74999,0,224997.0
ORD000230,2025-02-11,Bengaluru,Home,IKEA Study Table,1,12999,10,11699.1
ORD000231,2024-11-14,Ahmedabad,Electronics,Samsung Galaxy S24,3,74999,10,202497.3
ORD000232,2026-02-17,Hyderabad,Electronics,OnePlus 12,1,64999,10,58499.1
ORD000233,2024-11-06,Hyderabad,Electronics,OnePlus 12,1,64999,15,55249.15
ORD000234,2024-11-21,Pune,Fashion,Nike Air Max,2,6999,15,11898.3
ORD000235,2026-06-08,Ahmedabad,Electronics,OnePlus 12,2,64999,5,123498.1
ORD000236,2024-10-20,Mumbai,Fashion,Nike Air Max,1,6999,15,5949.15
ORD000237,2026-03-27,Chennai,Fashion,Levi's Jeans,1,2499,15,2124.15
ORD000238,2024-07-15,Pune,Fashion,Levi's Jeans,1,2499,10,2249.1
ORD000239,2025-09-21,Delhi,Electronics,Sony WH-1000XM5,1,29999,10,26999.1
ORD000240,2026-04-11,Hyderabad,Electronics,Samsung Galaxy S24,2,74999,15,127498.3
ORD000241,2026-01-09,Mumbai,Home,Philips Air Fryer,1,8999,0,8999.0
ORD000242,2025-05-19,Pune,Fashion,Levi's Jeans,4,2499,0,9996.0
ORD000243,2026-05-08,Ahmedabad,Electronics,Sony WH-1000XM5,3,29999,5,85497.15
ORD000244,2025-10-05,Bengaluru,Home,IKEA Study Table,1,12999,15,11049.15
ORD000245,2025-05-11,Ahmedabad,Home,Philips Air Fryer,2,8999,15,15298.3
ORD000246,2024-11-07,Delhi,Fashion,Levi's Jeans,1,2499,10,2249.1
ORD000247,2024-08-23,Chennai,Home,IKEA Study Table,1,12999,5,12349.05
ORD000248,2026-02-23,Chennai,Electronics,Samsung Galaxy S24,4,74999,10,269996.4
ORD000249,2024-09-26,Pune,Electronics,Apple iPhone 15,1,79999,5,75999.05
ORD000250,2025-05-11,Mumbai,Home,IKEA Study Table,1,12999,5,12349.05
ORD000251,2025-06-27,Bengaluru,Electronics,Apple iPhone 15,2,79999,5,151998.1
ORD000252,2024-08-06,Delhi,Electronics,Sony WH-1000XM5,1,29999,5,28499.05
ORD000253,2024-10-20,Mumbai,Electronics,Sony WH-1000XM5,1,29999,5,28499.05
ORD000254,2026-04-16,Bengaluru,Fashion,Levi's Jeans,3,2499,5,7122.15
ORD000255,2025-06-21,Mumbai,Fashion,Levi's Jeans,2,2499,0,4998.0
ORD000256,2024-06-22,Chennai,Electronics,OnePlus 12,1,64999,5,61749.05
ORD000257,2024-07-22,Bengaluru,Electronics,Apple iPhone 15,1,79999,0,79999.0
ORD000258,2025-12-21,Kolkata,Home,Philips Air Fryer,1,8999,0,8999.0
ORD000259,2024-11-03,Kolkata,Home,IKEA Study Table,2,12999,0,25998.0
ORD000260,2025-11-20,Hyderabad,Electronics,Sony WH-1000XM5,3,29999,0,89997.0
ORD000261,2025-09-13,Mumbai,Home,IKEA Study Table,2,12999,0,25998.0
ORD000262,2025-01-01,Pune,Home,IKEA Study Table,2,12999,15,22098.3
ORD000263,2026-05-28,Pune,Home,IKEA Study Table,2,12999,15,22098.3
ORD000264,2026-04-16,Pune,Electronics,Samsung Galaxy S24,1,74999,5,71249.05
ORD000265,2024-06-15,Ahmedabad,Electronics,OnePlus 12,1,64999,10,58499.1
ORD000266,2025-12-24,Pune,Fashion,Levi's Jeans,1,2499,15,2124.15
ORD000267,2025-12-08,Ahmedabad,Electronics,Samsung Galaxy S24,3,74999,5,213747.15
ORD000268,2025-08-20,Chennai,Home,IKEA Study Table,3,12999,15,33147.45
ORD000269,2025-02-15,Chennai,Home,IKEA Study Table,1,12999,0,12999.0
ORD000270,2024-06-18,Chennai,Home,Philips Air Fryer,1,8999,10,8099.1
ORD000271,2025-08-03,Pune,Electronics,OnePlus 12,2,64999,15,110498.3
ORD000272,2025-10-29,Ahmedabad,Electronics,Samsung Galaxy S24,2,74999,0,149998.0
ORD000273,2024-06-15,Bengaluru,Electronics,Samsung Galaxy S24,2,74999,10,134998.2
ORD000274,2024-08-08,Pune,Electronics,Apple iPhone 15,1,79999,10,71999.1
ORD000275,2024-12-19,Mumbai,Home,Philips Air Fryer,1,8999,15,7649.15
ORD000276,2024-11-10,Pune,Fashion,Levi's Jeans,2,2499,10,4498.2
ORD000277,2025-02-05,Delhi,Electronics,Sony WH-1000XM5,1,29999,15,25499.15
ORD000278,2026-01-14,Pune,Electronics,Samsung Galaxy S24,1,74999,10,67499.1
ORD000279,2024-11-20,Mumbai,Fashion,Levi's Jeans,1,2499,15,2124.15
ORD000280,2025-10-10,Hyderabad,Fashion,Levi's Jeans,1,2499,10,2249.1
ORD000281,2024-09-14,Bengaluru,Fashion,Nike Air Max,1,6999,5,6649.05
ORD000282,2026-03-26,Pune,Home,Philips Air Fryer,1,8999,0,8999.0
ORD000283,2025-02-01,Chennai,Electronics,Sony WH-1000XM5,1,29999,15,25499.15
ORD000284,2024-12-11,Pune,Electronics,OnePlus 12,1,64999,10,58499.1
ORD000285,2024-12-20,Pune,Electronics,Apple iPhone 15,1,79999,0,79999.0
ORD000286,2026-04-11,Kolkata,Fashion,Levi's Jeans,1,2499,15,2124.15
ORD000287,2025-07-11,Pune,Home,IKEA Study Table,1,12999,5,12349.05
ORD000288,2024-08-11,Kolkata,Fashion,Nike Air Max,1,6999,10,6299.1
ORD000289,2024-08-28,Mumbai,Fashion,Levi's Jeans,1,2499,15,2124.15
ORD000290,2024-12-25,Bengaluru,Electronics,Apple iPhone 15,1,79999,5,75999.05
ORD000291,2025-04-30,Mumbai,Fashion,Levi's Jeans,1,2499,0,2499.0
ORD000292,2025-08-17,Bengaluru,Home,IKEA Study Table,2,12999,5,24698.1
ORD000293,2026-06-04,Chennai,Home,Philips Air Fryer,1,8999,5,8549.05
ORD000294,2025-09-11,Ahmedabad,Electronics,Samsung Galaxy S24,1,74999,0,74999.0
ORD000295,2024-08-07,Chennai,Electronics,Apple iPhone 15,1,79999,0,79999.0
ORD000296,2025-07-26,Hyderabad,Home,Philips Air Fryer,1,8999,15,7649.15
ORD000297,2025-02-05,Bengaluru,Electronics,Samsung Galaxy S24,1,74999,10,67499.1
ORD000298,2025-05-13,Pune,Home,IKEA Study Table,2,12999,10,23398.2
ORD000299,2025-06-21,Ahmedabad,Home,Philips Air Fryer,2,8999,5,17098.1
ORD000300,2026-01-09,Hyderabad,Home,Philips Air Fryer,1,8999,15,7649.15
ORD000301,2025-06-22,Pune,Fashion,Nike Air Max,1,6999,5,6649.05
ORD000302,2024-10-17,Chennai,Electronics,Samsung Galaxy S24,1,74999,5,71249.05
ORD000303,2025-10-25,Delhi,Fashion,Nike Air Max,2,6999,5,13298.1
ORD000304,2026-03-05,Bengaluru,Electronics,Samsung Galaxy S24,1,74999,5,71249.05
ORD000305,2025-08-02,Bengaluru,Electronics,OnePlus 12,2,64999,0,129998.0
ORD000306,2025-06-25,Chennai,Home,IKEA Study Table,1,12999,15,11049.15
ORD000307,2025-04-13,Kolkata,Fashion,Nike Air Max,1,6999,0,6999.0
ORD000308,2024-08-05,Mumbai,Home,IKEA Study Table,2,12999,10,23398.2
ORD000309,2025-12-15,Kolkata,Fashion,Nike Air Max,1,6999,10,6299.1
ORD000310,2025-06-08,Hyderabad,Home,IKEA Study Table,1,12999,10,11699.1
ORD000311,2026-04-21,Ahmedabad,Electronics,Samsung Galaxy S24,2,74999,0,149998.0
ORD000312,2026-05-27,Kolkata,Home,IKEA Study Table,1,12999,0,12999.0
ORD000313,2024-07-23,Bengaluru,Electronics,Sony WH-1000XM5,1,29999,15,25499.15
ORD000314,2025-10-20,Pune,Electronics,Apple iPhone 15,1,79999,10,71999.1
ORD000315,2024-07-13,Kolkata,Electronics,OnePlus 12,1,64999,15,55249.15
ORD000316,2026-03-01,Ahmedabad,Electronics,OnePlus 12,1,64999,10,58499.1
ORD000317,2025-10-17,Chennai,Home,Philips Air Fryer,2,8999,0,17998.0
ORD000318,2026-01-31,Hyderabad,Electronics,Samsung Galaxy S24,1,74999,15,63749.15
ORD000319,2024-12-22,Chennai,Fashion,Levi's Jeans,2,2499,5,4748.1
ORD000320,2024-08-30,Chennai,Electronics,Samsung Galaxy S24,1,74999,5,71249.05
ORD000321,2025-07-17,Bengaluru,Fashion,Levi's Jeans,4,2499,15,8496.6
ORD000322,2025-09-22,Chennai,Electronics,Samsung Galaxy S24,1,74999,15,63749.15
ORD000323,2025-04-25,Ahmedabad,Electronics,OnePlus 12,2,64999,0,129998.0
ORD000324,2024-10-20,Bengaluru,Fashion,Nike Air Max,1,6999,10,6299.1
ORD000325,2025-07-16,Delhi,Electronics,Sony WH-1000XM5,1,29999,15,25499.15
ORD000326,2025-09-26,Pune,Electronics,Sony WH-1000XM5,4,29999,5,113996.2
ORD000327,2025-05-26,Mumbai,Fashion,Levi's Jeans,2,2499,0,4998.0
ORD000328,2025-01-15,Ahmedabad,Fashion,Nike Air Max,3,6999,5,19947.15
ORD000329,2024-12-04,Kolkata,Electronics,OnePlus 12,1,64999,5,61749.05
ORD000330,2024-09-20,Kolkata,Electronics,Apple iPhone 15,1,79999,5,75999.05
ORD000331,2025-03-03,Delhi,Fashion,Levi's Jeans,2,2499,15,4248.3
ORD000332,2025-09-24,Delhi,Electronics,Sony WH-1000XM5,1,29999,15,25499.15
ORD000333,2026-04-15,Kolkata,Fashion,Nike Air Max,2,6999,15,11898.3
ORD000334,2026-03-07,Bengaluru,Fashion,Levi's Jeans,2,2499,15,4248.3
ORD000335,2024-12-15,Hyderabad,Electronics,Sony WH-1000XM5,2,29999,5,56998.1
ORD000336,2025-05-28,Pune,Electronics,Apple iPhone 15,2,79999,10,143998.2
ORD000337,2024-09-13,Hyderabad,Electronics,Samsung Galaxy S24,1,74999,5,71249.05
ORD000338,2024-09-06,Ahmedabad,Home,IKEA Study Table,3,12999,5,37047.15
ORD000339,2025-10-19,Kolkata,Electronics,Samsung Galaxy S24,3,74999,5,213747.15
ORD000340,2025-06-16,Mumbai,Fashion,Nike Air Max,3,6999,15,17847.45
ORD000341,2024-06-23,Ahmedabad,Home,Philips Air Fryer,1,8999,5,8549.05
ORD000342,2025-10-02,Chennai,Electronics,Samsung Galaxy S24,1,74999,0,74999.0
ORD000343,2025-08-24,Bengaluru,Electronics,Samsung Galaxy S24,2,74999,10,134998.2
ORD000344,2025-11-06,Bengaluru,Electronics,OnePlus 12,1,64999,15,55249.15
ORD000345,2025-02-07,Pune,Home,IKEA Study Table,1,12999,0,12999.0
ORD000346,2026-03-29,Ahmedabad,Electronics,Apple iPhone 15,1,79999,5,75999.05
ORD000347,2025-06-09,Hyderabad,Electronics,Samsung Galaxy S24,2,74999,5,142498.1
ORD000348,2024-07-07,Kolkata,Electronics,Samsung Galaxy S24,1,74999,15,63749.15
ORD000349,2024-12-05,Mumbai,Electronics,Samsung Galaxy S24,1,74999,15,63749.15
ORD000350,2025-03-07,Ahmedabad,Electronics,Sony WH-1000XM5,2,29999,10,53998.2
ORD000351,2025-12-11,Ahmedabad,Electronics,Apple iPhone 15,2,79999,5,151998.1
ORD000352,2026-03-14,Chennai,Electronics,OnePlus 12,2,64999,0,129998.0
ORD000353,2025-03-25,Ahmedabad,Electronics,Samsung Galaxy S24,4,74999,0,299996.0
ORD000354,2025-06-08,Chennai,Home,IKEA Study Table,1,12999,15,11049.15
ORD000355,2024-09-25,Pune,Fashion,Levi's Jeans,2,2499,10,4498.2
ORD000356,2024-09-02,Chennai,Fashion,Nike Air Max,1,6999,0,6999.0
ORD000357,2026-06-02,Bengaluru,Electronics,OnePlus 12,1,64999,10,58499.1
ORD000358,2026-04-11,Bengaluru,Home,IKEA Study Table,4,12999,15,44196.6
ORD000359,2025-09-22,Mumbai,Electronics,OnePlus 12,1,64999,15,55249.15
ORD000360,2026-03-14,Mumbai,Fashion,Levi's Jeans,1,2499,5,2374.05
ORD000361,2026-04-04,Kolkata,Fashion,Nike Air Max,3,6999,15,17847.45
ORD000362,2025-02-12,Hyderabad,Fashion,Levi's Jeans,1,2499,5,2374.05
ORD000363,2026-01-08,Chennai,Fashion,Nike Air Max,3,6999,0,20997.0
ORD000364,2024-12-13,Ahmedabad,Fashion,Levi's Jeans,1,2499,10,2249.1
ORD000365,2024-11-08,Chennai,Home,Philips Air Fryer,2,8999,15,15298.3
ORD000366,2024-11-21,Chennai,Electronics,OnePlus 12,1,64999,15,55249.15
ORD000367,2025-06-28,Pune,Fashion,Levi's Jeans,2,2499,15,4248.3
ORD000368,2025-07-17,Hyderabad,Home,Philips Air Fryer,2,8999,5,17098.1
ORD000369,2025-09-12,Hyderabad,Fashion,Nike Air Max,1,6999,10,6299.1
ORD000370,2025-04-11,Bengaluru,Fashion,Levi's Jeans,1,2499,15,2124.15
ORD000371,2025-09-21,Chennai,Home,IKEA Study Table,1,12999,0,12999.0
ORD000372,2025-03-20,Pune,Home,Philips Air Fryer,1,8999,0,8999.0
ORD000373,2024-09-11,Mumbai,Home,Philips Air Fryer,1,8999,5,8549.05
ORD000374,2026-03-16,Mumbai,Electronics,OnePlus 12,2,64999,15,110498.3
ORD000375,2026-03-01,Chennai,Electronics,OnePlus 12,1,64999,10,58499.1
ORD000376,2025-03-19,Bengaluru,Home,Philips Air Fryer,3,8999,0,26997.0
ORD000377,2025-09-23,Kolkata,Home,IKEA Study Table,3,12999,10,35097.3
ORD000378,2025-01-26,Ahmedabad,Electronics,Samsung Galaxy S24,1,74999,10,67499.1
ORD000379,2026-05-21,Pune,Fashion,Nike Air Max,2,6999,5,13298.1
ORD000380,2025-02-15,Ahmedabad,Electronics,Apple iPhone 15,2,79999,15,135998.3
ORD000381,2026-01-01,Kolkata,Electronics,Samsung Galaxy S24,1,74999,10,67499.1
ORD000382,2024-07-11,Kolkata,Electronics,Sony WH-1000XM5,4,29999,10,107996.4
ORD000383,2024-08-29,Kolkata,Electronics,Sony WH-1000XM5,1,29999,0,29999.0
ORD000384,2024-09-26,Pune,Electronics,OnePlus 12,3,64999,15,165747.45
ORD000385,2025-01-10,Hyderabad,Fashion,Nike Air Max,2,6999,0,13998.0
ORD000386,2025-11-29,Chennai,Fashion,Levi's Jeans,3,2499,5,7122.15
ORD000387,2024-10-29,Bengaluru,Electronics,Sony WH-1000XM5,1,29999,5,28499.05
ORD000388,2025-09-17,Chennai,Electronics,Sony WH-1000XM5,2,29999,0,59998.0
ORD000389,2025-01-14,Pune,Fashion,Nike Air Max,1,6999,5,6649.05
ORD000390,2025-10-26,Ahmedabad,Electronics,Samsung Galaxy S24,1,74999,15,63749.15
ORD000391,2026-03-09,Bengaluru,Home,Philips Air Fryer,2,8999,0,17998.0
ORD000392,2025-08-03,Kolkata,Fashion,Nike Air Max,2,6999,15,11898.3
ORD000393,2025-11-26,Bengaluru,Fashion,Nike Air Max,1,6999,5,6649.05
ORD000394,2024-12-02,Pune,Home,Philips Air Fryer,1,8999,0,8999.0
ORD000395,2025-05-02,Chennai,Electronics,OnePlus 12,1,64999,5,61749.05
ORD000396,2025-11-19,Pune,Electronics,Sony WH-1000XM5,1,29999,10,26999.1
ORD000397,2024-12-16,Bengaluru,Fashion,Levi's Jeans,1,2499,10,2249.1
ORD000398,2025-12-27,Bengaluru,Fashion,Levi's Jeans,2,2499,0,4998.0
ORD000399,2025-04-27,Mumbai,Electronics,OnePlus 12,1,64999,10,58499.1
ORD000400,2025-02-13,Delhi,Electronics,Apple iPhone 15,1,79999,10,71999.1
ORD000401,2024-08-16,Kolkata,Home,Philips Air Fryer,2,8999,0,17998.0
ORD000402,2026-04-29,Kolkata,Fashion,Levi's Jeans,2,2499,10,4498.2
ORD000403,2025-05-25,Hyderabad,Electronics,Sony WH-1000XM5,2,29999,15,50998.3
ORD000404,2024-06-17,Bengaluru,Home,IKEA Study Table,1,12999,0,12999.0
ORD000405,2026-01-19,Delhi,Home,IKEA Study Table,1,12999,15,11049.15
ORD000406,2026-02-06,Chennai,Fashion,Nike Air Max,2,6999,10,12598.2
ORD000407,2026-01-11,Chennai,Fashion,Nike Air Max,4,6999,5,26596.2
ORD000408,2025-08-10,Pune,Electronics,Samsung Galaxy S24,1,74999,15,63749.15
ORD000409,2025-12-31,Pune,Fashion,Levi's Jeans,1,2499,5,2374.05
ORD000410,2025-07-26,Ahmedabad,Electronics,Apple iPhone 15,1,79999,15,67999.15
ORD000411,2025-07-30,Chennai,Electronics,Sony WH-1000XM5,4,29999,5,113996.2
ORD000412,2025-10-19,Kolkata,Fashion,Nike Air Max,1,6999,5,6649.05
ORD000413,2026-03-03,Kolkata,Home,IKEA Study Table,1,12999,10,11699.1
ORD000414,2024-06-19,Kolkata,Electronics,Apple iPhone 15,1,79999,15,67999.15
ORD000415,2025-06-02,Mumbai,Electronics,Sony WH-1000XM5,1,29999,10,26999.1
ORD000416,2024-12-24,Hyderabad,Electronics,Apple iPhone 15,1,79999,15,67999.15
ORD000417,2025-02-05,Bengaluru,Electronics,Apple iPhone 15,2,79999,15,135998.3
ORD000418,2026-03-02,Chennai,Fashion,Levi's Jeans,2,2499,15,4248.3
ORD000419,2025-05-16,Chennai,Electronics,Apple iPhone 15,1,79999,5,75999.05
ORD000420,2026-03-25,Hyderabad,Fashion,Levi's Jeans,1,2499,15,2124.15
ORD000421,2024-11-16,Ahmedabad,Electronics,Samsung Galaxy S24,1,74999,0,74999.0
ORD000422,2025-08-11,Chennai,Fashion,Nike Air Max,2,6999,10,12598.2
ORD000423,2025-04-14,Mumbai,Electronics,OnePlus 12,1,64999,15,55249.15
ORD000424,2025-03-09,Kolkata,Electronics,Apple iPhone 15,1,79999,10,71999.1
ORD000425,2025-05-26,Chennai,Home,IKEA Study Table,1,12999,5,12349.05
ORD000426,2024-07-15,Chennai,Fashion,Nike Air Max,1,6999,10,6299.1
ORD000427,2025-10-26,Kolkata,Home,IKEA Study Table,2,12999,10,23398.2
ORD000428,2024-11-13,Ahmedabad,Electronics,Apple iPhone 15,1,79999,0,79999.0
ORD000429,2025-11-12,Kolkata,Fashion,Levi's Jeans,2,2499,0,4998.0
ORD000430,2025-10-20,Mumbai,Fashion,Levi's Jeans,4,2499,5,9496.2
ORD000431,2024-08-22,Bengaluru,Home,IKEA Study Table,1,12999,15,11049.15
ORD000432,2024-08-03,Delhi,Electronics,Sony WH-1000XM5,1,29999,0,29999.0
ORD000433,2026-05-02,Bengaluru,Electronics,Apple iPhone 15,1,79999,15,67999.15
ORD000434,2024-07-15,Kolkata,Home,Philips Air Fryer,2,8999,15,15298.3
ORD000435,2025-02-18,Chennai,Electronics,Apple iPhone 15,2,79999,5,151998.1
ORD000436,2026-02-04,Bengaluru,Home,IKEA Study Table,1,12999,10,11699.1
ORD000437,2025-04-22,Chennai,Home,IKEA Study Table,3,12999,10,35097.3
ORD000438,2025-10-13,Delhi,Fashion,Levi's Jeans,2,2499,5,4748.1
ORD000439,2026-03-20,Hyderabad,Fashion,Levi's Jeans,1,2499,5,2374.05
ORD000440,2026-04-23,Chennai,Fashion,Levi's Jeans,2,2499,15,4248.3
ORD000441,2025-10-11,Hyderabad,Home,IKEA Study Table,1,12999,10,11699.1
ORD000442,2025-05-06,Ahmedabad,Electronics,Samsung Galaxy S24,1,74999,15,63749.15
ORD000443,2025-04-26,Hyderabad,Fashion,Nike Air Max,4,6999,5,26596.2
ORD000444,2025-07-11,Chennai,Electronics,Apple iPhone 15,1,79999,0,79999.0
ORD000445,2025-04-18,Delhi,Home,IKEA Study Table,2,12999,15,22098.3
ORD000446,2025-12-21,Hyderabad,Electronics,Sony WH-1000XM5,2,29999,10,53998.2
ORD000447,2025-01-22,Delhi,Electronics,OnePlus 12,1,64999,5,61749.05
ORD000448,2025-11-24,Delhi,Electronics,Apple iPhone 15,2,79999,5,151998.1
ORD000449,2025-06-02,Kolkata,Electronics,Apple iPhone 15,1,79999,10,71999.1
ORD000450,2025-02-21,Mumbai,Electronics,Samsung Galaxy S24,2,74999,5,142498.1
ORD000451,2025-12-10,Kolkata,Electronics,OnePlus 12,1,64999,15,55249.15
ORD000452,2025-05-07,Chennai,Electronics,Sony WH-1000XM5,2,29999,10,53998.2
ORD000453,2026-02-06,Delhi,Fashion,Levi's Jeans,2,2499,0,4998.0
ORD000454,2024-09-19,Ahmedabad,Electronics,Apple iPhone 15,3,79999,5,227997.15
ORD000455,2024-12-13,Ahmedabad,Electronics,OnePlus 12,3,64999,0,194997.0
ORD000456,2024-06-27,Mumbai,Home,IKEA Study Table,1,12999,10,11699.1
ORD000457,2025-02-18,Chennai,Electronics,Apple iPhone 15,1,79999,0,79999.0
ORD000458,2026-06-05,Bengaluru,Fashion,Levi's Jeans,1,2499,15,2124.15
ORD000459,2026-01-17,Chennai,Home,IKEA Study Table,1,12999,0,12999.0
ORD000460,2025-02-19,Bengaluru,Electronics,OnePlus 12,2,64999,10,116998.2
ORD000461,2024-06-29,Delhi,Electronics,Apple iPhone 15,2,79999,10,143998.2
ORD000462,2026-05-14,Ahmedabad,Electronics,OnePlus 12,2,64999,15,110498.3
ORD000463,2024-07-01,Bengaluru,Fashion,Nike Air Max,1,6999,0,6999.0
ORD000464,2026-03-31,Mumbai,Electronics,OnePlus 12,1,64999,5,61749.05
ORD000465,2025-11-24,Hyderabad,Fashion,Levi's Jeans,1,2499,15,2124.15
ORD000466,2024-10-27,Hyderabad,Fashion,Nike Air Max,1,6999,0,6999.0
ORD000467,2024-10-06,Pune,Fashion,Nike Air Max,2,6999,0,13998.0
ORD000468,2024-07-16,Hyderabad,Home,IKEA Study Table,1,12999,15,11049.15
ORD000469,2025-03-08,Chennai,Electronics,Samsung Galaxy S24,2,74999,10,134998.2
ORD000470,2025-04-03,Kolkata,Electronics,Sony WH-1000XM5,1,29999,5,28499.05
ORD000471,2025-08-19,Ahmedabad,Electronics,OnePlus 12,1,64999,10,58499.1
ORD000472,2024-09-08,Delhi,Home,IKEA Study Table,2,12999,5,24698.1
ORD000473,2025-08-13,Pune,Electronics,Samsung Galaxy S24,1,74999,10,67499.1
ORD000474,2025-07-03,Bengaluru,Electronics,Samsung Galaxy S24,1,74999,5,71249.05
ORD000475,2025-05-04,Pune,Electronics,OnePlus 12,1,64999,15,55249.15
ORD000476,2025-02-18,Pune,Electronics,Sony WH-1000XM5,2,29999,15,50998.3
ORD000477,2025-08-31,Bengaluru,Home,IKEA Study Table,2,12999,15,22098.3
ORD000478,2025-03-03,Kolkata,Home,Philips Air Fryer,1,8999,0,8999.0
ORD000479,2026-04-17,Hyderabad,Fashion,Levi's Jeans,2,2499,15,4248.3
ORD000480,2026-01-15,Mumbai,Electronics,Apple iPhone 15,2,79999,0,159998.0
ORD000481,2025-06-30,Mumbai,Home,Philips Air Fryer,1,8999,0,8999.0
ORD000482,2026-06-05,Mumbai,Electronics,Samsung Galaxy S24,4,74999,15,254996.6
ORD000483,2025-05-02,Ahmedabad,Fashion,Levi's Jeans,1,2499,5,2374.05
ORD000484,2025-08-09,Kolkata,Fashion,Nike Air Max,4,6999,15,23796.6
ORD000485,2025-05-09,Chennai,Home,Philips Air Fryer,1,8999,5,8549.05
ORD000486,2025-03-08,Bengaluru,Electronics,Samsung Galaxy S24,1,74999,15,63749.15
ORD000487,2026-04-18,Hyderabad,Electronics,Sony WH-1000XM5,2,29999,0,59998.0
ORD000488,2025-03-02,Ahmedabad,Home,IKEA Study Table,2,12999,15,22098.3
ORD000489,2025-02-01,Bengaluru,Electronics,Sony WH-1000XM5,1,29999,10,26999.1
ORD000490,2025-11-04,Mumbai,Fashion,Levi's Jeans,1,2499,0,2499.0
ORD000491,2024-07-05,Delhi,Home,Philips Air Fryer,2,8999,0,17998.0
ORD000492,2025-08-25,Kolkata,Electronics,Sony WH-1000XM5,1,29999,0,29999.0
ORD000493,2026-04-25,Ahmedabad,Electronics,Apple iPhone 15,1,79999,0,79999.0
ORD000494,2025-03-10,Mumbai,Home,IKEA Study Table,1,12999,5,12349.05
ORD000495,2026-05-16,Delhi,Electronics,OnePlus 12,1,64999,10,58499.1
ORD000496,2026-03-07,Delhi,Fashion,Nike Air Max,1,6999,10,6299.1
ORD000497,2026-03-15,Ahmedabad,Fashion,Levi's Jeans,3,2499,5,7122.15
ORD000498,2026-04-28,Ahmedabad,Fashion,Levi's Jeans,1,2499,5,2374.05
ORD000499,2024-10-07,Ahmedabad,Home,IKEA Study Table,1,12999,10,11699.1
ORD000500,2026-05-06,Bengaluru,Fashion,Nike Air Max,2,6999,15,11898.3
ORD000501,2024-07-15,Delhi,Fashion,Levi's Jeans,1,2499,15,2124.15
ORD000502,2024-07-31,Kolkata,Electronics,Sony WH-1000XM5,1,29999,5,28499.05
ORD000503,2024-10-05,Bengaluru,Electronics,Apple iPhone 15,1,79999,15,67999.15
ORD000504,2025-02-18,Chennai,Home,Philips Air Fryer,1,8999,5,8549.05
ORD000505,2025-09-30,Pune,Electronics,Samsung Galaxy S24,3,74999,10,202497.3
ORD000506,2025-04-26,Mumbai,Electronics,Sony WH-1000XM5,1,29999,15,25499.15
ORD000507,2024-07-21,Kolkata,Electronics,Samsung Galaxy S24,1,74999,5,71249.05
ORD000508,2026-02-08,Hyderabad,Electronics,Sony WH-1000XM5,3,29999,10,80997.3
ORD000509,2025-09-30,Pune,Electronics,Apple iPhone 15,1,79999,5,75999.05
ORD000510,2026-03-30,Ahmedabad,Home,IKEA Study Table,3,12999,5,37047.15
ORD000511,2026-04-29,Ahmedabad,Electronics,Sony WH-1000XM5,1,29999,10,26999.1
ORD000512,2025-10-07,Hyderabad,Home,IKEA Study Table,1,12999,10,11699.1
ORD000513,2025-11-28,Kolkata,Fashion,Levi's Jeans,1,2499,15,2124.15
ORD000514,2026-03-20,Chennai,Electronics,Samsung Galaxy S24,2,74999,15,127498.3
ORD000515,2025-10-08,Mumbai,Electronics,Sony WH-1000XM5,1,29999,15,25499.15
ORD000516,2026-04-22,Hyderabad,Electronics,Sony WH-1000XM5,2,29999,0,59998.0
ORD000517,2025-11-01,Chennai,Home,Philips Air Fryer,1,8999,5,8549.05
ORD000518,2025-10-04,Kolkata,Electronics,Sony WH-1000XM5,1,29999,5,28499.05
ORD000519,2025-11-20,Kolkata,Fashion,Nike Air Max,1,6999,15,5949.15
ORD000520,2025-02-19,Bengaluru,Home,IKEA Study Table,1,12999,10,11699.1
ORD000521,2025-11-05,Bengaluru,Electronics,OnePlus 12,2,64999,15,110498.3
ORD000522,2024-07-12,Mumbai,Electronics,Apple iPhone 15,1,79999,0,79999.0
ORD000523,2026-02-02,Pune,Electronics,Apple iPhone 15,1,79999,5,75999.05
ORD000524,2024-10-28,Chennai,Electronics,OnePlus 12,1,64999,15,55249.15
ORD000525,2026-03-20,Kolkata,Electronics,Apple iPhone 15,2,79999,15,135998.3
ORD000526,2025-12-12,Mumbai,Electronics,Apple iPhone 15,1,79999,15,67999.15
ORD000527,2026-01-20,Hyderabad,Electronics,Apple iPhone 15,1,79999,10,71999.1
ORD000528,2026-05-13,Bengaluru,Electronics,Apple iPhone 15,1,79999,15,67999.15
ORD000529,2024-08-06,Delhi,Electronics,Samsung Galaxy S24,3,74999,5,213747.15
ORD000530,2026-02-12,Chennai,Electronics,Sony WH-1000XM5,2,29999,10,53998.2
ORD000531,2025-03-20,Chennai,Fashion,Levi's Jeans,2,2499,0,4998.0
ORD000532,2024-12-29,Delhi,Home,Philips Air Fryer,1,8999,5,8549.05
ORD000533,2024-10-17,Mumbai,Fashion,Levi's Jeans,2,2499,0,4998.0
ORD000534,2026-05-18,Kolkata,Electronics,Samsung Galaxy S24,1,74999,15,63749.15
ORD000535,2025-11-16,Pune,Electronics,Apple iPhone 15,2,79999,5,151998.1
ORD000536,2024-10-26,Pune,Home,IKEA Study Table,2,12999,10,23398.2
ORD000537,2025-01-01,Hyderabad,Electronics,Apple iPhone 15,1,79999,15,67999.15
ORD000538,2025-10-29,Mumbai,Electronics,Apple iPhone 15,3,79999,10,215997.3
ORD000539,2024-07-24,Mumbai,Electronics,OnePlus 12,3,64999,10,175497.3
ORD000540,2024-08-09,Pune,Electronics,Sony WH-1000XM5,1,29999,15,25499.15
ORD000541,2025-12-01,Ahmedabad,Fashion,Levi's Jeans,1,2499,5,2374.05
ORD000542,2024-09-27,Pune,Fashion,Nike Air Max,1,6999,5,6649.05
ORD000543,2024-12-12,Delhi,Fashion,Nike Air Max,1,6999,15,5949.15
ORD000544,2024-10-06,Chennai,Electronics,Samsung Galaxy S24,1,74999,15,63749.15
ORD000545,2024-11-15,Kolkata,Electronics,Apple iPhone 15,2,79999,15,135998.3
ORD000546,2025-07-17,Ahmedabad,Electronics,Sony WH-1000XM5,1,29999,15,25499.15
ORD000547,2025-04-15,Pune,Electronics,OnePlus 12,2,64999,15,110498.3
ORD000548,2025-04-27,Pune,Fashion,Levi's Jeans,2,2499,0,4998.0
ORD000549,2025-09-13,Ahmedabad,Fashion,Levi's Jeans,1,2499,5,2374.05
ORD000550,2025-05-25,Mumbai,Fashion,Nike Air Max,1,6999,0,6999.0
ORD000551,2024-08-19,Pune,Fashion,Levi's Jeans,1,2499,10,2249.1
ORD000552,2025-06-02,Kolkata,Electronics,OnePlus 12,1,64999,15,55249.15
ORD000553,2024-10-10,Chennai,Home,Philips Air Fryer,1,8999,0,8999.0
ORD000554,2025-01-22,Ahmedabad,Electronics,Samsung Galaxy S24,1,74999,10,67499.1
ORD000555,2025-03-29,Pune,Electronics,Apple iPhone 15,1,79999,15,67999.15
ORD000556,2025-12-07,Ahmedabad,Electronics,Sony WH-1000XM5,1,29999,5,28499.05
ORD000557,2025-11-05,Hyderabad,Electronics,OnePlus 12,1,64999,10,58499.1
ORD000558,2026-05-18,Ahmedabad,Home,IKEA Study Table,1,12999,5,12349.05
ORD000559,2025-03-25,Pune,Fashion,Levi's Jeans,1,2499,15,2124.15
ORD000560,2025-02-12,Kolkata,Fashion,Nike Air Max,1,6999,5,6649.05
ORD000561,2025-04-11,Hyderabad,Electronics,Sony WH-1000XM5,1,29999,5,28499.05
ORD000562,2025-07-09,Ahmedabad,Electronics,Apple iPhone 15,3,79999,10,215997.3
ORD000563,2025-10-28,Bengaluru,Fashion,Nike Air Max,1,6999,15,5949.15
ORD000564,2026-05-13,Kolkata,Fashion,Levi's Jeans,1,2499,5,2374.05
ORD000565,2024-10-04,Chennai,Fashion,Nike Air Max,1,6999,15,5949.15
ORD000566,2024-07-07,Delhi,Fashion,Levi's Jeans,2,2499,15,4248.3
ORD000567,2024-07-02,Chennai,Fashion,Nike Air Max,1,6999,15,5949.15
ORD000568,2024-10-04,Bengaluru,Electronics,Samsung Galaxy S24,3,74999,5,213747.15
ORD000569,2024-10-02,Delhi,Electronics,Apple iPhone 15,4,79999,15,271996.6
ORD000570,2026-05-10,Ahmedabad,Home,IKEA Study Table,2,12999,0,25998.0
ORD000571,2025-12-21,Delhi,Home,IKEA Study Table,1,12999,10,11699.1
ORD000572,2025-06-29,Ahmedabad,Fashion,Levi's Jeans,2,2499,15,4248.3
ORD000573,2025-10-31,Ahmedabad,Electronics,Samsung Galaxy S24,1,74999,15,63749.15
ORD000574,2026-05-29,Pune,Home,Philips Air Fryer,1,8999,10,8099.1
ORD000575,2026-02-01,Bengaluru,Electronics,Samsung Galaxy S24,2,74999,10,134998.2
ORD000576,2025-04-19,Chennai,Electronics,Apple iPhone 15,1,79999,15,67999.15
ORD000577,2025-08-13,Hyderabad,Home,Philips Air Fryer,1,8999,0,8999.0
ORD000578,2025-02-03,Kolkata,Electronics,Sony WH-1000XM5,1,29999,5,28499.05
ORD000579,2026-04-18,Chennai,Fashion,Nike Air Max,1,6999,5,6649.05
ORD000580,2025-07-10,Ahmedabad,Electronics,Apple iPhone 15,1,79999,10,71999.1
ORD000581,2024-12-20,Chennai,Electronics,Samsung Galaxy S24,1,74999,5,71249.05
ORD000582,2025-05-16,Kolkata,Fashion,Levi's Jeans,1,2499,5,2374.05
ORD000583,2025-03-09,Kolkata,Fashion,Nike Air Max,1,6999,15,5949.15
ORD000584,2025-04-06,Pune,Fashion,Nike Air Max,1,6999,0,6999.0
ORD000585,2025-08-04,Bengaluru,Electronics,Apple iPhone 15,2,79999,0,159998.0
ORD000586,2025-07-19,Chennai,Electronics,Sony WH-1000XM5,1,29999,5,28499.05
ORD000587,2026-05-03,Ahmedabad,Home,Philips Air Fryer,4,8999,5,34196.2
ORD000588,2025-03-03,Ahmedabad,Electronics,OnePlus 12,1,64999,15,55249.15
ORD000589,2024-06-28,Kolkata,Electronics,Apple iPhone 15,2,79999,5,151998.1
ORD000590,2024-07-23,Delhi,Home,Philips Air Fryer,1,8999,5,8549.05
ORD000591,2024-12-17,Pune,Fashion,Levi's Jeans,2,2499,0,4998.0
ORD000592,2024-07-03,Kolkata,Electronics,OnePlus 12,1,64999,5,61749.05
ORD000593,2025-08-10,Chennai,Electronics,Samsung Galaxy S24,1,74999,15,63749.15
ORD000594,2026-05-24,Chennai,Home,Philips Air Fryer,2,8999,0,17998.0
ORD000595,2026-02-14,Hyderabad,Fashion,Nike Air Max,2,6999,5,13298.1
ORD000596,2026-04-04,Pune,Electronics,Samsung Galaxy S24,2,74999,10,134998.2
ORD000597,2025-10-10,Chennai,Electronics,Sony WH-1000XM5,1,29999,5,28499.05
ORD000598,2025-03-06,Bengaluru,Electronics,OnePlus 12,1,64999,15,55249.15
ORD000599,2025-09-10,Bengaluru,Home,Philips Air Fryer,1,8999,15,7649.15
ORD000600,2024-12-05,Bengaluru,Electronics,OnePlus 12,1,64999,5,61749.05
ORD000601,2024-11-29,Chennai,Fashion,Nike Air Max,2,6999,0,13998.0
ORD000602,2025-12-12,Ahmedabad,Electronics,Apple iPhone 15,1,79999,5,75999.05
ORD000603,2024-08-01,Ahmedabad,Home,IKEA Study Table,1,12999,15,11049.15
ORD000604,2025-06-03,Mumbai,Home,IKEA Study Table,1,12999,0,12999.0
ORD000605,2024-10-21,Delhi,Electronics,Sony WH-1000XM5,1,29999,10,26999.1
ORD000606,2025-09-28,Kolkata,Fashion,Levi's Jeans,1,2499,15,2124.15
ORD000607,2026-03-16,Chennai,Electronics,Samsung Galaxy S24,1,74999,10,67499.1
ORD000608,2024-12-26,Delhi,Electronics,Apple iPhone 15,2,79999,15,135998.3
ORD000609,2026-02-21,Hyderabad,Home,Philips Air Fryer,1,8999,5,8549.05
ORD000610,2026-03-09,Pune,Electronics,Apple iPhone 15,1,79999,10,71999.1
ORD000611,2025-02-06,Delhi,Home,IKEA Study Table,3,12999,0,38997.0
ORD000612,2025-01-05,Ahmedabad,Electronics,Sony WH-1000XM5,2,29999,10,53998.2
ORD000613,2024-07-29,Delhi,Electronics,OnePlus 12,2,64999,5,123498.1
ORD000614,2024-11-03,Bengaluru,Electronics,Apple iPhone 15,1,79999,10,71999.1
ORD000615,2025-08-14,Hyderabad,Fashion,Nike Air Max,4,6999,10,25196.4
ORD000616,2026-05-18,Bengaluru,Fashion,Levi's Jeans,4,2499,0,9996.0
ORD000617,2025-12-31,Bengaluru,Home,Philips Air Fryer,3,8999,10,24297.3
ORD000618,2025-08-13,Delhi,Electronics,OnePlus 12,1,64999,10,58499.1
ORD000619,2024-09-14,Ahmedabad,Home,Philips Air Fryer,1,8999,10,8099.1
ORD000620,2025-12-08,Ahmedabad,Home,Philips Air Fryer,1,8999,0,8999.0
ORD000621,2025-06-30,Kolkata,Fashion,Levi's Jeans,2,2499,10,4498.2
ORD000622,2024-11-17,Pune,Home,IKEA Study Table,1,12999,0,12999.0
ORD000623,2025-12-06,Pune,Home,IKEA Study Table,2,12999,10,23398.2
ORD000624,2024-08-24,Delhi,Home,Philips Air Fryer,1,8999,15,7649.15
ORD000625,2025-08-30,Chennai,Home,IKEA Study Table,1,12999,10,11699.1
ORD000626,2025-12-09,Chennai,Electronics,OnePlus 12,1,64999,15,55249.15
ORD000627,2026-04-16,Mumbai,Electronics,Apple iPhone 15,1,79999,15,67999.15
ORD000628,2024-09-13,Kolkata,Electronics,Samsung Galaxy S24,3,74999,5,213747.15
ORD000629,2024-08-18,Delhi,Home,IKEA Study Table,1,12999,15,11049.15
ORD000630,2024-07-10,Bengaluru,Electronics,OnePlus 12,3,64999,10,175497.3
ORD000631,2025-04-02,Hyderabad,Fashion,Levi's Jeans,1,2499,10,2249.1
ORD000632,2024-06-30,Mumbai,Electronics,Samsung Galaxy S24,1,74999,5,71249.05
ORD000633,2025-05-02,Ahmedabad,Home,Philips Air Fryer,2,8999,5,17098.1
ORD000634,2024-07-04,Delhi,Electronics,Samsung Galaxy S24,2,74999,0,149998.0
ORD000635,2025-09-08,Kolkata,Home,IKEA Study Table,1,12999,5,12349.05
ORD000636,2026-04-20,Pune,Electronics,Apple iPhone 15,1,79999,10,71999.1
ORD000637,2024-11-30,Pune,Home,Philips Air Fryer,2,8999,15,15298.3
ORD000638,2025-03-21,Pune,Electronics,Sony WH-1000XM5,1,29999,0,29999.0
ORD000639,2025-07-11,Bengaluru,Fashion,Nike Air Max,1,6999,10,6299.1
ORD000640,2025-02-05,Bengaluru,Home,Philips Air Fryer,2,8999,5,17098.1
ORD000641,2025-04-08,Bengaluru,Electronics,Samsung Galaxy S24,1,74999,0,74999.0
ORD000642,2024-06-17,Bengaluru,Home,IKEA Study Table,1,12999,5,12349.05
ORD000643,2024-10-08,Delhi,Home,Philips Air Fryer,2,8999,15,15298.3
ORD000644,2024-09-11,Pune,Electronics,Samsung Galaxy S24,3,74999,5,213747.15
ORD000645,2026-06-01,Chennai,Home,Philips Air Fryer,1,8999,15,7649.15
ORD000646,2025-02-27,Delhi,Electronics,OnePlus 12,1,64999,0,64999.0
ORD000647,2026-02-27,Hyderabad,Fashion,Levi's Jeans,2,2499,0,4998.0
ORD000648,2026-04-16,Ahmedabad,Electronics,Sony WH-1000XM5,1,29999,5,28499.05
ORD000649,2024-10-12,Kolkata,Fashion,Levi's Jeans,2,2499,5,4748.1
ORD000650,2026-04-24,Pune,Home,Philips Air Fryer,1,8999,15,7649.15
ORD000651,2025-08-01,Bengaluru,Electronics,Apple iPhone 15,4,79999,10,287996.4
ORD000652,2025-04-30,Chennai,Home,Philips Air Fryer,3,8999,15,22947.45
ORD000653,2025-03-17,Mumbai,Electronics,OnePlus 12,2,64999,0,129998.0
ORD000654,2024-06-08,Mumbai,Electronics,Samsung Galaxy S24,1,74999,5,71249.05
ORD000655,2024-10-01,Hyderabad,Electronics,Apple iPhone 15,3,79999,15,203997.45
ORD000656,2025-12-18,Pune,Home,Philips Air Fryer,1,8999,15,7649.15
ORD000657,2024-10-29,Pune,Electronics,OnePlus 12,1,64999,10,58499.1
ORD000658,2026-02-10,Chennai,Electronics,Sony WH-1000XM5,4,29999,5,113996.2
ORD000659,2024-07-16,Hyderabad,Home,Philips Air Fryer,1,8999,0,8999.0
ORD000660,2026-04-05,Mumbai,Home,Philips Air Fryer,2,8999,5,17098.1
ORD000661,2025-10-29,Pune,Electronics,Sony WH-1000XM5,1,29999,15,25499.15
ORD000662,2026-03-22,Hyderabad,Home,IKEA Study Table,2,12999,0,25998.0
ORD000663,2025-07-21,Mumbai,Electronics,OnePlus 12,1,64999,5,61749.05
ORD000664,2024-12-04,Hyderabad,Electronics,OnePlus 12,1,64999,10,58499.1
ORD000665,2025-11-19,Pune,Electronics,OnePlus 12,1,64999,10,58499.1
ORD000666,2026-05-09,Hyderabad,Electronics,Apple iPhone 15,1,79999,15,67999.15
ORD000667,2026-04-18,Kolkata,Electronics,Samsung Galaxy S24,1,74999,0,74999.0
ORD000668,2024-10-04,Kolkata,Home,IKEA Study Table,1,12999,0,12999.0
ORD000669,2025-04-18,Pune,Electronics,OnePlus 12,1,64999,10,58499.1
ORD000670,2025-06-25,Mumbai,Electronics,Samsung Galaxy S24,1,74999,0,74999.0
ORD000671,2025-10-04,Chennai,Electronics,Apple iPhone 15,1,79999,15,67999.15
ORD000672,2025-04-26,Mumbai,Home,Philips Air Fryer,3,8999,5,25647.15
ORD000673,2026-01-24,Ahmedabad,Home,Philips Air Fryer,1,8999,5,8549.05
ORD000674,2026-02-22,Chennai,Fashion,Nike Air Max,1,6999,0,6999.0
ORD000675,2024-11-26,Bengaluru,Electronics,Samsung Galaxy S24,1,74999,0,74999.0
ORD000676,2025-01-17,Ahmedabad,Electronics,Sony WH-1000XM5,2,29999,0,59998.0
ORD000677,2024-08-08,Hyderabad,Electronics,Samsung Galaxy S24,3,74999,10,202497.3
ORD000678,2026-01-20,Mumbai,Fashion,Nike Air Max,1,6999,15,5949.15
ORD000679,2024-11-19,Delhi,Fashion,Nike Air Max,1,6999,10,6299.1
ORD000680,2025-12-24,Delhi,Home,IKEA Study Table,1,12999,15,11049.15
ORD000681,2024-08-07,Mumbai,Electronics,Sony WH-1000XM5,1,29999,15,25499.15
ORD000682,2024-10-22,Chennai,Electronics,Sony WH-1000XM5,1,29999,0,29999.0
ORD000683,2024-08-11,Hyderabad,Electronics,Apple iPhone 15,2,79999,15,135998.3
ORD000684,2025-06-22,Ahmedabad,Electronics,Samsung Galaxy S24,1,74999,5,71249.05
ORD000685,2025-01-20,Hyderabad,Home,IKEA Study Table,4,12999,5,49396.2
ORD000686,2025-06-10,Ahmedabad,Electronics,Samsung Galaxy S24,1,74999,5,71249.05
ORD000687,2025-03-18,Pune,Fashion,Nike Air Max,1,6999,0,6999.0
ORD000688,2026-02-01,Pune,Electronics,OnePlus 12,2,64999,15,110498.3
ORD000689,2024-07-01,Delhi,Electronics,Apple iPhone 15,1,79999,5,75999.05
ORD000690,2024-10-17,Ahmedabad,Fashion,Levi's Jeans,1,2499,10,2249.1
ORD000691,2025-11-21,Delhi,Fashion,Nike Air Max,1,6999,10,6299.1
ORD000692,2025-12-30,Pune,Electronics,Samsung Galaxy S24,3,74999,5,213747.15
ORD000693,2024-09-04,Kolkata,Electronics,OnePlus 12,1,64999,15,55249.15
ORD000694,2025-06-24,Delhi,Fashion,Nike Air Max,1,6999,10,6299.1
ORD000695,2025-02-26,Pune,Home,IKEA Study Table,1,12999,10,11699.1
ORD000696,2024-10-16,Mumbai,Electronics,Samsung Galaxy S24,1,74999,10,67499.1
ORD000697,2024-10-18,Bengaluru,Electronics,Sony WH-1000XM5,2,29999,10,53998.2
ORD000698,2024-10-27,Ahmedabad,Electronics,Samsung Galaxy S24,2,74999,10,134998.2
ORD000699,2025-07-28,Bengaluru,Electronics,Apple iPhone 15,2,79999,10,143998.2
ORD000700,2026-06-02,Delhi,Electronics,Apple iPhone 15,4,79999,15,271996.6
ORD000701,2026-01-02,Pune,Electronics,Samsung Galaxy S24,1,74999,5,71249.05
ORD000702,2026-04-02,Bengaluru,Electronics,Apple iPhone 15,1,79999,5,75999.05
ORD000703,2025-03-22,Pune,Electronics,Sony WH-1000XM5,2,29999,10,53998.2
ORD000704,2024-08-08,Mumbai,Fashion,Levi's Jeans,3,2499,0,7497.0
ORD000705,2026-03-16,Bengaluru,Electronics,Samsung Galaxy S24,1,74999,15,63749.15
ORD000706,2025-08-11,Pune,Electronics,Samsung Galaxy S24,3,74999,10,202497.3
ORD000707,2024-09-09,Bengaluru,Electronics,Apple iPhone 15,3,79999,0,239997.0
ORD000708,2025-02-26,Kolkata,Home,Philips Air Fryer,2,8999,15,15298.3
ORD000709,2024-12-13,Bengaluru,Electronics,Apple iPhone 15,1,79999,15,67999.15
ORD000710,2024-12-25,Hyderabad,Fashion,Nike Air Max,1,6999,5,6649.05
ORD000711,2025-10-06,Mumbai,Fashion,Levi's Jeans,1,2499,5,2374.05
ORD000712,2025-10-20,Ahmedabad,Electronics,Sony WH-1000XM5,2,29999,15,50998.3
ORD000713,2025-04-03,Ahmedabad,Home,IKEA Study Table,1,12999,10,11699.1
ORD000714,2025-12-30,Mumbai,Electronics,OnePlus 12,1,64999,5,61749.05
ORD000715,2026-02-07,Kolkata,Home,Philips Air Fryer,2,8999,10,16198.2
ORD000716,2024-06-16,Ahmedabad,Home,IKEA Study Table,1,12999,10,11699.1
ORD000717,2026-02-25,Delhi,Fashion,Levi's Jeans,1,2499,10,2249.1
ORD000718,2024-09-16,Mumbai,Electronics,Apple iPhone 15,3,79999,10,215997.3
ORD000719,2024-09-13,Bengaluru,Home,IKEA Study Table,1,12999,5,12349.05
ORD000720,2025-01-09,Hyderabad,Electronics,Samsung Galaxy S24,1,74999,5,71249.05
ORD000721,2026-02-28,Ahmedabad,Electronics,Apple iPhone 15,2,79999,5,151998.1
ORD000722,2026-02-08,Bengaluru,Fashion,Nike Air Max,3,6999,5,19947.15
ORD000723,2024-11-21,Mumbai,Electronics,Sony WH-1000XM5,1,29999,10,26999.1
ORD000724,2025-10-06,Delhi,Fashion,Nike Air Max,3,6999,5,19947.15
ORD000725,2025-08-23,Kolkata,Home,IKEA Study Table,1,12999,5,12349.05
ORD000726,2024-08-25,Delhi,Electronics,Apple iPhone 15,1,79999,5,75999.05
ORD000727,2025-07-08,Chennai,Electronics,Apple iPhone 15,1,79999,0,79999.0
ORD000728,2025-11-18,Bengaluru,Electronics,Sony WH-1000XM5,2,29999,10,53998.2
ORD000729,2025-03-23,Bengaluru,Fashion,Nike Air Max,1,6999,5,6649.05
ORD000730,2024-10-13,Pune,Electronics,Samsung Galaxy S24,2,74999,10,134998.2
ORD000731,2025-11-09,Pune,Fashion,Nike Air Max,2,6999,15,11898.3
ORD000732,2025-03-25,Bengaluru,Fashion,Nike Air Max,1,6999,5,6649.05
ORD000733,2024-12-13,Chennai,Home,Philips Air Fryer,2,8999,15,15298.3
ORD000734,2025-03-25,Delhi,Electronics,OnePlus 12,2,64999,10,116998.2
ORD000735,2026-06-08,Bengaluru,Electronics,OnePlus 12,1,64999,10,58499.1
ORD000736,2025-01-08,Mumbai,Electronics,OnePlus 12,2,64999,15,110498.3
ORD000737,2025-01-24,Pune,Electronics,OnePlus 12,2,64999,5,123498.1
ORD000738,2024-09-09,Delhi,Home,IKEA Study Table,1,12999,0,12999.0
ORD000739,2025-12-25,Pune,Fashion,Nike Air Max,4,6999,5,26596.2
ORD000740,2024-09-10,Delhi,Fashion,Nike Air Max,1,6999,10,6299.1
ORD000741,2026-02-27,Hyderabad,Electronics,Sony WH-1000XM5,2,29999,10,53998.2
ORD000742,2024-09-05,Ahmedabad,Electronics,Samsung Galaxy S24,2,74999,0,149998.0
ORD000743,2025-12-05,Ahmedabad,Home,IKEA Study Table,2,12999,5,24698.1
ORD000744,2025-04-04,Ahmedabad,Home,IKEA Study Table,3,12999,10,35097.3
ORD000745,2025-04-24,Bengaluru,Electronics,Samsung Galaxy S24,2,74999,5,142498.1
ORD000746,2026-03-15,Hyderabad,Home,IKEA Study Table,1,12999,0,12999.0
ORD000747,2025-11-30,Pune,Electronics,Apple iPhone 15,1,79999,0,79999.0
ORD000748,2025-08-11,Bengaluru,Fashion,Nike Air Max,1,6999,15,5949.15
ORD000749,2025-04-30,Chennai,Electronics,Samsung Galaxy S24,1,74999,0,74999.0
ORD000750,2024-09-03,Bengaluru,Home,IKEA Study Table,2,12999,15,22098.3
ORD000751,2026-01-26,Chennai,Home,Philips Air Fryer,1,8999,0,8999.0
ORD000752,2025-11-14,Hyderabad,Electronics,Sony WH-1000XM5,4,29999,15,101996.6
ORD000753,2025-04-07,Mumbai,Fashion,Levi's Jeans,1,2499,0,2499.0
ORD000754,2025-02-15,Bengaluru,Home,Philips Air Fryer,1,8999,15,7649.15
ORD000755,2025-09-11,Pune,Electronics,Apple iPhone 15,1,79999,15,67999.15
ORD000756,2025-02-25,Delhi,Fashion,Levi's Jeans,2,2499,15,4248.3
ORD000757,2025-05-03,Hyderabad,Electronics,Samsung Galaxy S24,1,74999,5,71249.05
ORD000758,2024-09-10,Hyderabad,Electronics,Samsung Galaxy S24,1,74999,0,74999.0
ORD000759,2025-05-21,Pune,Home,Philips Air Fryer,1,8999,10,8099.1
ORD000760,2025-10-05,Chennai,Home,Philips Air Fryer,1,8999,15,7649.15
ORD000761,2025-08-06,Kolkata,Electronics,OnePlus 12,1,64999,10,58499.1
ORD000762,2024-08-01,Mumbai,Home,IKEA Study Table,1,12999,10,11699.1
ORD000763,2025-12-22,Pune,Electronics,OnePlus 12,2,64999,0,129998.0
ORD000764,2026-02-16,Delhi,Fashion,Nike Air Max,2,6999,15,11898.3
ORD000765,2025-02-05,Kolkata,Electronics,Apple iPhone 15,2,79999,15,135998.3
ORD000766,2025-02-22,Ahmedabad,Electronics,Sony WH-1000XM5,1,29999,0,29999.0
ORD000767,2025-01-16,Pune,Electronics,Apple iPhone 15,1,79999,5,75999.05
ORD000768,2024-09-19,Delhi,Home,IKEA Study Table,1,12999,5,12349.05
ORD000769,2024-10-25,Pune,Electronics,Sony WH-1000XM5,1,29999,15,25499.15
ORD000770,2025-05-30,Hyderabad,Home,Philips Air Fryer,1,8999,5,8549.05
ORD000771,2026-04-15,Pune,Fashion,Nike Air Max,3,6999,0,20997.0
ORD000772,2025-12-20,Hyderabad,Home,Philips Air Fryer,1,8999,10,8099.1
ORD000773,2024-12-08,Ahmedabad,Home,IKEA Study Table,3,12999,0,38997.0
ORD000774,2025-04-04,Pune,Electronics,Samsung Galaxy S24,1,74999,5,71249.05
ORD000775,2025-06-25,Hyderabad,Electronics,Samsung Galaxy S24,1,74999,0,74999.0
ORD000776,2025-03-18,Ahmedabad,Fashion,Nike Air Max,3,6999,10,18897.3
ORD000777,2024-06-18,Mumbai,Home,IKEA Study Table,1,12999,15,11049.15
ORD000778,2026-02-05,Ahmedabad,Electronics,OnePlus 12,1,64999,5,61749.05
ORD000779,2025-06-28,Delhi,Electronics,Apple iPhone 15,1,79999,10,71999.1
ORD000780,2024-08-10,Chennai,Electronics,Apple iPhone 15,2,79999,10,143998.2
ORD000781,2024-08-26,Hyderabad,Electronics,Apple iPhone 15,1,79999,10,71999.1
ORD000782,2025-09-24,Delhi,Fashion,Levi's Jeans,2,2499,0,4998.0
ORD000783,2025-02-27,Chennai,Electronics,OnePlus 12,1,64999,15,55249.15
ORD000784,2025-11-09,Delhi,Fashion,Levi's Jeans,2,2499,0,4998.0
ORD000785,2026-05-22,Kolkata,Home,IKEA Study Table,1,12999,15,11049.15
ORD000786,2025-06-14,Pune,Fashion,Nike Air Max,2,6999,5,13298.1
ORD000787,2025-11-28,Bengaluru,Fashion,Levi's Jeans,2,2499,15,4248.3
ORD000788,2024-07-30,Mumbai,Electronics,Apple iPhone 15,1,79999,5,75999.05
ORD000789,2026-04-19,Chennai,Electronics,Sony WH-1000XM5,1,29999,0,29999.0
ORD000790,2025-07-19,Ahmedabad,Electronics,Sony WH-1000XM5,1,29999,15,25499.15
ORD000791,2025-05-09,Chennai,Electronics,Samsung Galaxy S24,2,74999,5,142498.1
ORD000792,2025-01-01,Kolkata,Home,IKEA Study Table,1,12999,5,12349.05
ORD000793,2026-03-23,Pune,Fashion,Nike Air Max,1,6999,10,6299.1
ORD000794,2025-03-28,Bengaluru,Fashion,Levi's Jeans,1,2499,0,2499.0
ORD000795,2026-02-09,Delhi,Electronics,Sony WH-1000XM5,3,29999,5,85497.15
ORD000796,2024-09-09,Mumbai,Fashion,Levi's Jeans,2,2499,0,4998.0
ORD000797,2026-02-10,Mumbai,Home,IKEA Study Table,3,12999,5,37047.15
ORD000798,2024-06-10,Hyderabad,Electronics,Sony WH-1000XM5,1,29999,10,26999.1
ORD000799,2026-04-22,Kolkata,Home,Philips Air Fryer,3,8999,10,24297.3
ORD000800,2026-05-20,Ahmedabad,Fashion,Levi's Jeans,1,2499,10,2249.1
ORD000801,2025-05-03,Hyderabad,Electronics,Samsung Galaxy S24,1,74999,10,67499.1
ORD000802,2025-12-09,Pune,Fashion,Levi's Jeans,2,2499,15,4248.3
ORD000803,2026-05-09,Hyderabad,Fashion,Nike Air Max,4,6999,10,25196.4
ORD000804,2026-05-02,Delhi,Fashion,Levi's Jeans,2,2499,10,4498.2
ORD000805,2026-01-09,Mumbai,Electronics,OnePlus 12,1,64999,5,61749.05
ORD000806,2025-04-02,Mumbai,Home,Philips Air Fryer,2,8999,5,17098.1
ORD000807,2024-11-06,Ahmedabad,Home,IKEA Study Table,4,12999,10,46796.4
ORD000808,2024-06-10,Delhi,Home,Philips Air Fryer,1,8999,0,8999.0
ORD000809,2025-05-02,Kolkata,Fashion,Nike Air Max,2,6999,5,13298.1
ORD000810,2025-04-04,Bengaluru,Fashion,Nike Air Max,1,6999,5,6649.05
ORD000811,2024-10-10,Hyderabad,Fashion,Levi's Jeans,1,2499,5,2374.05
ORD000812,2026-05-02,Pune,Electronics,OnePlus 12,3,64999,10,175497.3
ORD000813,2026-02-08,Ahmedabad,Electronics,Sony WH-1000XM5,1,29999,10,26999.1
ORD000814,2024-10-18,Kolkata,Fashion,Nike Air Max,1,6999,10,6299.1
ORD000815,2025-09-12,Kolkata,Electronics,Samsung Galaxy S24,1,74999,0,74999.0
ORD000816,2025-06-10,Hyderabad,Electronics,Sony WH-1000XM5,1,29999,15,25499.15
ORD000817,2025-10-03,Bengaluru,Home,Philips Air Fryer,1,8999,5,8549.05
ORD000818,2026-02-12,Bengaluru,Electronics,Sony WH-1000XM5,1,29999,15,25499.15
ORD000819,2025-08-09,Pune,Fashion,Nike Air Max,3,6999,5,19947.15
ORD000820,2026-02-10,Chennai,Home,IKEA Study Table,1,12999,5,12349.05
ORD000821,2026-02-25,Delhi,Electronics,Apple iPhone 15,1,79999,10,71999.1
ORD000822,2025-05-21,Kolkata,Electronics,OnePlus 12,1,64999,5,61749.05
ORD000823,2026-01-30,Ahmedabad,Electronics,Samsung Galaxy S24,1,74999,15,63749.15
ORD000824,2025-07-21,Ahmedabad,Home,Philips Air Fryer,1,8999,15,7649.15
ORD000825,2024-08-06,Chennai,Electronics,Apple iPhone 15,1,79999,5,75999.05
ORD000826,2025-01-15,Mumbai,Electronics,Apple iPhone 15,3,79999,5,227997.15
ORD000827,2025-10-20,Delhi,Electronics,Apple iPhone 15,2,79999,5,151998.1
ORD000828,2024-07-11,Ahmedabad,Fashion,Nike Air Max,1,6999,0,6999.0
ORD000829,2025-08-22,Hyderabad,Fashion,Levi's Jeans,1,2499,0,2499.0
ORD000830,2025-10-12,Ahmedabad,Fashion,Levi's Jeans,1,2499,10,2249.1
ORD000831,2024-09-14,Chennai,Electronics,OnePlus 12,1,64999,15,55249.15
ORD000832,2025-05-31,Mumbai,Electronics,Sony WH-1000XM5,1,29999,15,25499.15
ORD000833,2025-07-01,Delhi,Electronics,Sony WH-1000XM5,1,29999,5,28499.05
ORD000834,2026-02-21,Pune,Electronics,Apple iPhone 15,1,79999,5,75999.05
ORD000835,2025-03-02,Ahmedabad,Fashion,Nike Air Max,2,6999,0,13998.0
ORD000836,2024-09-21,Mumbai,Fashion,Levi's Jeans,2,2499,0,4998.0
ORD000837,2025-05-24,Mumbai,Electronics,Samsung Galaxy S24,2,74999,0,149998.0
ORD000838,2025-08-07,Pune,Electronics,Samsung Galaxy S24,1,74999,15,63749.15
ORD000839,2025-08-26,Delhi,Fashion,Levi's Jeans,1,2499,5,2374.05
ORD000840,2025-07-23,Hyderabad,Electronics,Apple iPhone 15,1,79999,0,79999.0
ORD000841,2025-09-10,Pune,Electronics,OnePlus 12,1,64999,0,64999.0
ORD000842,2025-10-05,Kolkata,Fashion,Levi's Jeans,1,2499,0,2499.0
ORD000843,2025-10-11,Delhi,Electronics,Sony WH-1000XM5,2,29999,10,53998.2
ORD000844,2025-06-01,Bengaluru,Fashion,Nike Air Max,2,6999,10,12598.2
ORD000845,2024-12-13,Kolkata,Electronics,Apple iPhone 15,1,79999,5,75999.05
ORD000846,2026-05-03,Pune,Fashion,Nike Air Max,1,6999,0,6999.0
ORD000847,2025-01-21,Bengaluru,Electronics,Samsung Galaxy S24,2,74999,15,127498.3
ORD000848,2025-05-09,Pune,Electronics,Samsung Galaxy S24,2,74999,0,149998.0
ORD000849,2024-10-27,Hyderabad,Fashion,Levi's Jeans,2,2499,15,4248.3
ORD000850,2024-06-21,Bengaluru,Fashion,Levi's Jeans,1,2499,0,2499.0
ORD000851,2024-08-13,Chennai,Electronics,Apple iPhone 15,3,79999,10,215997.3
ORD000852,2024-10-05,Mumbai,Home,Philips Air Fryer,2,8999,0,17998.0
ORD000853,2024-07-12,Chennai,Electronics,Apple iPhone 15,3,79999,5,227997.15
ORD000854,2025-04-04,Pune,Fashion,Nike Air Max,3,6999,10,18897.3
ORD000855,2024-08-20,Pune,Fashion,Nike Air Max,2,6999,5,13298.1
ORD000856,2025-06-03,Hyderabad,Home,Philips Air Fryer,1,8999,15,7649.15
ORD000857,2025-09-30,Ahmedabad,Home,Philips Air Fryer,2,8999,15,15298.3
ORD000858,2025-02-26,Bengaluru,Electronics,OnePlus 12,1,64999,0,64999.0
ORD000859,2025-02-01,Kolkata,Electronics,Samsung Galaxy S24,1,74999,15,63749.15
ORD000860,2026-01-19,Mumbai,Electronics,OnePlus 12,2,64999,10,116998.2
ORD000861,2025-05-31,Pune,Electronics,OnePlus 12,1,64999,15,55249.15
ORD000862,2024-09-28,Hyderabad,Home,Philips Air Fryer,1,8999,0,8999.0
ORD000863,2024-12-30,Chennai,Fashion,Nike Air Max,1,6999,5,6649.05
ORD000864,2024-06-22,Kolkata,Electronics,Samsung Galaxy S24,1,74999,5,71249.05
ORD000865,2025-02-14,Bengaluru,Fashion,Nike Air Max,2,6999,15,11898.3
ORD000866,2024-10-09,Kolkata,Electronics,Apple iPhone 15,1,79999,5,75999.05
ORD000867,2025-01-18,Kolkata,Home,IKEA Study Table,3,12999,0,38997.0
ORD000868,2025-01-13,Mumbai,Fashion,Nike Air Max,1,6999,10,6299.1
ORD000869,2026-04-26,Ahmedabad,Electronics,Sony WH-1000XM5,1,29999,15,25499.15
ORD000870,2025-11-02,Kolkata,Electronics,Sony WH-1000XM5,1,29999,15,25499.15
ORD000871,2026-01-14,Chennai,Electronics,Samsung Galaxy S24,3,74999,15,191247.45
ORD000872,2024-09-07,Pune,Electronics,Samsung Galaxy S24,4,74999,0,299996.0
ORD000873,2026-02-09,Pune,Home,Philips Air Fryer,1,8999,0,8999.0
ORD000874,2026-04-06,Kolkata,Fashion,Levi's Jeans,3,2499,5,7122.15
ORD000875,2025-04-13,Delhi,Fashion,Nike Air Max,1,6999,0,6999.0
ORD000876,2026-04-24,Chennai,Home,IKEA Study Table,1,12999,15,11049.15
ORD000877,2024-09-28,Mumbai,Home,IKEA Study Table,1,12999,5,12349.05
ORD000878,2025-06-27,Chennai,Fashion,Nike Air Max,1,6999,10,6299.1
ORD000879,2024-09-02,Kolkata,Electronics,Samsung Galaxy S24,1,74999,5,71249.05
ORD000880,2024-12-11,Pune,Electronics,OnePlus 12,2,64999,15,110498.3
ORD000881,2026-04-18,Pune,Fashion,Levi's Jeans,2,2499,5,4748.1
ORD000882,2025-10-22,Chennai,Home,Philips Air Fryer,1,8999,5,8549.05
ORD000883,2025-06-25,Pune,Electronics,Samsung Galaxy S24,2,74999,0,149998.0
ORD000884,2024-09-03,Kolkata,Home,IKEA Study Table,1,12999,5,12349.05
ORD000885,2024-07-03,Ahmedabad,Electronics,Apple iPhone 15,1,79999,0,79999.0
ORD000886,2025-09-06,Bengaluru,Home,IKEA Study Table,3,12999,5,37047.15
ORD000887,2025-02-20,Ahmedabad,Electronics,OnePlus 12,1,64999,10,58499.1
ORD000888,2025-01-09,Hyderabad,Home,Philips Air Fryer,4,8999,5,34196.2
ORD000889,2024-11-24,Kolkata,Home,Philips Air Fryer,4,8999,10,32396.4
ORD000890,2024-09-21,Chennai,Electronics,OnePlus 12,1,64999,10,58499.1
ORD000891,2025-11-16,Chennai,Electronics,Sony WH-1000XM5,1,29999,10,26999.1
ORD000892,2025-08-25,Chennai,Electronics,OnePlus 12,4,64999,5,246996.2
ORD000893,2025-11-28,Ahmedabad,Electronics,Samsung Galaxy S24,2,74999,15,127498.3
ORD000894,2026-05-16,Mumbai,Fashion,Levi's Jeans,3,2499,15,6372.45
ORD000895,2024-09-08,Mumbai,Electronics,Samsung Galaxy S24,1,74999,5,71249.05
ORD000896,2025-06-07,Hyderabad,Electronics,Apple iPhone 15,1,79999,5,75999.05
ORD000897,2025-12-02,Hyderabad,Fashion,Levi's Jeans,1,2499,0,2499.0
ORD000898,2025-06-21,Chennai,Electronics,Sony WH-1000XM5,2,29999,0,59998.0
ORD000899,2026-04-25,Ahmedabad,Home,IKEA Study Table,1,12999,5,12349.05
ORD000900,2024-07-05,Mumbai,Electronics,Sony WH-1000XM5,1,29999,10,26999.1
ORD000901,2026-06-06,Mumbai,Home,Philips Air Fryer,1,8999,10,8099.1
ORD000902,2026-03-24,Kolkata,Electronics,Apple iPhone 15,2,79999,5,151998.1
ORD000903,2024-06-22,Delhi,Electronics,Sony WH-1000XM5,3,29999,10,80997.3
ORD000904,2026-01-02,Pune,Electronics,Sony WH-1000XM5,1,29999,5,28499.05
ORD000905,2025-09-07,Ahmedabad,Electronics,OnePlus 12,4,64999,0,259996.0
ORD000906,2024-12-10,Bengaluru,Electronics,Apple iPhone 15,1,79999,10,71999.1
ORD000907,2025-02-24,Mumbai,Electronics,OnePlus 12,1,64999,10,58499.1
ORD000908,2026-04-29,Mumbai,Fashion,Nike Air Max,1,6999,5,6649.05
ORD000909,2025-11-10,Hyderabad,Electronics,OnePlus 12,3,64999,0,194997.0
ORD000910,2025-05-15,Pune,Home,IKEA Study Table,2,12999,10,23398.2
ORD000911,2025-10-18,Pune,Fashion,Nike Air Max,1,6999,5,6649.05
ORD000912,2026-04-13,Pune,Electronics,OnePlus 12,1,64999,15,55249.15
ORD000913,2024-09-19,Chennai,Fashion,Nike Air Max,1,6999,5,6649.05
ORD000914,2026-01-01,Kolkata,Fashion,Nike Air Max,1,6999,5,6649.05
ORD000915,2025-12-07,Kolkata,Electronics,Apple iPhone 15,1,79999,10,71999.1
ORD000916,2024-10-10,Mumbai,Electronics,Sony WH-1000XM5,3,29999,5,85497.15
ORD000917,2025-01-01,Ahmedabad,Fashion,Nike Air Max,1,6999,0,6999.0
ORD000918,2025-04-04,Mumbai,Fashion,Levi's Jeans,1,2499,10,2249.1
ORD000919,2025-11-03,Kolkata,Fashion,Nike Air Max,1,6999,15,5949.15
ORD000920,2025-03-25,Chennai,Electronics,Apple iPhone 15,1,79999,5,75999.05
ORD000921,2024-07-13,Mumbai,Electronics,Samsung Galaxy S24,3,74999,5,213747.15
ORD000922,2025-02-21,Ahmedabad,Electronics,Samsung Galaxy S24,1,74999,5,71249.05
ORD000923,2024-10-19,Pune,Electronics,Samsung Galaxy S24,1,74999,15,63749.15
ORD000924,2025-04-13,Mumbai,Electronics,OnePlus 12,1,64999,10,58499.1
ORD000925,2024-08-24,Hyderabad,Electronics,Samsung Galaxy S24,1,74999,5,71249.05
ORD000926,2025-11-18,Hyderabad,Electronics,Samsung Galaxy S24,1,74999,5,71249.05
ORD000927,2024-08-13,Ahmedabad,Home,Philips Air Fryer,1,8999,15,7649.15
ORD000928,2024-09-13,Mumbai,Fashion,Nike Air Max,1,6999,0,6999.0
ORD000929,2026-04-25,Pune,Electronics,Samsung Galaxy S24,2,74999,0,149998.0
ORD000930,2025-12-17,Hyderabad,Fashion,Nike Air Max,3,6999,0,20997.0
ORD000931,2024-12-11,Kolkata,Fashion,Levi's Jeans,2,2499,10,4498.2
ORD000932,2025-12-27,Kolkata,Home,Philips Air Fryer,1,8999,0,8999.0
ORD000933,2025-06-04,Ahmedabad,Electronics,OnePlus 12,1,64999,5,61749.05
ORD000934,2025-11-14,Hyderabad,Fashion,Levi's Jeans,4,2499,5,9496.2
ORD000935,2025-04-11,Bengaluru,Fashion,Nike Air Max,4,6999,0,27996.0
ORD000936,2025-01-20,Pune,Electronics,Samsung Galaxy S24,1,74999,15,63749.15
ORD000937,2025-04-05,Delhi,Fashion,Levi's Jeans,1,2499,10,2249.1
ORD000938,2024-07-23,Bengaluru,Home,Philips Air Fryer,3,8999,5,25647.15
ORD000939,2026-05-22,Delhi,Electronics,OnePlus 12,1,64999,10,58499.1
ORD000940,2026-05-27,Kolkata,Electronics,Samsung Galaxy S24,1,74999,0,74999.0
ORD000941,2024-11-03,Hyderabad,Electronics,Samsung Galaxy S24,1,74999,0,74999.0
ORD000942,2024-06-19,Chennai,Electronics,Samsung Galaxy S24,1,74999,15,63749.15
ORD000943,2025-05-02,Pune,Fashion,Nike Air Max,1,6999,5,6649.05
ORD000944,2025-01-18,Chennai,Fashion,Levi's Jeans,2,2499,5,4748.1
ORD000945,2026-03-01,Bengaluru,Home,IKEA Study Table,1,12999,10,11699.1
ORD000946,2026-04-17,Bengaluru,Fashion,Nike Air Max,2,6999,15,11898.3
ORD000947,2025-09-09,Ahmedabad,Electronics,Apple iPhone 15,1,79999,5,75999.05
ORD000948,2025-11-01,Chennai,Fashion,Levi's Jeans,2,2499,5,4748.1
ORD000949,2024-08-24,Hyderabad,Home,IKEA Study Table,1,12999,10,11699.1
ORD000950,2026-05-05,Pune,Home,IKEA Study Table,1,12999,5,12349.05
ORD000951,2024-08-22,Delhi,Fashion,Levi's Jeans,3,2499,5,7122.15
ORD000952,2025-06-26,Pune,Fashion,Levi's Jeans,2,2499,0,4998.0
ORD000953,2025-04-04,Ahmedabad,Electronics,Apple iPhone 15,2,79999,0,159998.0
ORD000954,2025-12-06,Kolkata,Electronics,Sony WH-1000XM5,3,29999,10,80997.3
ORD000955,2026-01-02,Hyderabad,Electronics,OnePlus 12,1,64999,5,61749.05
ORD000956,2024-10-28,Ahmedabad,Electronics,OnePlus 12,1,64999,0,64999.0
ORD000957,2024-12-10,Bengaluru,Fashion,Nike Air Max,1,6999,5,6649.05
ORD000958,2024-08-25,Bengaluru,Electronics,OnePlus 12,1,64999,5,61749.05
ORD000959,2024-12-04,Delhi,Home,IKEA Study Table,3,12999,0,38997.0
ORD000960,2026-06-06,Chennai,Home,IKEA Study Table,1,12999,10,11699.1
ORD000961,2025-09-09,Chennai,Electronics,Sony WH-1000XM5,1,29999,5,28499.05
ORD000962,2025-07-23,Mumbai,Home,Philips Air Fryer,1,8999,15,7649.15
ORD000963,2025-06-11,Pune,Electronics,Apple iPhone 15,4,79999,10,287996.4
ORD000964,2025-04-17,Bengaluru,Fashion,Levi's Jeans,2,2499,10,4498.2
ORD000965,2025-12-20,Pune,Home,Philips Air Fryer,2,8999,10,16198.2
ORD000966,2025-07-08,Ahmedabad,Fashion,Levi's Jeans,1,2499,5,2374.05
ORD000967,2026-04-06,Kolkata,Fashion,Nike Air Max,2,6999,10,12598.2
ORD000968,2024-11-22,Bengaluru,Home,IKEA Study Table,3,12999,0,38997.0
ORD000969,2025-06-13,Hyderabad,Home,IKEA Study Table,1,12999,0,12999.0
ORD000970,2025-08-23,Chennai,Electronics,Sony WH-1000XM5,1,29999,5,28499.05
ORD000971,2026-03-09,Chennai,Electronics,Samsung Galaxy S24,2,74999,15,127498.3
ORD000972,2024-11-19,Kolkata,Electronics,Samsung Galaxy S24,1,74999,15,63749.15
ORD000973,2025-10-23,Mumbai,Electronics,Sony WH-1000XM5,1,29999,15,25499.15
ORD000974,2025-02-18,Bengaluru,Electronics,Sony WH-1000XM5,1,29999,5,28499.05
ORD000975,2024-07-12,Mumbai,Electronics,Apple iPhone 15,3,79999,5,227997.15
ORD000976,2026-01-12,Ahmedabad,Electronics,OnePlus 12,1,64999,5,61749.05
ORD000977,2024-09-06,Pune,Electronics,Apple iPhone 15,3,79999,10,215997.3
ORD000978,2025-05-25,Kolkata,Electronics,Sony WH-1000XM5,1,29999,15,25499.15
ORD000979,2025-03-14,Bengaluru,Electronics,OnePlus 12,1,64999,15,55249.15
ORD000980,2024-07-19,Bengaluru,Electronics,OnePlus 12,2,64999,10,116998.2
ORD000981,2024-06-12,Delhi,Fashion,Nike Air Max,3,6999,0,20997.0
ORD000982,2024-09-22,Mumbai,Home,Philips Air Fryer,1,8999,0,8999.0
ORD000983,2024-10-29,Bengaluru,Electronics,Sony WH-1000XM5,1,29999,15,25499.15
ORD000984,2025-03-14,Pune,Electronics,Samsung Galaxy S24,1,74999,0,74999.0
ORD000985,2026-03-08,Mumbai,Electronics,Samsung Galaxy S24,1,74999,5,71249.05
ORD000986,2024-06-26,Mumbai,Home,Philips Air Fryer,1,8999,10,8099.1
ORD000987,2025-07-22,Ahmedabad,Home,Philips Air Fryer,1,8999,15,7649.15
ORD000988,2025-02-07,Ahmedabad,Fashion,Nike Air Max,1,6999,0,6999.0
ORD000989,2025-07-07,Pune,Electronics,OnePlus 12,1,64999,5,61749.05
ORD000990,2024-06-21,Hyderabad,Fashion,Levi's Jeans,1,2499,15,2124.15
ORD000991,2025-09-23,Pune,Electronics,Sony WH-1000XM5,1,29999,0,29999.0
ORD000992,2025-08-03,Chennai,Electronics,Apple iPhone 15,1,79999,5,75999.05
ORD000993,2026-03-21,Ahmedabad,Home,Philips Air Fryer,1,8999,5,8549.05
ORD000994,2024-12-20,Chennai,Fashion,Levi's Jeans,1,2499,15,2124.15
ORD000995,2025-06-19,Delhi,Fashion,Levi's Jeans,4,2499,15,8496.6
ORD000996,2024-09-08,Bengaluru,Home,Philips Air Fryer,1,8999,15,7649.15
ORD000997,2025-12-22,Hyderabad,Fashion,Nike Air Max,1,6999,15,5949.15
ORD000998,2026-02-26,Bengaluru,Fashion,Levi's Jeans,1,2499,15,2124.15
ORD000999,2025-08-10,Bengaluru,Electronics,Samsung Galaxy S24,2,74999,15,127498.3
ORD001000,2024-11-03,Chennai,Electronics,Samsung Galaxy S24,1,74999,15,63749.15
ORD001001,2024-09-23,Pune,Electronics,Apple iPhone 15,1,79999,0,79999.0
ORD001002,2025-08-03,Pune,Electronics,OnePlus 12,1,64999,15,55249.15
ORD001003,2025-06-29,Pune,Electronics,Samsung Galaxy S24,1,74999,10,67499.1
ORD001004,2024-11-30,Hyderabad,Electronics,Apple iPhone 15,2,79999,15,135998.3
ORD001005,2024-12-17,Kolkata,Electronics,Apple iPhone 15,3,79999,5,227997.15
ORD001006,2025-08-06,Delhi,Home,IKEA Study Table,1,12999,10,11699.1
ORD001007,2025-01-14,Bengaluru,Electronics,Apple iPhone 15,2,79999,5,151998.1
ORD001008,2025-05-24,Bengaluru,Electronics,Apple iPhone 15,1,79999,0,79999.0
ORD001009,2024-11-20,Chennai,Electronics,Samsung Galaxy S24,4,74999,15,254996.6
ORD001010,2025-10-19,Mumbai,Home,Philips Air Fryer,1,8999,5,8549.05
ORD001011,2024-09-13,Chennai,Electronics,Samsung Galaxy S24,3,74999,10,202497.3
ORD001012,2026-03-02,Delhi,Fashion,Nike Air Max,4,6999,10,25196.4
ORD001013,2026-01-16,Mumbai,Electronics,Sony WH-1000XM5,1,29999,15,25499.15
ORD001014,2024-10-05,Pune,Fashion,Levi's Jeans,1,2499,0,2499.0
ORD001015,2025-01-20,Hyderabad,Fashion,Levi's Jeans,1,2499,0,2499.0
ORD001016,2025-02-09,Kolkata,Fashion,Levi's Jeans,2,2499,15,4248.3
ORD001017,2024-10-05,Kolkata,Electronics,Sony WH-1000XM5,2,29999,15,50998.3
ORD001018,2024-12-02,Pune,Electronics,Apple iPhone 15,1,79999,10,71999.1
ORD001019,2025-05-17,Delhi,Home,Philips Air Fryer,2,8999,5,17098.1
ORD001020,2025-01-13,Mumbai,Fashion,Nike Air Max,1,6999,10,6299.1
ORD001021,2024-08-21,Ahmedabad,Fashion,Levi's Jeans,1,2499,0,2499.0
ORD001022,2026-05-25,Kolkata,Fashion,Nike Air Max,1,6999,5,6649.05
ORD001023,2025-07-02,Bengaluru,Fashion,Nike Air Max,1,6999,10,6299.1
ORD001024,2025-04-28,Delhi,Electronics,Sony WH-1000XM5,1,29999,5,28499.05
ORD001025,2025-05-04,Delhi,Electronics,Sony WH-1000XM5,3,29999,5,85497.15
ORD001026,2025-11-18,Bengaluru,Electronics,Sony WH-1000XM5,2,29999,10,53998.2
ORD001027,2025-12-04,Kolkata,Electronics,Samsung Galaxy S24,1,74999,0,74999.0
ORD001028,2025-07-01,Kolkata,Electronics,Apple iPhone 15,2,79999,0,159998.0
ORD001029,2026-03-09,Hyderabad,Fashion,Nike Air Max,2,6999,15,11898.3
ORD001030,2026-02-18,Ahmedabad,Home,IKEA Study Table,1,12999,10,11699.1
ORD001031,2025-07-14,Mumbai,Electronics,Sony WH-1000XM5,2,29999,5,56998.1
ORD001032,2025-05-19,Chennai,Home,Philips Air Fryer,1,8999,0,8999.0
ORD001033,2025-09-26,Kolkata,Home,Philips Air Fryer,3,8999,5,25647.15
ORD001034,2025-10-16,Chennai,Electronics,Samsung Galaxy S24,2,74999,15,127498.3
ORD001035,2025-06-29,Ahmedabad,Electronics,Apple iPhone 15,1,79999,5,75999.05
ORD001036,2025-12-10,Bengaluru,Electronics,Samsung Galaxy S24,1,74999,10,67499.1
ORD001037,2026-04-05,Chennai,Fashion,Levi's Jeans,1,2499,15,2124.15
ORD001038,2025-08-01,Delhi,Fashion,Nike Air Max,1,6999,15,5949.15
ORD001039,2026-02-04,Chennai,Home,Philips Air Fryer,2,8999,10,16198.2
ORD001040,2025-10-07,Bengaluru,Home,Philips Air Fryer,1,8999,5,8549.05
ORD001041,2026-02-03,Delhi,Electronics,Sony WH-1000XM5,2,29999,10,53998.2
ORD001042,2025-09-09,Bengaluru,Home,Philips Air Fryer,3,8999,5,25647.15
ORD001043,2024-12-10,Bengaluru,Electronics,OnePlus 12,1,64999,0,64999.0
ORD001044,2024-06-26,Kolkata,Home,Philips Air Fryer,1,8999,10,8099.1
ORD001045,2024-10-21,Ahmedabad,Fashion,Levi's Jeans,1,2499,0,2499.0
ORD001046,2025-05-16,Delhi,Electronics,Samsung Galaxy S24,2,74999,0,149998.0
ORD001047,2024-07-01,Kolkata,Fashion,Levi's Jeans,1,2499,0,2499.0
ORD001048,2024-11-10,Hyderabad,Fashion,Nike Air Max,1,6999,10,6299.1
ORD001049,2025-04-09,Chennai,Fashion,Nike Air Max,1,6999,0,6999.0
ORD001050,2024-07-26,Hyderabad,Electronics,Sony WH-1000XM5,1,29999,5,28499.05
ORD001051,2024-08-19,Kolkata,Fashion,Nike Air Max,1,6999,15,5949.15
ORD001052,2024-09-19,Kolkata,Electronics,Samsung Galaxy S24,1,74999,10,67499.1
ORD001053,2024-09-19,Ahmedabad,Electronics,OnePlus 12,3,64999,10,175497.3
ORD001054,2025-11-23,Pune,Home,Philips Air Fryer,2,8999,0,17998.0
ORD001055,2025-09-08,Chennai,Electronics,OnePlus 12,1,64999,10,58499.1
ORD001056,2024-08-17,Hyderabad,Fashion,Levi's Jeans,2,2499,15,4248.3
ORD001057,2024-09-24,Kolkata,Home,IKEA Study Table,2,12999,10,23398.2
ORD001058,2025-12-05,Bengaluru,Home,Philips Air Fryer,1,8999,0,8999.0
ORD001059,2026-04-30,Delhi,Electronics,Sony WH-1000XM5,2,29999,0,59998.0
ORD001060,2024-09-07,Pune,Electronics,OnePlus 12,1,64999,0,64999.0
ORD001061,2025-11-17,Ahmedabad,Home,IKEA Study Table,1,12999,0,12999.0
ORD001062,2024-06-16,Pune,Electronics,Samsung Galaxy S24,1,74999,5,71249.05
ORD001063,2025-04-09,Hyderabad,Home,Philips Air Fryer,1,8999,5,8549.05
ORD001064,2026-01-20,Bengaluru,Home,IKEA Study Table,2,12999,5,24698.1
ORD001065,2025-06-29,Chennai,Electronics,Apple iPhone 15,1,79999,10,71999.1
ORD001066,2025-12-10,Kolkata,Home,IKEA Study Table,1,12999,10,11699.1
ORD001067,2024-08-17,Kolkata,Electronics,OnePlus 12,4,64999,5,246996.2
ORD001068,2025-12-16,Chennai,Home,Philips Air Fryer,1,8999,10,8099.1
ORD001069,2026-03-01,Kolkata,Home,IKEA Study Table,1,12999,0,12999.0
ORD001070,2024-08-29,Bengaluru,Fashion,Levi's Jeans,1,2499,10,2249.1
ORD001071,2024-11-07,Chennai,Fashion,Levi's Jeans,1,2499,5,2374.05
ORD001072,2026-05-27,Kolkata,Fashion,Levi's Jeans,1,2499,0,2499.0
ORD001073,2024-08-31,Hyderabad,Home,IKEA Study Table,1,12999,15,11049.15
ORD001074,2025-06-24,Delhi,Electronics,Sony WH-1000XM5,2,29999,10,53998.2
ORD001075,2026-01-13,Ahmedabad,Home,Philips Air Fryer,3,8999,15,22947.45
ORD001076,2024-11-27,Ahmedabad,Electronics,Sony WH-1000XM5,1,29999,15,25499.15
ORD001077,2025-05-24,Delhi,Electronics,Sony WH-1000XM5,1,29999,15,25499.15
ORD001078,2024-07-09,Ahmedabad,Fashion,Levi's Jeans,1,2499,10,2249.1
ORD001079,2025-11-15,Bengaluru,Electronics,Sony WH-1000XM5,3,29999,5,85497.15
ORD001080,2026-06-06,Kolkata,Fashion,Levi's Jeans,1,2499,15,2124.15
ORD001081,2025-07-26,Delhi,Fashion,Levi's Jeans,2,2499,15,4248.3
ORD001082,2025-08-14,Mumbai,Fashion,Nike Air Max,1,6999,0,6999.0
ORD001083,2025-07-09,Hyderabad,Electronics,OnePlus 12,4,64999,10,233996.4
ORD001084,2025-07-04,Delhi,Electronics,OnePlus 12,2,64999,0,129998.0
ORD001085,2024-08-15,Delhi,Electronics,Samsung Galaxy S24,1,74999,15,63749.15
ORD001086,2026-01-12,Chennai,Fashion,Nike Air Max,1,6999,15,5949.15
ORD001087,2025-12-14,Chennai,Home,IKEA Study Table,2,12999,0,25998.0
ORD001088,2024-09-22,Mumbai,Electronics,Samsung Galaxy S24,2,74999,5,142498.1
ORD001089,2025-05-01,Kolkata,Fashion,Levi's Jeans,2,2499,0,4998.0
ORD001090,2024-12-02,Ahmedabad,Electronics,OnePlus 12,1,64999,10,58499.1
ORD001091,2025-04-09,Ahmedabad,Electronics,Apple iPhone 15,1,79999,5,75999.05
ORD001092,2025-01-10,Delhi,Home,IKEA Study Table,1,12999,0,12999.0
ORD001093,2026-04-18,Delhi,Home,IKEA Study Table,2,12999,0,25998.0
ORD001094,2024-12-22,Chennai,Home,IKEA Study Table,1,12999,10,11699.1
ORD001095,2024-10-28,Pune,Electronics,OnePlus 12,2,64999,0,129998.0
ORD001096,2025-05-30,Delhi,Fashion,Levi's Jeans,1,2499,10,2249.1
ORD001097,2026-02-16,Pune,Fashion,Nike Air Max,3,6999,5,19947.15
ORD001098,2025-03-04,Mumbai,Electronics,Sony WH-1000XM5,2,29999,10,53998.2
ORD001099,2025-04-08,Ahmedabad,Electronics,OnePlus 12,2,64999,0,129998.0
ORD001100,2024-07-15,Kolkata,Electronics,Sony WH-1000XM5,1,29999,0,29999.0
ORD001101,2026-04-21,Delhi,Electronics,OnePlus 12,1,64999,0,64999.0
ORD001102,2025-07-07,Mumbai,Electronics,OnePlus 12,1,64999,10,58499.1
ORD001103,2025-03-28,Pune,Electronics,Apple iPhone 15,1,79999,5,75999.05
ORD001104,2025-02-08,Chennai,Electronics,OnePlus 12,1,64999,10,58499.1
ORD001105,2026-04-14,Ahmedabad,Home,IKEA Study Table,2,12999,0,25998.0
ORD001106,2025-09-17,Mumbai,Fashion,Nike Air Max,2,6999,10,12598.2
ORD001107,2025-08-29,Kolkata,Home,IKEA Study Table,2,12999,10,23398.2
ORD001108,2024-12-10,Chennai,Electronics,Sony WH-1000XM5,1,29999,10,26999.1
ORD001109,2026-03-08,Pune,Home,IKEA Study Table,1,12999,5,12349.05
ORD001110,2026-03-03,Chennai,Electronics,OnePlus 12,1,64999,10,58499.1
ORD001111,2024-08-18,Bengaluru,Home,IKEA Study Table,1,12999,15,11049.15
ORD001112,2024-08-26,Delhi,Electronics,Apple iPhone 15,2,79999,10,143998.2
ORD001113,2024-12-29,Delhi,Fashion,Nike Air Max,2,6999,15,11898.3
ORD001114,2025-09-17,Hyderabad,Home,IKEA Study Table,2,12999,5,24698.1
ORD001115,2025-07-14,Pune,Fashion,Nike Air Max,1,6999,10,6299.1
ORD001116,2025-08-14,Mumbai,Electronics,Samsung Galaxy S24,1,74999,0,74999.0
ORD001117,2024-11-02,Delhi,Electronics,OnePlus 12,1,64999,0,64999.0
ORD001118,2026-03-04,Mumbai,Electronics,Samsung Galaxy S24,1,74999,0,74999.0
ORD001119,2024-10-21,Mumbai,Home,Philips Air Fryer,2,8999,10,16198.2
ORD001120,2026-03-05,Mumbai,Fashion,Nike Air Max,1,6999,0,6999.0
ORD001121,2026-05-28,Kolkata,Electronics,Sony WH-1000XM5,2,29999,0,59998.0
ORD001122,2025-09-05,Chennai,Electronics,Apple iPhone 15,1,79999,15,67999.15
ORD001123,2025-08-26,Mumbai,Electronics,Apple iPhone 15,2,79999,10,143998.2
ORD001124,2024-10-28,Delhi,Electronics,Samsung Galaxy S24,2,74999,0,149998.0
ORD001125,2025-07-27,Ahmedabad,Electronics,Samsung Galaxy S24,1,74999,5,71249.05
ORD001126,2024-06-11,Bengaluru,Electronics,Sony WH-1000XM5,1,29999,5,28499.05
ORD001127,2025-02-07,Kolkata,Home,Philips Air Fryer,2,8999,10,16198.2
ORD001128,2025-07-04,Bengaluru,Home,Philips Air Fryer,3,8999,5,25647.15
ORD001129,2025-04-04,Kolkata,Home,Philips Air Fryer,1,8999,5,8549.05
ORD001130,2024-12-29,Chennai,Fashion,Nike Air Max,3,6999,10,18897.3
ORD001131,2026-01-11,Chennai,Home,Philips Air Fryer,2,8999,15,15298.3
ORD001132,2025-06-04,Ahmedabad,Electronics,Sony WH-1000XM5,1,29999,5,28499.05
ORD001133,2024-07-29,Kolkata,Fashion,Levi's Jeans,1,2499,15,2124.15
ORD001134,2025-04-28,Hyderabad,Home,Philips Air Fryer,1,8999,0,8999.0
ORD001135,2025-10-02,Mumbai,Electronics,Apple iPhone 15,1,79999,10,71999.1
ORD001136,2025-11-03,Chennai,Fashion,Levi's Jeans,4,2499,5,9496.2
ORD001137,2024-08-16,Bengaluru,Electronics,Apple iPhone 15,2,79999,10,143998.2
ORD001138,2024-10-19,Bengaluru,Electronics,Samsung Galaxy S24,1,74999,10,67499.1
ORD001139,2025-09-03,Delhi,Electronics,OnePlus 12,1,64999,5,61749.05
ORD001140,2025-11-01,Ahmedabad,Fashion,Levi's Jeans,2,2499,0,4998.0
ORD001141,2025-03-31,Kolkata,Electronics,Sony WH-1000XM5,2,29999,10,53998.2
ORD001142,2025-03-27,Hyderabad,Electronics,OnePlus 12,1,64999,0,64999.0
ORD001143,2025-09-04,Pune,Electronics,Apple iPhone 15,2,79999,15,135998.3
ORD001144,2025-09-20,Chennai,Electronics,Apple iPhone 15,3,79999,10,215997.3
ORD001145,2024-11-26,Delhi,Home,Philips Air Fryer,1,8999,0,8999.0
ORD001146,2024-12-09,Mumbai,Electronics,Apple iPhone 15,2,79999,15,135998.3
ORD001147,2025-05-15,Bengaluru,Fashion,Levi's Jeans,1,2499,10,2249.1
ORD001148,2025-08-09,Bengaluru,Fashion,Nike Air Max,1,6999,5,6649.05
ORD001149,2025-11-27,Kolkata,Electronics,Apple iPhone 15,2,79999,15,135998.3
ORD001150,2026-04-20,Ahmedabad,Electronics,Samsung Galaxy S24,1,74999,10,67499.1
ORD001151,2025-02-27,Kolkata,Electronics,OnePlus 12,1,64999,0,64999.0
ORD001152,2025-05-21,Pune,Electronics,Apple iPhone 15,1,79999,10,71999.1
ORD001153,2024-11-12,Bengaluru,Home,Philips Air Fryer,1,8999,5,8549.05
ORD001154,2025-04-17,Ahmedabad,Home,IKEA Study Table,1,12999,15,11049.15
ORD001155,2025-03-04,Delhi,Electronics,Sony WH-1000XM5,1,29999,5,28499.05
ORD001156,2025-01-08,Chennai,Electronics,Samsung Galaxy S24,1,74999,15,63749.15
ORD001157,2025-05-17,Ahmedabad,Electronics,Samsung Galaxy S24,1,74999,15,63749.15
ORD001158,2026-04-30,Chennai,Fashion,Nike Air Max,1,6999,10,6299.1
ORD001159,2025-03-01,Chennai,Electronics,Apple iPhone 15,2,79999,5,151998.1
ORD001160,2025-12-20,Mumbai,Home,IKEA Study Table,2,12999,15,22098.3
ORD001161,2025-07-19,Bengaluru,Electronics,Sony WH-1000XM5,1,29999,10,26999.1
ORD001162,2026-05-30,Delhi,Electronics,Samsung Galaxy S24,1,74999,0,74999.0
ORD001163,2025-06-14,Mumbai,Electronics,OnePlus 12,3,64999,10,175497.3
ORD001164,2026-02-12,Hyderabad,Fashion,Nike Air Max,2,6999,0,13998.0
ORD001165,2025-09-11,Delhi,Home,IKEA Study Table,1,12999,10,11699.1
ORD001166,2024-12-26,Kolkata,Electronics,Sony WH-1000XM5,1,29999,10,26999.1
ORD001167,2025-12-25,Ahmedabad,Electronics,OnePlus 12,2,64999,0,129998.0
ORD001168,2026-04-11,Hyderabad,Electronics,Apple iPhone 15,1,79999,0,79999.0
ORD001169,2025-05-10,Mumbai,Electronics,Sony WH-1000XM5,2,29999,10,53998.2
ORD001170,2025-12-12,Pune,Home,IKEA Study Table,2,12999,0,25998.0
ORD001171,2025-03-06,Pune,Home,Philips Air Fryer,2,8999,10,16198.2
ORD001172,2026-01-29,Delhi,Electronics,Apple iPhone 15,1,79999,15,67999.15
ORD001173,2026-01-26,Chennai,Home,Philips Air Fryer,1,8999,0,8999.0
ORD001174,2026-04-26,Bengaluru,Home,IKEA Study Table,3,12999,0,38997.0
ORD001175,2026-02-07,Mumbai,Electronics,Sony WH-1000XM5,1,29999,15,25499.15
ORD001176,2025-05-11,Chennai,Electronics,Apple iPhone 15,1,79999,10,71999.1
ORD001177,2026-01-20,Mumbai,Home,IKEA Study Table,1,12999,5,12349.05
ORD001178,2024-12-14,Hyderabad,Fashion,Nike Air Max,2,6999,10,12598.2
ORD001179,2025-08-22,Mumbai,Electronics,Sony WH-1000XM5,4,29999,10,107996.4
ORD001180,2024-10-05,Hyderabad,Fashion,Levi's Jeans,3,2499,0,7497.0
ORD001181,2025-03-03,Bengaluru,Electronics,Sony WH-1000XM5,1,29999,15,25499.15
ORD001182,2024-06-28,Ahmedabad,Electronics,Samsung Galaxy S24,2,74999,5,142498.1
ORD001183,2025-09-07,Hyderabad,Electronics,Sony WH-1000XM5,1,29999,15,25499.15
ORD001184,2025-12-14,Delhi,Fashion,Nike Air Max,1,6999,5,6649.05
ORD001185,2025-10-26,Bengaluru,Electronics,OnePlus 12,1,64999,5,61749.05
ORD001186,2025-03-03,Ahmedabad,Fashion,Levi's Jeans,2,2499,5,4748.1
ORD001187,2025-04-11,Chennai,Electronics,OnePlus 12,2,64999,5,123498.1
ORD001188,2025-05-26,Bengaluru,Electronics,Samsung Galaxy S24,1,74999,0,74999.0
ORD001189,2025-06-30,Mumbai,Fashion,Nike Air Max,2,6999,5,13298.1
ORD001190,2025-07-25,Ahmedabad,Fashion,Nike Air Max,3,6999,15,17847.45
ORD001191,2026-06-04,Bengaluru,Fashion,Levi's Jeans,1,2499,10,2249.1
ORD001192,2025-11-30,Mumbai,Electronics,Sony WH-1000XM5,1,29999,5,28499.05
ORD001193,2025-06-27,Delhi,Fashion,Levi's Jeans,2,2499,5,4748.1
ORD001194,2025-03-20,Pune,Electronics,Sony WH-1000XM5,2,29999,10,53998.2
ORD001195,2025-02-14,Chennai,Home,IKEA Study Table,1,12999,15,11049.15
ORD001196,2025-11-12,Kolkata,Electronics,OnePlus 12,3,64999,15,165747.45
ORD001197,2026-04-13,Mumbai,Electronics,OnePlus 12,1,64999,5,61749.05
ORD001198,2025-05-13,Hyderabad,Home,Philips Air Fryer,2,8999,0,17998.0
ORD001199,2025-06-01,Delhi,Home,Philips Air Fryer,1,8999,5,8549.05
ORD001200,2025-09-29,Kolkata,Electronics,Samsung Galaxy S24,1,74999,15,63749.15
ORD001201,2024-09-15,Ahmedabad,Fashion,Nike Air Max,3,6999,5,19947.15
ORD001202,2025-08-09,Chennai,Home,Philips Air Fryer,2,8999,15,15298.3
ORD001203,2026-04-01,Pune,Home,Philips Air Fryer,2,8999,0,17998.0
ORD001204,2025-11-28,Delhi,Home,IKEA Study Table,1,12999,0,12999.0
ORD001205,2025-11-25,Ahmedabad,Home,Philips Air Fryer,4,8999,0,35996.0
ORD001206,2024-06-14,Ahmedabad,Electronics,Apple iPhone 15,1,79999,15,67999.15
ORD001207,2025-11-10,Kolkata,Fashion,Levi's Jeans,2,2499,10,4498.2
ORD001208,2024-07-31,Bengaluru,Electronics,OnePlus 12,1,64999,0,64999.0
ORD001209,2024-09-30,Pune,Home,IKEA Study Table,2,12999,15,22098.3
ORD001210,2025-05-06,Ahmedabad,Electronics,Samsung Galaxy S24,1,74999,5,71249.05
ORD001211,2025-10-12,Bengaluru,Home,Philips Air Fryer,1,8999,0,8999.0
ORD001212,2025-07-20,Kolkata,Home,IKEA Study Table,1,12999,5,12349.05
ORD001213,2024-12-13,Pune,Electronics,Samsung Galaxy S24,1,74999,5,71249.05
ORD001214,2025-06-28,Chennai,Electronics,Samsung Galaxy S24,1,74999,15,63749.15
ORD001215,2025-01-26,Bengaluru,Electronics,Samsung Galaxy S24,1,74999,15,63749.15
ORD001216,2024-12-02,Bengaluru,Home,Philips Air Fryer,1,8999,0,8999.0
ORD001217,2024-12-27,Bengaluru,Fashion,Nike Air Max,1,6999,5,6649.05
ORD001218,2025-09-30,Ahmedabad,Electronics,OnePlus 12,1,64999,0,64999.0
ORD001219,2025-05-29,Hyderabad,Fashion,Levi's Jeans,1,2499,15,2124.15
ORD001220,2025-08-22,Delhi,Electronics,OnePlus 12,1,64999,5,61749.05
ORD001221,2025-06-25,Mumbai,Electronics,Apple iPhone 15,2,79999,10,143998.2
ORD001222,2024-06-19,Mumbai,Home,IKEA Study Table,1,12999,15,11049.15
ORD001223,2026-01-29,Kolkata,Home,IKEA Study Table,1,12999,15,11049.15
ORD001224,2025-05-29,Delhi,Home,Philips Air Fryer,1,8999,0,8999.0
ORD001225,2024-12-01,Mumbai,Fashion,Levi's Jeans,2,2499,5,4748.1
ORD001226,2025-12-05,Mumbai,Electronics,OnePlus 12,1,64999,10,58499.1
ORD001227,2025-09-01,Chennai,Electronics,OnePlus 12,3,64999,10,175497.3
ORD001228,2026-02-19,Bengaluru,Electronics,Samsung Galaxy S24,1,74999,15,63749.15
ORD001229,2026-01-15,Kolkata,Electronics,OnePlus 12,2,64999,5,123498.1
ORD001230,2025-03-17,Hyderabad,Fashion,Nike Air Max,3,6999,0,20997.0
ORD001231,2025-03-23,Pune,Fashion,Nike Air Max,1,6999,15,5949.15
ORD001232,2026-04-08,Hyderabad,Home,Philips Air Fryer,2,8999,0,17998.0
ORD001233,2025-08-01,Chennai,Home,IKEA Study Table,1,12999,10,11699.1
ORD001234,2025-08-31,Mumbai,Home,Philips Air Fryer,1,8999,5,8549.05
ORD001235,2025-05-20,Kolkata,Electronics,Samsung Galaxy S24,1,74999,0,74999.0
ORD001236,2025-01-30,Hyderabad,Fashion,Levi's Jeans,1,2499,10,2249.1
ORD001237,2026-01-02,Kolkata,Fashion,Nike Air Max,3,6999,15,17847.45
ORD001238,2024-11-24,Hyderabad,Home,IKEA Study Table,2,12999,5,24698.1
ORD001239,2025-02-28,Kolkata,Electronics,Sony WH-1000XM5,1,29999,0,29999.0
ORD001240,2024-12-14,Ahmedabad,Electronics,Samsung Galaxy S24,2,74999,5,142498.1
ORD001241,2024-06-30,Delhi,Home,Philips Air Fryer,1,8999,10,8099.1
ORD001242,2025-03-12,Hyderabad,Electronics,Apple iPhone 15,2,79999,10,143998.2
ORD001243,2024-12-17,Mumbai,Electronics,Samsung Galaxy S24,1,74999,10,67499.1
ORD001244,2025-04-06,Ahmedabad,Electronics,Samsung Galaxy S24,2,74999,10,134998.2
ORD001245,2024-11-05,Chennai,Electronics,Apple iPhone 15,2,79999,5,151998.1
ORD001246,2025-12-24,Kolkata,Fashion,Nike Air Max,3,6999,15,17847.45
ORD001247,2024-07-03,Bengaluru,Electronics,Apple iPhone 15,2,79999,15,135998.3
ORD001248,2025-10-12,Kolkata,Home,IKEA Study Table,3,12999,10,35097.3
ORD001249,2024-11-28,Hyderabad,Home,Philips Air Fryer,3,8999,0,26997.0
ORD001250,2026-05-01,Delhi,Fashion,Nike Air Max,1,6999,0,6999.0
ORD001251,2025-06-25,Pune,Fashion,Nike Air Max,2,6999,10,12598.2
ORD001252,2025-08-21,Chennai,Electronics,OnePlus 12,1,64999,0,64999.0
ORD001253,2025-11-17,Ahmedabad,Home,Philips Air Fryer,2,8999,5,17098.1
ORD001254,2024-11-03,Chennai,Electronics,OnePlus 12,1,64999,10,58499.1
ORD001255,2024-12-17,Kolkata,Electronics,Apple iPhone 15,1,79999,0,79999.0
ORD001256,2025-03-11,Delhi,Electronics,Sony WH-1000XM5,1,29999,10,26999.1
ORD001257,2026-02-05,Mumbai,Fashion,Levi's Jeans,1,2499,10,2249.1
ORD001258,2024-11-24,Mumbai,Electronics,Sony WH-1000XM5,3,29999,15,76497.45
ORD001259,2024-12-06,Delhi,Home,IKEA Study Table,3,12999,5,37047.15
ORD001260,2025-01-16,Chennai,Fashion,Nike Air Max,3,6999,10,18897.3
ORD001261,2026-05-16,Bengaluru,Electronics,OnePlus 12,2,64999,0,129998.0
ORD001262,2025-06-30,Ahmedabad,Electronics,Sony WH-1000XM5,2,29999,15,50998.3
ORD001263,2024-07-16,Pune,Electronics,Samsung Galaxy S24,1,74999,0,74999.0
ORD001264,2024-07-07,Pune,Fashion,Nike Air Max,1,6999,0,6999.0
ORD001265,2026-01-09,Delhi,Fashion,Levi's Jeans,1,2499,10,2249.1
ORD001266,2025-12-16,Hyderabad,Fashion,Nike Air Max,1,6999,10,6299.1
ORD001267,2026-03-06,Hyderabad,Fashion,Nike Air Max,2,6999,0,13998.0
ORD001268,2026-05-31,Mumbai,Electronics,OnePlus 12,1,64999,0,64999.0
ORD001269,2025-06-11,Chennai,Electronics,Samsung Galaxy S24,1,74999,10,67499.1
ORD001270,2026-05-25,Delhi,Fashion,Levi's Jeans,1,2499,10,2249.1
ORD001271,2025-01-22,Kolkata,Electronics,OnePlus 12,1,64999,10,58499.1
ORD001272,2024-09-17,Mumbai,Electronics,Apple iPhone 15,1,79999,15,67999.15
ORD001273,2026-03-10,Ahmedabad,Electronics,Samsung Galaxy S24,1,74999,0,74999.0
ORD001274,2025-03-19,Chennai,Home,Philips Air Fryer,1,8999,15,7649.15
ORD001275,2024-12-13,Pune,Fashion,Levi's Jeans,1,2499,5,2374.05
ORD001276,2025-10-09,Kolkata,Home,IKEA Study Table,1,12999,0,12999.0
ORD001277,2024-12-20,Kolkata,Electronics,Samsung Galaxy S24,1,74999,15,63749.15
ORD001278,2025-01-25,Hyderabad,Electronics,Sony WH-1000XM5,3,29999,5,85497.15
ORD001279,2026-01-03,Chennai,Fashion,Nike Air Max,1,6999,10,6299.1
ORD001280,2025-11-04,Kolkata,Home,IKEA Study Table,1,12999,0,12999.0
ORD001281,2026-05-05,Bengaluru,Electronics,Samsung Galaxy S24,1,74999,15,63749.15
ORD001282,2025-12-14,Pune,Fashion,Levi's Jeans,2,2499,5,4748.1
ORD001283,2025-03-28,Chennai,Home,Philips Air Fryer,2,8999,0,17998.0
ORD001284,2024-09-02,Ahmedabad,Electronics,Samsung Galaxy S24,2,74999,15,127498.3
ORD001285,2025-10-14,Bengaluru,Home,Philips Air Fryer,1,8999,5,8549.05
ORD001286,2025-08-03,Delhi,Home,IKEA Study Table,1,12999,10,11699.1
ORD001287,2025-08-04,Chennai,Home,Philips Air Fryer,2,8999,15,15298.3
ORD001288,2025-03-02,Kolkata,Electronics,Sony WH-1000XM5,1,29999,0,29999.0
ORD001289,2026-01-09,Chennai,Electronics,Samsung Galaxy S24,1,74999,15,63749.15
ORD001290,2025-07-24,Hyderabad,Electronics,Samsung Galaxy S24,2,74999,5,142498.1
ORD001291,2025-01-09,Ahmedabad,Home,Philips Air Fryer,1,8999,0,8999.0
ORD001292,2025-04-29,Pune,Fashion,Nike Air Max,1,6999,0,6999.0
ORD001293,2025-09-12,Bengaluru,Electronics,Sony WH-1000XM5,2,29999,0,59998.0
ORD001294,2025-07-31,Ahmedabad,Electronics,OnePlus 12,1,64999,10,58499.1
ORD001295,2025-12-24,Hyderabad,Home,IKEA Study Table,1,12999,10,11699.1
ORD001296,2025-04-20,Chennai,Fashion,Levi's Jeans,3,2499,15,6372.45
ORD001297,2025-06-14,Bengaluru,Electronics,Samsung Galaxy S24,1,74999,15,63749.15
ORD001298,2025-10-23,Mumbai,Fashion,Levi's Jeans,1,2499,0,2499.0
ORD001299,2026-04-23,Mumbai,Fashion,Nike Air Max,1,6999,10,6299.1
ORD001300,2025-01-20,Chennai,Electronics,Sony WH-1000XM5,1,29999,15,25499.15
ORD001301,2024-07-24,Delhi,Home,Philips Air Fryer,1,8999,15,7649.15
ORD001302,2025-09-01,Ahmedabad,Electronics,OnePlus 12,1,64999,5,61749.05
ORD001303,2025-08-23,Hyderabad,Fashion,Nike Air Max,2,6999,5,13298.1
ORD001304,2025-10-30,Mumbai,Electronics,OnePlus 12,1,64999,0,64999.0
ORD001305,2025-08-25,Ahmedabad,Electronics,OnePlus 12,2,64999,15,110498.3
ORD001306,2024-12-19,Kolkata,Electronics,OnePlus 12,1,64999,15,55249.15
ORD001307,2025-06-06,Ahmedabad,Home,Philips Air Fryer,2,8999,15,15298.3
ORD001308,2026-04-30,Bengaluru,Home,IKEA Study Table,1,12999,5,12349.05
ORD001309,2024-12-24,Delhi,Home,Philips Air Fryer,2,8999,15,15298.3
ORD001310,2025-01-03,Mumbai,Fashion,Levi's Jeans,1,2499,10,2249.1
ORD001311,2026-06-05,Pune,Electronics,Apple iPhone 15,1,79999,10,71999.1
ORD001312,2024-07-28,Bengaluru,Home,IKEA Study Table,4,12999,0,51996.0
ORD001313,2025-07-26,Pune,Fashion,Levi's Jeans,1,2499,0,2499.0
ORD001314,2025-04-09,Hyderabad,Electronics,Sony WH-1000XM5,1,29999,0,29999.0
ORD001315,2025-06-15,Kolkata,Electronics,Apple iPhone 15,3,79999,0,239997.0
ORD001316,2024-10-27,Chennai,Home,IKEA Study Table,1,12999,15,11049.15
ORD001317,2024-12-21,Hyderabad,Home,Philips Air Fryer,1,8999,10,8099.1
ORD001318,2024-08-11,Hyderabad,Electronics,OnePlus 12,1,64999,10,58499.1
ORD001319,2026-03-01,Mumbai,Electronics,Apple iPhone 15,2,79999,5,151998.1
ORD001320,2024-07-18,Hyderabad,Fashion,Levi's Jeans,2,2499,0,4998.0
ORD001321,2025-05-21,Hyderabad,Home,IKEA Study Table,1,12999,0,12999.0
ORD001322,2024-06-28,Hyderabad,Fashion,Levi's Jeans,1,2499,10,2249.1
ORD001323,2024-06-16,Bengaluru,Fashion,Levi's Jeans,1,2499,0,2499.0
ORD001324,2024-08-30,Bengaluru,Electronics,OnePlus 12,2,64999,10,116998.2
ORD001325,2025-02-20,Kolkata,Fashion,Levi's Jeans,2,2499,5,4748.1
ORD001326,2026-01-27,Chennai,Electronics,OnePlus 12,2,64999,0,129998.0
ORD001327,2025-12-18,Kolkata,Electronics,Samsung Galaxy S24,4,74999,5,284996.2
ORD001328,2025-03-13,Kolkata,Home,Philips Air Fryer,2,8999,5,17098.1
ORD001329,2025-09-09,Mumbai,Electronics,OnePlus 12,1,64999,10,58499.1
ORD001330,2024-12-10,Mumbai,Fashion,Levi's Jeans,2,2499,0,4998.0
ORD001331,2025-12-08,Hyderabad,Electronics,OnePlus 12,1,64999,15,55249.15
ORD001332,2025-09-17,Ahmedabad,Home,IKEA Study Table,2,12999,5,24698.1
ORD001333,2025-11-20,Ahmedabad,Home,Philips Air Fryer,1,8999,5,8549.05
ORD001334,2025-09-19,Ahmedabad,Electronics,Apple iPhone 15,1,79999,15,67999.15
ORD001335,2025-08-14,Pune,Fashion,Nike Air Max,4,6999,0,27996.0
ORD001336,2025-01-19,Hyderabad,Fashion,Nike Air Max,4,6999,15,23796.6
ORD001337,2024-07-09,Hyderabad,Fashion,Nike Air Max,1,6999,0,6999.0
ORD001338,2024-09-14,Delhi,Home,Philips Air Fryer,1,8999,5,8549.05
ORD001339,2024-12-04,Chennai,Fashion,Nike Air Max,2,6999,5,13298.1
ORD001340,2025-02-02,Mumbai,Electronics,Apple iPhone 15,2,79999,0,159998.0
ORD001341,2026-06-07,Kolkata,Home,Philips Air Fryer,1,8999,0,8999.0
ORD001342,2025-10-04,Hyderabad,Fashion,Nike Air Max,1,6999,10,6299.1
ORD001343,2025-01-25,Mumbai,Electronics,Sony WH-1000XM5,1,29999,0,29999.0
ORD001344,2025-09-06,Pune,Electronics,Sony WH-1000XM5,4,29999,0,119996.0
ORD001345,2024-10-06,Ahmedabad,Electronics,Samsung Galaxy S24,3,74999,5,213747.15
ORD001346,2026-03-03,Hyderabad,Electronics,OnePlus 12,3,64999,5,185247.15
ORD001347,2025-03-14,Kolkata,Fashion,Levi's Jeans,1,2499,0,2499.0
ORD001348,2025-01-18,Hyderabad,Fashion,Levi's Jeans,2,2499,10,4498.2
ORD001349,2025-05-22,Mumbai,Electronics,OnePlus 12,2,64999,10,116998.2
ORD001350,2025-10-25,Hyderabad,Home,Philips Air Fryer,1,8999,0,8999.0
ORD001351,2026-01-02,Kolkata,Fashion,Levi's Jeans,1,2499,0,2499.0
ORD001352,2025-03-13,Kolkata,Electronics,Sony WH-1000XM5,2,29999,5,56998.1
ORD001353,2026-01-23,Delhi,Electronics,Samsung Galaxy S24,1,74999,15,63749.15
ORD001354,2025-08-25,Pune,Electronics,Samsung Galaxy S24,3,74999,10,202497.3
ORD001355,2025-05-19,Kolkata,Electronics,Apple iPhone 15,1,79999,10,71999.1
ORD001356,2025-06-07,Mumbai,Electronics,Apple iPhone 15,3,79999,5,227997.15
ORD001357,2024-11-01,Bengaluru,Electronics,Apple iPhone 15,2,79999,10,143998.2
ORD001358,2026-05-17,Kolkata,Fashion,Nike Air Max,3,6999,0,20997.0
ORD001359,2025-09-04,Delhi,Home,IKEA Study Table,1,12999,0,12999.0
ORD001360,2026-05-23,Pune,Electronics,Apple iPhone 15,1,79999,15,67999.15
ORD001361,2026-06-03,Ahmedabad,Fashion,Nike Air Max,1,6999,10,6299.1
ORD001362,2025-03-08,Chennai,Electronics,Apple iPhone 15,2,79999,0,159998.0
ORD001363,2025-08-05,Hyderabad,Fashion,Nike Air Max,1,6999,15,5949.15
ORD001364,2025-04-22,Ahmedabad,Electronics,Sony WH-1000XM5,1,29999,0,29999.0
ORD001365,2024-07-10,Pune,Electronics,Sony WH-1000XM5,1,29999,15,25499.15
ORD001366,2025-08-29,Delhi,Fashion,Nike Air Max,1,6999,15,5949.15
ORD001367,2024-10-13,Delhi,Electronics,OnePlus 12,1,64999,0,64999.0
ORD001368,2025-05-14,Kolkata,Home,IKEA Study Table,1,12999,10,11699.1
ORD001369,2025-02-09,Mumbai,Home,IKEA Study Table,4,12999,0,51996.0
ORD001370,2025-06-13,Ahmedabad,Fashion,Nike Air Max,1,6999,0,6999.0
ORD001371,2025-01-13,Bengaluru,Electronics,Samsung Galaxy S24,1,74999,15,63749.15
ORD001372,2026-03-03,Bengaluru,Electronics,Sony WH-1000XM5,3,29999,0,89997.0
ORD001373,2024-08-22,Mumbai,Home,IKEA Study Table,2,12999,15,22098.3
ORD001374,2025-12-22,Mumbai,Electronics,Sony WH-1000XM5,2,29999,5,56998.1
ORD001375,2025-11-12,Pune,Electronics,OnePlus 12,2,64999,10,116998.2
ORD001376,2024-08-27,Pune,Home,IKEA Study Table,2,12999,0,25998.0
ORD001377,2025-04-02,Pune,Electronics,Samsung Galaxy S24,1,74999,5,71249.05
ORD001378,2024-09-09,Chennai,Electronics,Sony WH-1000XM5,1,29999,15,25499.15
ORD001379,2024-07-15,Chennai,Electronics,Samsung Galaxy S24,4,74999,5,284996.2
ORD001380,2025-01-20,Chennai,Electronics,Sony WH-1000XM5,2,29999,5,56998.1
ORD001381,2024-08-06,Ahmedabad,Electronics,Samsung Galaxy S24,1,74999,5,71249.05
ORD001382,2026-05-12,Kolkata,Electronics,OnePlus 12,2,64999,5,123498.1
ORD001383,2024-06-17,Bengaluru,Electronics,Sony WH-1000XM5,3,29999,0,89997.0
ORD001384,2026-03-15,Bengaluru,Electronics,Samsung Galaxy S24,2,74999,15,127498.3
ORD001385,2025-04-17,Mumbai,Electronics,Apple iPhone 15,3,79999,0,239997.0
ORD001386,2025-02-13,Hyderabad,Electronics,Apple iPhone 15,1,79999,0,79999.0
ORD001387,2025-01-13,Bengaluru,Home,Philips Air Fryer,2,8999,15,15298.3
ORD001388,2025-05-06,Kolkata,Electronics,Sony WH-1000XM5,1,29999,10,26999.1
ORD001389,2025-02-09,Mumbai,Home,Philips Air Fryer,1,8999,5,8549.05
ORD001390,2025-04-23,Hyderabad,Electronics,OnePlus 12,2,64999,0,129998.0
ORD001391,2025-07-15,Delhi,Fashion,Nike Air Max,1,6999,5,6649.05
ORD001392,2025-03-20,Chennai,Electronics,Samsung Galaxy S24,4,74999,0,299996.0
ORD001393,2024-06-08,Hyderabad,Electronics,Sony WH-1000XM5,1,29999,5,28499.05
ORD001394,2024-11-19,Kolkata,Electronics,Apple iPhone 15,1,79999,5,75999.05
ORD001395,2025-05-24,Mumbai,Home,IKEA Study Table,1,12999,0,12999.0
ORD001396,2024-12-21,Hyderabad,Fashion,Nike Air Max,1,6999,15,5949.15
ORD001397,2024-10-27,Mumbai,Fashion,Nike Air Max,2,6999,15,11898.3
ORD001398,2024-11-04,Bengaluru,Electronics,Samsung Galaxy S24,2,74999,5,142498.1
ORD001399,2024-08-22,Pune,Electronics,Apple iPhone 15,1,79999,0,79999.0
ORD001400,2025-04-08,Ahmedabad,Electronics,Sony WH-1000XM5,2,29999,10,53998.2
ORD001401,2026-01-29,Delhi,Electronics,Sony WH-1000XM5,2,29999,10,53998.2
ORD001402,2024-08-21,Delhi,Electronics,Samsung Galaxy S24,1,74999,0,74999.0
ORD001403,2025-07-21,Delhi,Home,Philips Air Fryer,3,8999,15,22947.45
ORD001404,2026-06-03,Mumbai,Electronics,Samsung Galaxy S24,1,74999,15,63749.15
ORD001405,2025-06-08,Bengaluru,Home,Philips Air Fryer,1,8999,15,7649.15
ORD001406,2024-06-09,Delhi,Home,Philips Air Fryer,1,8999,15,7649.15
ORD001407,2025-04-18,Chennai,Fashion,Nike Air Max,4,6999,5,26596.2
ORD001408,2026-05-11,Hyderabad,Electronics,OnePlus 12,1,64999,0,64999.0
ORD001409,2025-05-29,Kolkata,Electronics,OnePlus 12,1,64999,15,55249.15
ORD001410,2025-09-05,Delhi,Home,Philips Air Fryer,1,8999,10,8099.1
ORD001411,2025-08-14,Delhi,Fashion,Levi's Jeans,2,2499,5,4748.1
ORD001412,2025-07-06,Delhi,Electronics,Samsung Galaxy S24,1,74999,15,63749.15
ORD001413,2025-10-24,Mumbai,Home,IKEA Study Table,2,12999,10,23398.2
ORD001414,2026-02-24,Delhi,Home,Philips Air Fryer,2,8999,5,17098.1
ORD001415,2026-03-10,Bengaluru,Fashion,Nike Air Max,1,6999,5,6649.05
ORD001416,2025-06-16,Mumbai,Electronics,Apple iPhone 15,1,79999,0,79999.0
ORD001417,2025-03-28,Ahmedabad,Home,IKEA Study Table,2,12999,0,25998.0
ORD001418,2025-12-15,Kolkata,Home,Philips Air Fryer,1,8999,0,8999.0
ORD001419,2024-10-17,Ahmedabad,Home,IKEA Study Table,1,12999,0,12999.0
ORD001420,2026-06-05,Delhi,Electronics,Sony WH-1000XM5,1,29999,10,26999.1
ORD001421,2024-12-17,Bengaluru,Electronics,Samsung Galaxy S24,1,74999,10,67499.1
ORD001422,2025-04-03,Kolkata,Home,IKEA Study Table,3,12999,0,38997.0
ORD001423,2025-02-06,Bengaluru,Home,IKEA Study Table,2,12999,15,22098.3
ORD001424,2025-09-27,Pune,Fashion,Nike Air Max,2,6999,0,13998.0
ORD001425,2024-09-26,Mumbai,Home,Philips Air Fryer,3,8999,10,24297.3
ORD001426,2024-11-30,Delhi,Fashion,Levi's Jeans,1,2499,10,2249.1
ORD001427,2024-08-29,Mumbai,Electronics,Samsung Galaxy S24,2,74999,10,134998.2
ORD001428,2025-01-14,Ahmedabad,Fashion,Nike Air Max,3,6999,0,20997.0
ORD001429,2025-01-16,Chennai,Fashion,Nike Air Max,1,6999,0,6999.0
ORD001430,2024-11-24,Delhi,Fashion,Nike Air Max,1,6999,0,6999.0
ORD001431,2024-11-15,Pune,Electronics,OnePlus 12,4,64999,5,246996.2
ORD001432,2024-08-23,Delhi,Home,IKEA Study Table,2,12999,5,24698.1
ORD001433,2026-05-06,Ahmedabad,Fashion,Nike Air Max,1,6999,10,6299.1
ORD001434,2026-05-28,Chennai,Fashion,Levi's Jeans,1,2499,10,2249.1
ORD001435,2025-07-06,Kolkata,Home,IKEA Study Table,1,12999,0,12999.0
ORD001436,2026-05-17,Pune,Fashion,Levi's Jeans,1,2499,10,2249.1
ORD001437,2025-03-25,Pune,Electronics,Sony WH-1000XM5,3,29999,15,76497.45
ORD001438,2024-06-13,Hyderabad,Electronics,Samsung Galaxy S24,1,74999,5,71249.05
ORD001439,2025-03-07,Pune,Electronics,Samsung Galaxy S24,1,74999,10,67499.1
ORD001440,2025-03-20,Mumbai,Electronics,OnePlus 12,1,64999,5,61749.05
ORD001441,2024-12-15,Kolkata,Fashion,Levi's Jeans,1,2499,5,2374.05
ORD001442,2025-02-27,Hyderabad,Fashion,Nike Air Max,1,6999,0,6999.0
ORD001443,2025-07-20,Chennai,Electronics,Sony WH-1000XM5,1,29999,5,28499.05
ORD001444,2024-07-05,Kolkata,Home,Philips Air Fryer,1,8999,10,8099.1
ORD001445,2024-08-26,Hyderabad,Home,IKEA Study Table,1,12999,5,12349.05
ORD001446,2025-11-09,Kolkata,Electronics,OnePlus 12,2,64999,5,123498.1
ORD001447,2024-07-14,Bengaluru,Fashion,Nike Air Max,4,6999,0,27996.0
ORD001448,2025-01-18,Bengaluru,Fashion,Nike Air Max,1,6999,5,6649.05
ORD001449,2026-03-16,Bengaluru,Fashion,Levi's Jeans,1,2499,5,2374.05
ORD001450,2024-10-04,Chennai,Electronics,OnePlus 12,1,64999,0,64999.0
ORD001451,2024-08-09,Bengaluru,Electronics,OnePlus 12,1,64999,10,58499.1
ORD001452,2026-02-14,Chennai,Electronics,Sony WH-1000XM5,1,29999,0,29999.0
ORD001453,2024-06-24,Bengaluru,Fashion,Nike Air Max,1,6999,15,5949.15
ORD001454,2024-09-15,Ahmedabad,Fashion,Levi's Jeans,1,2499,0,2499.0
ORD001455,2024-10-13,Chennai,Home,IKEA Study Table,2,12999,15,22098.3
ORD001456,2024-06-29,Hyderabad,Electronics,OnePlus 12,1,64999,10,58499.1
ORD001457,2026-04-18,Kolkata,Home,IKEA Study Table,3,12999,5,37047.15
ORD001458,2025-08-19,Mumbai,Fashion,Nike Air Max,2,6999,15,11898.3
ORD001459,2024-12-25,Hyderabad,Electronics,OnePlus 12,2,64999,0,129998.0
ORD001460,2026-04-10,Kolkata,Electronics,Apple iPhone 15,1,79999,5,75999.05
ORD001461,2024-09-13,Delhi,Fashion,Nike Air Max,1,6999,0,6999.0
ORD001462,2025-02-25,Delhi,Electronics,Sony WH-1000XM5,2,29999,10,53998.2
ORD001463,2024-11-16,Pune,Electronics,Apple iPhone 15,1,79999,15,67999.15
ORD001464,2024-11-17,Mumbai,Home,Philips Air Fryer,1,8999,10,8099.1
ORD001465,2026-04-02,Chennai,Fashion,Nike Air Max,1,6999,15,5949.15
ORD001466,2024-06-08,Chennai,Home,Philips Air Fryer,1,8999,10,8099.1
ORD001467,2025-02-06,Pune,Fashion,Nike Air Max,1,6999,15,5949.15
ORD001468,2026-03-14,Ahmedabad,Electronics,Sony WH-1000XM5,2,29999,15,50998.3
ORD001469,2025-03-03,Ahmedabad,Home,IKEA Study Table,1,12999,15,11049.15
ORD001470,2026-02-13,Bengaluru,Electronics,OnePlus 12,2,64999,0,129998.0
ORD001471,2025-08-05,Pune,Electronics,Sony WH-1000XM5,1,29999,10,26999.1
ORD001472,2025-10-19,Hyderabad,Home,Philips Air Fryer,1,8999,15,7649.15
ORD001473,2024-07-19,Bengaluru,Home,Philips Air Fryer,1,8999,15,7649.15
ORD001474,2025-02-09,Hyderabad,Electronics,Sony WH-1000XM5,1,29999,15,25499.15
ORD001475,2024-07-20,Hyderabad,Home,IKEA Study Table,1,12999,10,11699.1
ORD001476,2024-11-28,Delhi,Home,IKEA Study Table,1,12999,15,11049.15
ORD001477,2025-12-27,Hyderabad,Electronics,Apple iPhone 15,2,79999,5,151998.1
ORD001478,2025-01-09,Pune,Fashion,Levi's Jeans,4,2499,15,8496.6
ORD001479,2025-08-09,Delhi,Fashion,Levi's Jeans,1,2499,15,2124.15
ORD001480,2025-12-12,Kolkata,Electronics,Apple iPhone 15,1,79999,10,71999.1
ORD001481,2024-11-13,Kolkata,Electronics,Samsung Galaxy S24,1,74999,10,67499.1
ORD001482,2025-08-08,Pune,Home,Philips Air Fryer,3,8999,15,22947.45
ORD001483,2026-05-11,Hyderabad,Fashion,Nike Air Max,1,6999,0,6999.0
ORD001484,2026-04-22,Chennai,Electronics,OnePlus 12,1,64999,5,61749.05
ORD001485,2025-10-12,Chennai,Home,IKEA Study Table,3,12999,5,37047.15
ORD001486,2026-03-09,Ahmedabad,Electronics,OnePlus 12,1,64999,10,58499.1
ORD001487,2024-12-20,Pune,Fashion,Nike Air Max,1,6999,10,6299.1
ORD001488,2025-02-02,Pune,Electronics,Sony WH-1000XM5,2,29999,5,56998.1
ORD001489,2025-08-08,Hyderabad,Electronics,OnePlus 12,1,64999,10,58499.1
ORD001490,2024-12-21,Pune,Fashion,Levi's Jeans,2,2499,10,4498.2
ORD001491,2026-01-30,Bengaluru,Fashion,Nike Air Max,2,6999,0,13998.0
ORD001492,2026-01-02,Ahmedabad,Fashion,Levi's Jeans,1,2499,15,2124.15
ORD001493,2025-10-30,Pune,Fashion,Nike Air Max,3,6999,5,19947.15
ORD001494,2026-04-24,Delhi,Electronics,Sony WH-1000XM5,1,29999,5,28499.05
ORD001495,2025-05-17,Pune,Electronics,Samsung Galaxy S24,1,74999,0,74999.0
ORD001496,2025-05-29,Chennai,Electronics,OnePlus 12,3,64999,15,165747.45
ORD001497,2025-04-26,Kolkata,Fashion,Levi's Jeans,2,2499,5,4748.1
ORD001498,2025-08-22,Mumbai,Fashion,Nike Air Max,1,6999,10,6299.1
ORD001499,2025-07-20,Delhi,Electronics,Samsung Galaxy S24,1,74999,5,71249.05
ORD001500,2026-06-03,Pune,Fashion,Levi's Jeans,1,2499,5,2374.05
ORD001501,2025-10-29,Pune,Home,Philips Air Fryer,2,8999,0,17998.0
ORD001502,2025-08-30,Mumbai,Electronics,Apple iPhone 15,2,79999,15,135998.3
ORD001503,2026-01-25,Kolkata,Electronics,Sony WH-1000XM5,1,29999,0,29999.0
ORD001504,2025-11-23,Pune,Electronics,Samsung Galaxy S24,3,74999,0,224997.0
ORD001505,2025-08-12,Pune,Fashion,Levi's Jeans,2,2499,0,4998.0
ORD001506,2025-05-23,Bengaluru,Electronics,Sony WH-1000XM5,1,29999,5,28499.05
ORD001507,2025-09-19,Hyderabad,Fashion,Nike Air Max,1,6999,5,6649.05
ORD001508,2024-11-28,Pune,Fashion,Nike Air Max,1,6999,5,6649.05
ORD001509,2025-02-19,Delhi,Electronics,Samsung Galaxy S24,2,74999,0,149998.0
ORD001510,2025-09-19,Mumbai,Electronics,Sony WH-1000XM5,4,29999,5,113996.2
ORD001511,2024-11-15,Chennai,Electronics,Samsung Galaxy S24,3,74999,15,191247.45
ORD001512,2024-11-30,Bengaluru,Electronics,OnePlus 12,1,64999,0,64999.0
ORD001513,2025-08-15,Delhi,Fashion,Nike Air Max,4,6999,15,23796.6
ORD001514,2025-07-06,Pune,Electronics,Sony WH-1000XM5,1,29999,10,26999.1
ORD001515,2024-07-18,Kolkata,Home,IKEA Study Table,1,12999,5,12349.05
ORD001516,2024-09-20,Pune,Fashion,Nike Air Max,2,6999,0,13998.0
ORD001517,2025-01-04,Hyderabad,Fashion,Nike Air Max,1,6999,15,5949.15
ORD001518,2025-01-09,Kolkata,Home,IKEA Study Table,2,12999,10,23398.2
ORD001519,2024-09-01,Ahmedabad,Electronics,Sony WH-1000XM5,1,29999,10,26999.1
ORD001520,2025-04-30,Chennai,Electronics,Sony WH-1000XM5,3,29999,15,76497.45
ORD001521,2024-07-18,Pune,Electronics,OnePlus 12,1,64999,15,55249.15
ORD001522,2026-02-22,Pune,Home,Philips Air Fryer,1,8999,0,8999.0
ORD001523,2024-09-07,Bengaluru,Electronics,OnePlus 12,1,64999,0,64999.0
ORD001524,2025-04-17,Chennai,Electronics,Samsung Galaxy S24,1,74999,5,71249.05
ORD001525,2026-03-31,Pune,Electronics,Sony WH-1000XM5,1,29999,15,25499.15
ORD001526,2025-08-06,Hyderabad,Electronics,Sony WH-1000XM5,2,29999,15,50998.3
ORD001527,2025-08-20,Chennai,Fashion,Levi's Jeans,2,2499,15,4248.3
ORD001528,2025-12-26,Kolkata,Home,IKEA Study Table,2,12999,15,22098.3
ORD001529,2024-11-30,Pune,Fashion,Levi's Jeans,1,2499,15,2124.15
ORD001530,2024-12-19,Delhi,Electronics,Samsung Galaxy S24,1,74999,15,63749.15
ORD001531,2024-07-08,Pune,Electronics,OnePlus 12,1,64999,0,64999.0
ORD001532,2024-11-14,Ahmedabad,Home,IKEA Study Table,2,12999,5,24698.1
ORD001533,2025-11-23,Pune,Fashion,Nike Air Max,1,6999,0,6999.0
ORD001534,2026-01-27,Hyderabad,Home,IKEA Study Table,2,12999,5,24698.1
ORD001535,2024-11-10,Chennai,Home,IKEA Study Table,1,12999,10,11699.1
ORD001536,2024-07-01,Ahmedabad,Electronics,Apple iPhone 15,4,79999,0,319996.0
ORD001537,2024-12-24,Ahmedabad,Electronics,Samsung Galaxy S24,1,74999,10,67499.1
ORD001538,2025-12-10,Bengaluru,Home,IKEA Study Table,1,12999,0,12999.0
ORD001539,2025-11-28,Kolkata,Fashion,Levi's Jeans,3,2499,5,7122.15
ORD001540,2025-09-14,Kolkata,Home,Philips Air Fryer,1,8999,15,7649.15
ORD001541,2025-02-05,Kolkata,Electronics,Samsung Galaxy S24,1,74999,15,63749.15
ORD001542,2025-01-15,Mumbai,Home,IKEA Study Table,1,12999,5,12349.05
ORD001543,2025-03-26,Chennai,Home,Philips Air Fryer,1,8999,15,7649.15
ORD001544,2025-02-26,Mumbai,Fashion,Levi's Jeans,1,2499,0,2499.0
ORD001545,2025-09-07,Mumbai,Electronics,OnePlus 12,2,64999,10,116998.2
ORD001546,2024-11-29,Chennai,Fashion,Nike Air Max,1,6999,15,5949.15
ORD001547,2025-10-10,Delhi,Fashion,Nike Air Max,1,6999,0,6999.0
ORD001548,2025-03-03,Pune,Electronics,Sony WH-1000XM5,1,29999,10,26999.1
ORD001549,2024-10-04,Chennai,Electronics,Samsung Galaxy S24,3,74999,0,224997.0
ORD001550,2025-07-10,Mumbai,Electronics,OnePlus 12,1,64999,10,58499.1
ORD001551,2025-04-08,Ahmedabad,Home,IKEA Study Table,2,12999,15,22098.3
ORD001552,2026-04-17,Mumbai,Fashion,Levi's Jeans,1,2499,15,2124.15
ORD001553,2026-01-05,Chennai,Fashion,Nike Air Max,1,6999,15,5949.15
ORD001554,2025-08-03,Delhi,Electronics,Samsung Galaxy S24,2,74999,0,149998.0
ORD001555,2024-12-06,Bengaluru,Fashion,Nike Air Max,1,6999,10,6299.1
ORD001556,2025-10-24,Delhi,Fashion,Levi's Jeans,1,2499,15,2124.15
ORD001557,2026-03-09,Delhi,Home,IKEA Study Table,2,12999,0,25998.0
ORD001558,2025-07-17,Ahmedabad,Fashion,Levi's Jeans,1,2499,10,2249.1
ORD001559,2025-09-15,Pune,Electronics,Sony WH-1000XM5,2,29999,0,59998.0
ORD001560,2025-09-09,Ahmedabad,Fashion,Nike Air Max,1,6999,15,5949.15
ORD001561,2024-08-19,Hyderabad,Electronics,Sony WH-1000XM5,1,29999,0,29999.0
ORD001562,2025-03-12,Delhi,Fashion,Levi's Jeans,1,2499,10,2249.1
ORD001563,2026-03-27,Bengaluru,Home,Philips Air Fryer,1,8999,15,7649.15
ORD001564,2026-03-25,Kolkata,Electronics,Apple iPhone 15,2,79999,5,151998.1
ORD001565,2026-05-15,Hyderabad,Electronics,Sony WH-1000XM5,2,29999,15,50998.3
ORD001566,2024-07-04,Delhi,Home,Philips Air Fryer,3,8999,0,26997.0
ORD001567,2024-11-25,Bengaluru,Fashion,Nike Air Max,1,6999,5,6649.05
ORD001568,2025-06-27,Chennai,Fashion,Levi's Jeans,2,2499,15,4248.3
ORD001569,2026-01-04,Hyderabad,Electronics,Samsung Galaxy S24,2,74999,15,127498.3
ORD001570,2024-11-14,Delhi,Fashion,Levi's Jeans,2,2499,10,4498.2
ORD001571,2026-01-21,Delhi,Home,Philips Air Fryer,1,8999,5,8549.05
ORD001572,2025-08-23,Kolkata,Electronics,Apple iPhone 15,1,79999,10,71999.1
ORD001573,2025-02-17,Ahmedabad,Home,IKEA Study Table,1,12999,15,11049.15
ORD001574,2025-02-01,Bengaluru,Electronics,Apple iPhone 15,1,79999,10,71999.1
ORD001575,2025-08-28,Bengaluru,Electronics,Apple iPhone 15,1,79999,10,71999.1
ORD001576,2025-12-03,Mumbai,Electronics,Apple iPhone 15,4,79999,15,271996.6
ORD001577,2024-07-07,Chennai,Electronics,Apple iPhone 15,3,79999,0,239997.0
ORD001578,2024-11-28,Chennai,Fashion,Levi's Jeans,3,2499,15,6372.45
ORD001579,2026-04-13,Delhi,Electronics,Samsung Galaxy S24,1,74999,5,71249.05
ORD001580,2025-10-25,Hyderabad,Electronics,Samsung Galaxy S24,1,74999,0,74999.0
ORD001581,2025-12-17,Pune,Home,IKEA Study Table,3,12999,5,37047.15
ORD001582,2025-10-06,Delhi,Fashion,Nike Air Max,1,6999,15,5949.15
ORD001583,2025-11-15,Bengaluru,Home,Philips Air Fryer,1,8999,0,8999.0
ORD001584,2025-12-01,Ahmedabad,Electronics,Sony WH-1000XM5,4,29999,15,101996.6
ORD001585,2025-12-02,Kolkata,Fashion,Levi's Jeans,3,2499,0,7497.0
ORD001586,2024-06-20,Chennai,Fashion,Nike Air Max,2,6999,0,13998.0
ORD001587,2024-07-07,Hyderabad,Home,Philips Air Fryer,1,8999,5,8549.05
ORD001588,2024-08-23,Hyderabad,Electronics,OnePlus 12,1,64999,10,58499.1
ORD001589,2024-09-10,Mumbai,Electronics,Apple iPhone 15,2,79999,0,159998.0
ORD001590,2025-03-08,Hyderabad,Electronics,Sony WH-1000XM5,1,29999,15,25499.15
ORD001591,2025-10-12,Delhi,Fashion,Nike Air Max,3,6999,0,20997.0
ORD001592,2025-08-28,Hyderabad,Home,IKEA Study Table,1,12999,15,11049.15
ORD001593,2025-07-19,Hyderabad,Fashion,Levi's Jeans,1,2499,5,2374.05
ORD001594,2025-08-22,Kolkata,Electronics,Sony WH-1000XM5,3,29999,5,85497.15
ORD001595,2024-09-01,Mumbai,Fashion,Nike Air Max,3,6999,15,17847.45
ORD001596,2026-02-10,Kolkata,Fashion,Levi's Jeans,3,2499,15,6372.45
ORD001597,2024-07-04,Ahmedabad,Home,Philips Air Fryer,3,8999,10,24297.3
ORD001598,2025-03-22,Pune,Electronics,Samsung Galaxy S24,2,74999,10,134998.2
ORD001599,2025-06-04,Kolkata,Fashion,Nike Air Max,1,6999,10,6299.1
ORD001600,2025-11-28,Kolkata,Electronics,Apple iPhone 15,2,79999,5,151998.1
ORD001601,2024-12-06,Hyderabad,Electronics,OnePlus 12,1,64999,5,61749.05
ORD001602,2025-11-20,Bengaluru,Fashion,Nike Air Max,1,6999,0,6999.0
ORD001603,2026-03-29,Ahmedabad,Electronics,Sony WH-1000XM5,1,29999,5,28499.05
ORD001604,2026-03-23,Hyderabad,Fashion,Nike Air Max,1,6999,5,6649.05
ORD001605,2026-02-05,Hyderabad,Electronics,OnePlus 12,2,64999,10,116998.2
ORD001606,2026-05-16,Bengaluru,Electronics,Sony WH-1000XM5,1,29999,10,26999.1
ORD001607,2024-06-21,Mumbai,Home,Philips Air Fryer,3,8999,5,25647.15
ORD001608,2025-05-10,Pune,Electronics,Apple iPhone 15,3,79999,5,227997.15
ORD001609,2025-02-10,Mumbai,Home,IKEA Study Table,1,12999,5,12349.05
ORD001610,2024-09-24,Bengaluru,Home,Philips Air Fryer,2,8999,10,16198.2
ORD001611,2025-09-18,Pune,Electronics,Samsung Galaxy S24,4,74999,5,284996.2
ORD001612,2026-04-19,Kolkata,Electronics,Apple iPhone 15,2,79999,15,135998.3
ORD001613,2026-05-23,Delhi,Home,IKEA Study Table,1,12999,5,12349.05
ORD001614,2025-11-20,Ahmedabad,Fashion,Levi's Jeans,1,2499,15,2124.15
ORD001615,2025-05-21,Delhi,Electronics,OnePlus 12,1,64999,5,61749.05
ORD001616,2024-08-28,Ahmedabad,Fashion,Levi's Jeans,2,2499,5,4748.1
ORD001617,2026-03-28,Mumbai,Electronics,OnePlus 12,1,64999,5,61749.05
ORD001618,2024-09-02,Kolkata,Fashion,Levi's Jeans,4,2499,5,9496.2
ORD001619,2024-07-23,Pune,Electronics,Sony WH-1000XM5,1,29999,15,25499.15
ORD001620,2025-02-19,Ahmedabad,Electronics,Apple iPhone 15,1,79999,10,71999.1
ORD001621,2025-08-16,Hyderabad,Electronics,Sony WH-1000XM5,2,29999,15,50998.3
ORD001622,2024-11-02,Mumbai,Electronics,Samsung Galaxy S24,1,74999,0,74999.0
ORD001623,2025-12-25,Chennai,Fashion,Nike Air Max,3,6999,15,17847.45
ORD001624,2025-04-27,Hyderabad,Electronics,Apple iPhone 15,1,79999,15,67999.15
ORD001625,2024-10-26,Mumbai,Home,Philips Air Fryer,2,8999,5,17098.1
ORD001626,2024-11-02,Chennai,Electronics,OnePlus 12,1,64999,15,55249.15
ORD001627,2025-10-04,Ahmedabad,Home,IKEA Study Table,1,12999,10,11699.1
ORD001628,2024-10-06,Mumbai,Electronics,OnePlus 12,1,64999,10,58499.1
ORD001629,2025-11-06,Chennai,Electronics,OnePlus 12,1,64999,10,58499.1
ORD001630,2026-04-13,Hyderabad,Home,Philips Air Fryer,1,8999,10,8099.1
ORD001631,2025-06-04,Chennai,Fashion,Nike Air Max,1,6999,5,6649.05
ORD001632,2026-05-20,Kolkata,Home,IKEA Study Table,2,12999,5,24698.1
ORD001633,2024-09-13,Delhi,Electronics,Apple iPhone 15,1,79999,0,79999.0
ORD001634,2025-06-11,Bengaluru,Electronics,OnePlus 12,1,64999,10,58499.1
ORD001635,2024-12-01,Mumbai,Home,IKEA Study Table,1,12999,15,11049.15
ORD001636,2025-06-21,Kolkata,Home,IKEA Study Table,1,12999,15,11049.15
ORD001637,2024-11-10,Pune,Home,IKEA Study Table,1,12999,5,12349.05
ORD001638,2024-12-10,Bengaluru,Fashion,Nike Air Max,1,6999,10,6299.1
ORD001639,2026-04-01,Delhi,Electronics,OnePlus 12,2,64999,10,116998.2
ORD001640,2026-02-24,Ahmedabad,Electronics,Apple iPhone 15,1,79999,5,75999.05
ORD001641,2024-12-09,Pune,Electronics,Samsung Galaxy S24,1,74999,15,63749.15
ORD001642,2024-12-19,Ahmedabad,Fashion,Nike Air Max,1,6999,0,6999.0
ORD001643,2024-07-08,Chennai,Fashion,Nike Air Max,1,6999,0,6999.0
ORD001644,2025-06-03,Kolkata,Electronics,OnePlus 12,1,64999,15,55249.15
ORD001645,2026-03-04,Mumbai,Home,IKEA Study Table,2,12999,10,23398.2
ORD001646,2025-04-12,Chennai,Fashion,Nike Air Max,4,6999,15,23796.6
ORD001647,2025-05-31,Hyderabad,Electronics,OnePlus 12,1,64999,0,64999.0
ORD001648,2025-02-20,Ahmedabad,Fashion,Nike Air Max,2,6999,0,13998.0
ORD001649,2024-10-07,Delhi,Electronics,Samsung Galaxy S24,1,74999,5,71249.05
ORD001650,2024-09-15,Bengaluru,Home,Philips Air Fryer,1,8999,5,8549.05
ORD001651,2026-04-03,Bengaluru,Home,Philips Air Fryer,2,8999,10,16198.2
ORD001652,2025-07-26,Hyderabad,Electronics,Samsung Galaxy S24,1,74999,15,63749.15
ORD001653,2025-05-16,Chennai,Electronics,OnePlus 12,1,64999,0,64999.0
ORD001654,2025-01-30,Kolkata,Electronics,Sony WH-1000XM5,1,29999,15,25499.15
ORD001655,2025-02-22,Pune,Fashion,Levi's Jeans,1,2499,15,2124.15
ORD001656,2024-10-29,Ahmedabad,Home,Philips Air Fryer,2,8999,5,17098.1
ORD001657,2025-03-06,Kolkata,Home,Philips Air Fryer,1,8999,10,8099.1
ORD001658,2025-10-29,Kolkata,Electronics,Sony WH-1000XM5,2,29999,5,56998.1
ORD001659,2025-07-02,Pune,Electronics,Samsung Galaxy S24,1,74999,15,63749.15
ORD001660,2025-03-01,Hyderabad,Home,IKEA Study Table,1,12999,5,12349.05
ORD001661,2024-07-19,Mumbai,Electronics,Sony WH-1000XM5,1,29999,10,26999.1
ORD001662,2026-05-12,Ahmedabad,Electronics,Samsung Galaxy S24,3,74999,0,224997.0
ORD001663,2025-07-24,Chennai,Home,Philips Air Fryer,1,8999,10,8099.1
ORD001664,2025-05-09,Pune,Fashion,Levi's Jeans,1,2499,0,2499.0
ORD001665,2024-09-04,Ahmedabad,Home,IKEA Study Table,1,12999,5,12349.05
ORD001666,2025-07-03,Chennai,Electronics,Apple iPhone 15,1,79999,10,71999.1
ORD001667,2025-08-13,Hyderabad,Home,IKEA Study Table,2,12999,15,22098.3
ORD001668,2024-06-14,Delhi,Fashion,Nike Air Max,4,6999,5,26596.2
ORD001669,2024-11-04,Pune,Electronics,OnePlus 12,1,64999,10,58499.1
ORD001670,2026-04-22,Ahmedabad,Home,Philips Air Fryer,1,8999,0,8999.0
ORD001671,2025-09-08,Kolkata,Electronics,Samsung Galaxy S24,1,74999,15,63749.15
ORD001672,2025-11-07,Hyderabad,Home,Philips Air Fryer,3,8999,15,22947.45
ORD001673,2026-05-06,Hyderabad,Fashion,Nike Air Max,2,6999,15,11898.3
ORD001674,2026-02-01,Delhi,Electronics,Samsung Galaxy S24,1,74999,0,74999.0
ORD001675,2026-04-19,Mumbai,Electronics,Samsung Galaxy S24,2,74999,5,142498.1
ORD001676,2024-12-31,Delhi,Electronics,Sony WH-1000XM5,1,29999,5,28499.05
ORD001677,2025-04-18,Pune,Home,Philips Air Fryer,2,8999,5,17098.1
ORD001678,2025-02-02,Kolkata,Fashion,Levi's Jeans,2,2499,5,4748.1
ORD001679,2024-12-01,Bengaluru,Home,Philips Air Fryer,1,8999,5,8549.05
ORD001680,2024-12-21,Mumbai,Home,IKEA Study Table,4,12999,15,44196.6
ORD001681,2026-02-04,Hyderabad,Home,IKEA Study Table,1,12999,5,12349.05
ORD001682,2025-10-02,Pune,Home,Philips Air Fryer,1,8999,0,8999.0
ORD001683,2025-12-01,Hyderabad,Home,Philips Air Fryer,4,8999,15,30596.6
ORD001684,2024-11-12,Kolkata,Electronics,Apple iPhone 15,1,79999,15,67999.15
ORD001685,2025-03-02,Ahmedabad,Electronics,Sony WH-1000XM5,2,29999,0,59998.0
ORD001686,2024-08-08,Ahmedabad,Fashion,Nike Air Max,1,6999,10,6299.1
ORD001687,2024-11-29,Kolkata,Home,IKEA Study Table,1,12999,10,11699.1
ORD001688,2026-04-13,Delhi,Home,Philips Air Fryer,1,8999,10,8099.1
ORD001689,2025-08-18,Delhi,Home,IKEA Study Table,1,12999,5,12349.05
ORD001690,2025-05-03,Bengaluru,Fashion,Nike Air Max,3,6999,15,17847.45
ORD001691,2025-04-20,Ahmedabad,Fashion,Levi's Jeans,2,2499,15,4248.3
ORD001692,2025-05-24,Delhi,Fashion,Nike Air Max,2,6999,5,13298.1
ORD001693,2025-03-19,Kolkata,Fashion,Levi's Jeans,2,2499,0,4998.0
ORD001694,2025-07-20,Kolkata,Electronics,OnePlus 12,1,64999,5,61749.05
ORD001695,2024-07-23,Hyderabad,Electronics,Samsung Galaxy S24,2,74999,15,127498.3
ORD001696,2025-09-13,Mumbai,Electronics,Sony WH-1000XM5,1,29999,0,29999.0
ORD001697,2025-06-18,Bengaluru,Fashion,Nike Air Max,3,6999,10,18897.3
ORD001698,2025-08-17,Pune,Electronics,OnePlus 12,2,64999,0,129998.0
ORD001699,2025-10-31,Pune,Fashion,Nike Air Max,1,6999,5,6649.05
ORD001700,2025-08-25,Chennai,Electronics,Sony WH-1000XM5,1,29999,10,26999.1
ORD001701,2026-03-08,Bengaluru,Electronics,Apple iPhone 15,2,79999,10,143998.2
ORD001702,2024-12-28,Kolkata,Electronics,Samsung Galaxy S24,2,74999,15,127498.3
ORD001703,2025-11-04,Mumbai,Electronics,Samsung Galaxy S24,4,74999,0,299996.0
ORD001704,2026-05-15,Delhi,Electronics,Samsung Galaxy S24,1,74999,0,74999.0
ORD001705,2025-03-18,Kolkata,Fashion,Nike Air Max,1,6999,10,6299.1
ORD001706,2024-11-15,Bengaluru,Home,IKEA Study Table,2,12999,0,25998.0
ORD001707,2025-07-12,Pune,Fashion,Nike Air Max,1,6999,5,6649.05
ORD001708,2025-09-19,Mumbai,Electronics,Sony WH-1000XM5,1,29999,15,25499.15
ORD001709,2026-04-04,Chennai,Electronics,Sony WH-1000XM5,2,29999,15,50998.3
ORD001710,2024-10-05,Hyderabad,Fashion,Levi's Jeans,1,2499,0,2499.0
ORD001711,2024-12-19,Chennai,Fashion,Nike Air Max,2,6999,15,11898.3
ORD001712,2026-02-15,Delhi,Electronics,Sony WH-1000XM5,1,29999,15,25499.15
ORD001713,2026-05-09,Ahmedabad,Electronics,OnePlus 12,2,64999,15,110498.3
ORD001714,2025-10-22,Mumbai,Home,IKEA Study Table,4,12999,10,46796.4
ORD001715,2025-12-08,Pune,Home,IKEA Study Table,1,12999,0,12999.0
ORD001716,2024-11-10,Bengaluru,Electronics,Samsung Galaxy S24,1,74999,15,63749.15
ORD001717,2025-02-17,Bengaluru,Home,Philips Air Fryer,1,8999,0,8999.0
ORD001718,2025-12-22,Ahmedabad,Electronics,Apple iPhone 15,4,79999,10,287996.4
ORD001719,2025-04-11,Chennai,Home,Philips Air Fryer,3,8999,10,24297.3
ORD001720,2024-12-15,Bengaluru,Fashion,Nike Air Max,1,6999,10,6299.1
ORD001721,2025-03-16,Kolkata,Home,Philips Air Fryer,1,8999,5,8549.05
ORD001722,2025-02-19,Delhi,Fashion,Nike Air Max,3,6999,15,17847.45
ORD001723,2025-01-27,Ahmedabad,Fashion,Levi's Jeans,1,2499,10,2249.1
ORD001724,2026-05-14,Delhi,Electronics,OnePlus 12,1,64999,10,58499.1
ORD001725,2025-03-29,Chennai,Electronics,Samsung Galaxy S24,1,74999,10,67499.1
ORD001726,2025-12-09,Delhi,Electronics,OnePlus 12,1,64999,10,58499.1
ORD001727,2026-02-20,Mumbai,Fashion,Levi's Jeans,2,2499,0,4998.0
ORD001728,2025-07-26,Pune,Fashion,Nike Air Max,1,6999,10,6299.1
ORD001729,2025-04-25,Kolkata,Electronics,Apple iPhone 15,2,79999,0,159998.0
ORD001730,2025-12-14,Kolkata,Fashion,Levi's Jeans,1,2499,0,2499.0
ORD001731,2025-06-29,Chennai,Fashion,Nike Air Max,4,6999,5,26596.2
ORD001732,2024-11-07,Ahmedabad,Fashion,Levi's Jeans,1,2499,5,2374.05
ORD001733,2024-11-02,Chennai,Electronics,Sony WH-1000XM5,1,29999,5,28499.05
ORD001734,2024-12-04,Ahmedabad,Home,IKEA Study Table,1,12999,15,11049.15
ORD001735,2025-11-05,Bengaluru,Electronics,Samsung Galaxy S24,1,74999,15,63749.15
ORD001736,2024-08-13,Chennai,Home,IKEA Study Table,1,12999,0,12999.0
ORD001737,2026-05-10,Hyderabad,Home,Philips Air Fryer,1,8999,15,7649.15
ORD001738,2025-03-28,Kolkata,Home,IKEA Study Table,2,12999,15,22098.3
ORD001739,2025-02-19,Bengaluru,Home,Philips Air Fryer,2,8999,5,17098.1
ORD001740,2025-05-01,Pune,Home,IKEA Study Table,2,12999,5,24698.1
ORD001741,2025-03-20,Bengaluru,Electronics,Sony WH-1000XM5,1,29999,0,29999.0
ORD001742,2024-11-04,Ahmedabad,Fashion,Nike Air Max,3,6999,0,20997.0
ORD001743,2025-05-26,Mumbai,Electronics,Samsung Galaxy S24,1,74999,10,67499.1
ORD001744,2026-04-14,Chennai,Electronics,OnePlus 12,1,64999,10,58499.1
ORD001745,2024-09-19,Bengaluru,Fashion,Levi's Jeans,1,2499,0,2499.0
ORD001746,2026-04-01,Mumbai,Electronics,OnePlus 12,2,64999,15,110498.3
ORD001747,2025-09-21,Bengaluru,Fashion,Levi's Jeans,3,2499,5,7122.15
ORD001748,2025-07-21,Pune,Home,IKEA Study Table,1,12999,10,11699.1
ORD001749,2026-05-25,Kolkata,Electronics,Apple iPhone 15,1,79999,10,71999.1
ORD001750,2025-07-08,Bengaluru,Fashion,Nike Air Max,2,6999,15,11898.3
ORD001751,2024-09-04,Kolkata,Electronics,OnePlus 12,1,64999,15,55249.15
ORD001752,2024-06-12,Pune,Home,IKEA Study Table,1,12999,10,11699.1
ORD001753,2024-07-18,Chennai,Home,Philips Air Fryer,1,8999,15,7649.15
ORD001754,2025-07-23,Hyderabad,Electronics,Apple iPhone 15,4,79999,15,271996.6
ORD001755,2026-04-04,Hyderabad,Electronics,Samsung Galaxy S24,3,74999,0,224997.0
ORD001756,2025-08-20,Delhi,Electronics,Samsung Galaxy S24,2,74999,0,149998.0
ORD001757,2025-04-05,Kolkata,Electronics,Apple iPhone 15,4,79999,5,303996.2
ORD001758,2024-11-16,Mumbai,Electronics,Apple iPhone 15,1,79999,5,75999.05
ORD001759,2025-06-20,Kolkata,Fashion,Levi's Jeans,2,2499,5,4748.1
ORD001760,2026-01-23,Ahmedabad,Electronics,Samsung Galaxy S24,2,74999,10,134998.2
ORD001761,2025-09-10,Chennai,Electronics,Apple iPhone 15,1,79999,0,79999.0
ORD001762,2025-09-08,Chennai,Home,Philips Air Fryer,1,8999,0,8999.0
ORD001763,2025-10-25,Pune,Home,Philips Air Fryer,1,8999,0,8999.0
ORD001764,2025-11-10,Hyderabad,Electronics,OnePlus 12,1,64999,5,61749.05
ORD001765,2024-11-23,Bengaluru,Electronics,Samsung Galaxy S24,1,74999,15,63749.15
ORD001766,2024-07-25,Bengaluru,Electronics,Apple iPhone 15,2,79999,10,143998.2
ORD001767,2026-02-27,Ahmedabad,Electronics,Apple iPhone 15,2,79999,10,143998.2
ORD001768,2026-01-14,Chennai,Electronics,Samsung Galaxy S24,1,74999,15,63749.15
ORD001769,2024-12-29,Mumbai,Fashion,Levi's Jeans,1,2499,0,2499.0
ORD001770,2025-02-28,Kolkata,Electronics,Sony WH-1000XM5,1,29999,5,28499.05
ORD001771,2026-02-17,Mumbai,Home,Philips Air Fryer,3,8999,10,24297.3
ORD001772,2024-07-27,Pune,Fashion,Nike Air Max,1,6999,15,5949.15
ORD001773,2026-03-25,Mumbai,Home,IKEA Study Table,1,12999,5,12349.05
ORD001774,2024-08-28,Delhi,Fashion,Levi's Jeans,1,2499,0,2499.0
ORD001775,2025-07-11,Kolkata,Electronics,OnePlus 12,1,64999,15,55249.15
ORD001776,2024-11-25,Bengaluru,Electronics,Samsung Galaxy S24,2,74999,5,142498.1
ORD001777,2025-06-15,Delhi,Fashion,Nike Air Max,1,6999,5,6649.05
ORD001778,2025-05-29,Mumbai,Home,Philips Air Fryer,4,8999,15,30596.6
ORD001779,2025-09-13,Bengaluru,Electronics,Apple iPhone 15,2,79999,10,143998.2
ORD001780,2025-05-09,Hyderabad,Electronics,Apple iPhone 15,1,79999,15,67999.15
ORD001781,2024-08-07,Chennai,Fashion,Levi's Jeans,2,2499,15,4248.3
ORD001782,2025-01-28,Mumbai,Electronics,Sony WH-1000XM5,1,29999,10,26999.1
ORD001783,2025-07-31,Hyderabad,Electronics,OnePlus 12,2,64999,0,129998.0
ORD001784,2025-02-06,Bengaluru,Electronics,Samsung Galaxy S24,1,74999,0,74999.0
ORD001785,2026-03-31,Chennai,Fashion,Levi's Jeans,3,2499,5,7122.15
ORD001786,2025-09-16,Hyderabad,Fashion,Nike Air Max,2,6999,15,11898.3
ORD001787,2024-09-14,Chennai,Electronics,Sony WH-1000XM5,2,29999,10,53998.2
ORD001788,2024-10-26,Mumbai,Electronics,Sony WH-1000XM5,1,29999,10,26999.1
ORD001789,2026-04-28,Kolkata,Electronics,OnePlus 12,2,64999,0,129998.0
ORD001790,2026-04-20,Ahmedabad,Electronics,Apple iPhone 15,3,79999,5,227997.15
ORD001791,2024-12-14,Pune,Home,IKEA Study Table,2,12999,0,25998.0
ORD001792,2024-06-12,Pune,Electronics,Apple iPhone 15,3,79999,15,203997.45
ORD001793,2024-08-25,Chennai,Fashion,Nike Air Max,4,6999,15,23796.6
ORD001794,2026-04-03,Pune,Home,Philips Air Fryer,1,8999,0,8999.0
ORD001795,2026-05-02,Kolkata,Home,IKEA Study Table,1,12999,5,12349.05
ORD001796,2026-05-17,Hyderabad,Electronics,Apple iPhone 15,1,79999,0,79999.0
ORD001797,2026-05-26,Delhi,Fashion,Nike Air Max,1,6999,10,6299.1
ORD001798,2025-06-13,Mumbai,Electronics,Sony WH-1000XM5,4,29999,10,107996.4
ORD001799,2024-07-22,Mumbai,Fashion,Levi's Jeans,1,2499,5,2374.05
ORD001800,2025-06-20,Pune,Electronics,Sony WH-1000XM5,4,29999,15,101996.6
ORD001801,2024-11-16,Bengaluru,Fashion,Levi's Jeans,1,2499,15,2124.15
ORD001802,2025-10-21,Pune,Electronics,Sony WH-1000XM5,2,29999,5,56998.1
ORD001803,2025-05-08,Hyderabad,Electronics,OnePlus 12,2,64999,5,123498.1
ORD001804,2026-01-17,Delhi,Electronics,Sony WH-1000XM5,3,29999,10,80997.3
ORD001805,2025-06-19,Kolkata,Electronics,Apple iPhone 15,4,79999,10,287996.4
ORD001806,2024-11-10,Chennai,Electronics,Apple iPhone 15,3,79999,0,239997.0
ORD001807,2024-08-16,Hyderabad,Home,Philips Air Fryer,2,8999,15,15298.3
ORD001808,2025-04-04,Kolkata,Electronics,Samsung Galaxy S24,2,74999,15,127498.3
ORD001809,2024-10-02,Delhi,Fashion,Nike Air Max,1,6999,0,6999.0
ORD001810,2026-01-14,Kolkata,Electronics,Apple iPhone 15,1,79999,15,67999.15
ORD001811,2026-04-03,Chennai,Fashion,Nike Air Max,1,6999,5,6649.05
ORD001812,2024-12-17,Delhi,Electronics,Samsung Galaxy S24,3,74999,0,224997.0
ORD001813,2025-05-04,Delhi,Home,Philips Air Fryer,4,8999,5,34196.2
ORD001814,2026-01-14,Pune,Electronics,OnePlus 12,1,64999,0,64999.0
ORD001815,2025-02-02,Chennai,Electronics,Apple iPhone 15,1,79999,0,79999.0
ORD001816,2024-11-06,Delhi,Fashion,Levi's Jeans,1,2499,15,2124.15
ORD001817,2025-07-19,Delhi,Fashion,Nike Air Max,2,6999,10,12598.2
ORD001818,2025-08-02,Pune,Electronics,Samsung Galaxy S24,2,74999,15,127498.3
ORD001819,2025-05-21,Mumbai,Home,IKEA Study Table,1,12999,0,12999.0
ORD001820,2025-09-10,Bengaluru,Electronics,Apple iPhone 15,1,79999,0,79999.0
ORD001821,2025-04-14,Mumbai,Electronics,Apple iPhone 15,3,79999,15,203997.45
ORD001822,2026-03-28,Pune,Fashion,Levi's Jeans,2,2499,15,4248.3
ORD001823,2025-08-06,Hyderabad,Electronics,Samsung Galaxy S24,2,74999,0,149998.0
ORD001824,2024-12-21,Delhi,Home,Philips Air Fryer,1,8999,15,7649.15
ORD001825,2024-11-13,Ahmedabad,Electronics,Apple iPhone 15,1,79999,15,67999.15
ORD001826,2025-04-10,Kolkata,Electronics,Samsung Galaxy S24,1,74999,0,74999.0
ORD001827,2025-10-28,Pune,Fashion,Nike Air Max,1,6999,0,6999.0
ORD001828,2024-07-21,Delhi,Electronics,Apple iPhone 15,1,79999,0,79999.0
ORD001829,2026-01-14,Chennai,Electronics,OnePlus 12,2,64999,10,116998.2
ORD001830,2025-03-06,Bengaluru,Home,Philips Air Fryer,1,8999,15,7649.15
ORD001831,2024-08-19,Mumbai,Electronics,Sony WH-1000XM5,1,29999,0,29999.0
ORD001832,2025-04-20,Chennai,Electronics,OnePlus 12,1,64999,15,55249.15
ORD001833,2025-09-04,Bengaluru,Fashion,Levi's Jeans,1,2499,5,2374.05
ORD001834,2025-03-15,Hyderabad,Home,IKEA Study Table,1,12999,10,11699.1
ORD001835,2025-07-23,Mumbai,Fashion,Nike Air Max,4,6999,5,26596.2
ORD001836,2024-11-19,Ahmedabad,Electronics,Sony WH-1000XM5,1,29999,0,29999.0
ORD001837,2026-05-28,Delhi,Fashion,Nike Air Max,1,6999,5,6649.05
ORD001838,2024-09-01,Kolkata,Electronics,Samsung Galaxy S24,1,74999,15,63749.15
ORD001839,2025-08-10,Hyderabad,Fashion,Nike Air Max,3,6999,10,18897.3
ORD001840,2025-03-02,Kolkata,Home,Philips Air Fryer,1,8999,0,8999.0
ORD001841,2025-08-26,Delhi,Electronics,Apple iPhone 15,1,79999,0,79999.0
ORD001842,2025-12-05,Delhi,Electronics,Sony WH-1000XM5,1,29999,5,28499.05
ORD001843,2025-04-10,Ahmedabad,Home,IKEA Study Table,2,12999,10,23398.2
ORD001844,2025-09-21,Chennai,Electronics,Sony WH-1000XM5,1,29999,0,29999.0
ORD001845,2024-09-19,Pune,Electronics,Apple iPhone 15,1,79999,0,79999.0
ORD001846,2026-02-24,Chennai,Electronics,OnePlus 12,1,64999,5,61749.05
ORD001847,2025-09-02,Delhi,Electronics,Apple iPhone 15,4,79999,5,303996.2
ORD001848,2025-01-15,Bengaluru,Fashion,Levi's Jeans,1,2499,10,2249.1
ORD001849,2025-04-15,Bengaluru,Fashion,Nike Air Max,2,6999,5,13298.1
ORD001850,2024-08-30,Pune,Electronics,Sony WH-1000XM5,1,29999,10,26999.1
ORD001851,2025-06-04,Ahmedabad,Electronics,Apple iPhone 15,2,79999,5,151998.1
ORD001852,2026-05-29,Hyderabad,Electronics,Samsung Galaxy S24,1,74999,5,71249.05
ORD001853,2025-02-19,Bengaluru,Home,IKEA Study Table,1,12999,10,11699.1
ORD001854,2025-08-30,Pune,Home,Philips Air Fryer,3,8999,0,26997.0
ORD001855,2026-01-21,Delhi,Electronics,OnePlus 12,3,64999,5,185247.15
ORD001856,2025-02-20,Chennai,Electronics,Sony WH-1000XM5,1,29999,10,26999.1
ORD001857,2025-09-11,Mumbai,Home,Philips Air Fryer,4,8999,5,34196.2
ORD001858,2024-10-31,Bengaluru,Electronics,Sony WH-1000XM5,3,29999,10,80997.3
ORD001859,2025-04-05,Bengaluru,Fashion,Nike Air Max,1,6999,10,6299.1
ORD001860,2024-10-17,Kolkata,Home,IKEA Study Table,1,12999,0,12999.0
ORD001861,2024-09-20,Chennai,Electronics,Samsung Galaxy S24,1,74999,15,63749.15
ORD001862,2026-05-22,Chennai,Home,IKEA Study Table,1,12999,5,12349.05
ORD001863,2025-08-09,Kolkata,Fashion,Nike Air Max,1,6999,15,5949.15
ORD001864,2025-06-28,Mumbai,Home,IKEA Study Table,1,12999,15,11049.15
ORD001865,2025-08-16,Kolkata,Electronics,Sony WH-1000XM5,1,29999,5,28499.05
ORD001866,2025-06-16,Ahmedabad,Electronics,Sony WH-1000XM5,1,29999,10,26999.1
ORD001867,2024-11-24,Hyderabad,Home,Philips Air Fryer,1,8999,10,8099.1
ORD001868,2025-10-05,Hyderabad,Electronics,Samsung Galaxy S24,1,74999,0,74999.0
ORD001869,2025-03-31,Mumbai,Home,IKEA Study Table,1,12999,5,12349.05
ORD001870,2026-03-15,Ahmedabad,Home,IKEA Study Table,1,12999,10,11699.1
ORD001871,2025-01-05,Chennai,Home,IKEA Study Table,1,12999,15,11049.15
ORD001872,2025-08-04,Mumbai,Home,IKEA Study Table,1,12999,15,11049.15
ORD001873,2025-03-12,Pune,Electronics,OnePlus 12,1,64999,10,58499.1
ORD001874,2026-02-12,Pune,Fashion,Nike Air Max,3,6999,10,18897.3
ORD001875,2024-09-04,Pune,Fashion,Levi's Jeans,3,2499,0,7497.0
ORD001876,2025-08-17,Chennai,Electronics,Samsung Galaxy S24,1,74999,5,71249.05
ORD001877,2025-02-15,Hyderabad,Electronics,Sony WH-1000XM5,2,29999,10,53998.2
ORD001878,2024-11-12,Hyderabad,Fashion,Levi's Jeans,1,2499,5,2374.05
ORD001879,2024-07-19,Chennai,Electronics,Apple iPhone 15,2,79999,10,143998.2
ORD001880,2026-04-13,Kolkata,Home,Philips Air Fryer,3,8999,0,26997.0
ORD001881,2025-09-16,Delhi,Electronics,OnePlus 12,3,64999,5,185247.15
ORD001882,2026-06-08,Kolkata,Electronics,Sony WH-1000XM5,1,29999,15,25499.15
ORD001883,2025-10-24,Delhi,Fashion,Nike Air Max,2,6999,10,12598.2
ORD001884,2025-11-16,Delhi,Home,Philips Air Fryer,2,8999,15,15298.3
ORD001885,2026-02-14,Chennai,Home,IKEA Study Table,1,12999,0,12999.0
ORD001886,2025-02-26,Hyderabad,Electronics,OnePlus 12,1,64999,5,61749.05
ORD001887,2025-05-11,Chennai,Electronics,Apple iPhone 15,1,79999,10,71999.1
ORD001888,2024-11-01,Hyderabad,Electronics,Sony WH-1000XM5,1,29999,15,25499.15
ORD001889,2025-11-22,Bengaluru,Fashion,Nike Air Max,1,6999,0,6999.0
ORD001890,2025-05-15,Ahmedabad,Electronics,OnePlus 12,4,64999,10,233996.4
ORD001891,2025-12-28,Pune,Home,Philips Air Fryer,1,8999,15,7649.15
ORD001892,2025-01-23,Chennai,Home,Philips Air Fryer,1,8999,0,8999.0
ORD001893,2024-11-01,Pune,Home,IKEA Study Table,2,12999,10,23398.2
ORD001894,2025-10-01,Mumbai,Electronics,OnePlus 12,1,64999,5,61749.05
ORD001895,2024-09-08,Pune,Home,IKEA Study Table,1,12999,5,12349.05
ORD001896,2024-11-07,Hyderabad,Home,Philips Air Fryer,1,8999,5,8549.05
ORD001897,2025-10-10,Mumbai,Electronics,Samsung Galaxy S24,1,74999,10,67499.1
ORD001898,2026-05-01,Ahmedabad,Electronics,OnePlus 12,1,64999,15,55249.15
ORD001899,2025-06-02,Ahmedabad,Electronics,OnePlus 12,4,64999,5,246996.2
ORD001900,2025-10-09,Delhi,Home,IKEA Study Table,2,12999,15,22098.3
ORD001901,2026-06-02,Ahmedabad,Electronics,OnePlus 12,3,64999,10,175497.3
ORD001902,2026-03-24,Delhi,Home,IKEA Study Table,1,12999,10,11699.1
ORD001903,2026-02-01,Bengaluru,Home,IKEA Study Table,1,12999,0,12999.0
ORD001904,2024-06-25,Delhi,Home,IKEA Study Table,1,12999,15,11049.15
ORD001905,2026-03-07,Kolkata,Fashion,Nike Air Max,3,6999,15,17847.45
ORD001906,2026-03-16,Hyderabad,Home,IKEA Study Table,1,12999,0,12999.0
ORD001907,2024-06-08,Ahmedabad,Home,IKEA Study Table,1,12999,10,11699.1
ORD001908,2024-07-26,Ahmedabad,Electronics,OnePlus 12,1,64999,5,61749.05
ORD001909,2025-06-12,Pune,Home,IKEA Study Table,1,12999,5,12349.05
ORD001910,2025-06-22,Delhi,Home,Philips Air Fryer,2,8999,0,17998.0
ORD001911,2025-10-15,Pune,Electronics,OnePlus 12,1,64999,10,58499.1
ORD001912,2025-01-23,Pune,Electronics,Sony WH-1000XM5,3,29999,15,76497.45
ORD001913,2025-07-25,Chennai,Fashion,Nike Air Max,1,6999,0,6999.0
ORD001914,2025-05-10,Delhi,Home,Philips Air Fryer,1,8999,10,8099.1
ORD001915,2025-10-16,Kolkata,Electronics,Apple iPhone 15,1,79999,0,79999.0
ORD001916,2026-04-27,Delhi,Home,Philips Air Fryer,1,8999,15,7649.15
ORD001917,2026-02-03,Pune,Home,Philips Air Fryer,1,8999,10,8099.1
ORD001918,2025-07-10,Kolkata,Electronics,OnePlus 12,1,64999,15,55249.15
ORD001919,2025-05-02,Kolkata,Home,IKEA Study Table,1,12999,5,12349.05
ORD001920,2025-08-05,Bengaluru,Electronics,OnePlus 12,1,64999,10,58499.1
ORD001921,2026-05-19,Bengaluru,Electronics,OnePlus 12,2,64999,0,129998.0
ORD001922,2025-06-02,Bengaluru,Fashion,Levi's Jeans,1,2499,15,2124.15
ORD001923,2025-03-19,Hyderabad,Electronics,Samsung Galaxy S24,2,74999,0,149998.0
ORD001924,2025-10-09,Delhi,Electronics,OnePlus 12,1,64999,5,61749.05
ORD001925,2026-01-21,Kolkata,Electronics,Apple iPhone 15,3,79999,5,227997.15
ORD001926,2024-06-25,Ahmedabad,Electronics,Apple iPhone 15,2,79999,0,159998.0
ORD001927,2025-09-29,Mumbai,Fashion,Levi's Jeans,1,2499,0,2499.0
ORD001928,2025-11-06,Chennai,Home,Philips Air Fryer,2,8999,5,17098.1
ORD001929,2026-02-24,Ahmedabad,Electronics,Sony WH-1000XM5,1,29999,0,29999.0
ORD001930,2026-02-17,Delhi,Electronics,Apple iPhone 15,4,79999,10,287996.4
ORD001931,2026-01-01,Bengaluru,Electronics,Samsung Galaxy S24,1,74999,0,74999.0
ORD001932,2026-04-16,Chennai,Electronics,OnePlus 12,1,64999,0,64999.0
ORD001933,2026-05-14,Delhi,Fashion,Nike Air Max,1,6999,5,6649.05
ORD001934,2026-05-24,Delhi,Home,Philips Air Fryer,3,8999,0,26997.0
ORD001935,2024-09-19,Bengaluru,Electronics,Sony WH-1000XM5,1,29999,10,26999.1
ORD001936,2024-07-18,Mumbai,Electronics,Apple iPhone 15,1,79999,10,71999.1
ORD001937,2025-05-02,Pune,Home,Philips Air Fryer,1,8999,5,8549.05
ORD001938,2024-07-28,Mumbai,Fashion,Levi's Jeans,2,2499,10,4498.2
ORD001939,2026-03-17,Hyderabad,Electronics,Samsung Galaxy S24,3,74999,15,191247.45
ORD001940,2025-06-03,Bengaluru,Home,IKEA Study Table,4,12999,0,51996.0
ORD001941,2024-08-25,Ahmedabad,Fashion,Levi's Jeans,4,2499,10,8996.4
ORD001942,2024-09-15,Kolkata,Electronics,OnePlus 12,1,64999,10,58499.1
ORD001943,2026-01-29,Ahmedabad,Electronics,Samsung Galaxy S24,1,74999,15,63749.15
ORD001944,2025-04-02,Delhi,Electronics,Sony WH-1000XM5,1,29999,0,29999.0
ORD001945,2024-07-27,Hyderabad,Electronics,Apple iPhone 15,2,79999,0,159998.0
ORD001946,2024-07-20,Pune,Electronics,Sony WH-1000XM5,2,29999,5,56998.1
ORD001947,2025-01-20,Hyderabad,Electronics,Apple iPhone 15,1,79999,15,67999.15
ORD001948,2026-03-09,Mumbai,Electronics,Sony WH-1000XM5,1,29999,5,28499.05
ORD001949,2025-03-05,Chennai,Electronics,Sony WH-1000XM5,3,29999,15,76497.45
ORD001950,2025-10-28,Ahmedabad,Electronics,OnePlus 12,1,64999,0,64999.0
ORD001951,2025-09-17,Chennai,Fashion,Levi's Jeans,2,2499,5,4748.1
ORD001952,2024-06-14,Delhi,Fashion,Nike Air Max,1,6999,0,6999.0
ORD001953,2024-08-06,Chennai,Electronics,Sony WH-1000XM5,2,29999,15,50998.3
ORD001954,2026-06-02,Pune,Electronics,OnePlus 12,1,64999,0,64999.0
ORD001955,2026-04-17,Mumbai,Home,IKEA Study Table,1,12999,5,12349.05
ORD001956,2024-08-13,Pune,Electronics,OnePlus 12,3,64999,5,185247.15
ORD001957,2025-06-07,Delhi,Electronics,OnePlus 12,1,64999,5,61749.05
ORD001958,2025-01-11,Hyderabad,Electronics,Samsung Galaxy S24,1,74999,15,63749.15
ORD001959,2025-02-15,Ahmedabad,Electronics,OnePlus 12,2,64999,5,123498.1
ORD001960,2025-01-18,Hyderabad,Electronics,OnePlus 12,2,64999,10,116998.2
ORD001961,2025-01-25,Hyderabad,Home,IKEA Study Table,4,12999,5,49396.2
ORD001962,2025-01-17,Ahmedabad,Home,IKEA Study Table,1,12999,10,11699.1
ORD001963,2024-09-18,Ahmedabad,Home,Philips Air Fryer,1,8999,15,7649.15
ORD001964,2026-05-12,Mumbai,Home,Philips Air Fryer,2,8999,15,15298.3
ORD001965,2024-07-26,Hyderabad,Home,Philips Air Fryer,1,8999,0,8999.0
ORD001966,2024-11-07,Hyderabad,Electronics,OnePlus 12,1,64999,5,61749.05
ORD001967,2025-11-15,Hyderabad,Home,Philips Air Fryer,1,8999,15,7649.15
ORD001968,2025-05-21,Pune,Home,Philips Air Fryer,1,8999,15,7649.15
ORD001969,2026-03-02,Delhi,Fashion,Nike Air Max,1,6999,15,5949.15
ORD001970,2025-09-14,Mumbai,Electronics,OnePlus 12,3,64999,0,194997.0
ORD001971,2025-07-23,Ahmedabad,Fashion,Nike Air Max,1,6999,15,5949.15
ORD001972,2025-10-15,Pune,Fashion,Nike Air Max,1,6999,10,6299.1
ORD001973,2024-09-03,Ahmedabad,Home,Philips Air Fryer,3,8999,0,26997.0
ORD001974,2024-07-24,Hyderabad,Electronics,OnePlus 12,1,64999,15,55249.15
ORD001975,2024-07-07,Chennai,Fashion,Nike Air Max,1,6999,15,5949.15
ORD001976,2024-11-22,Delhi,Electronics,Apple iPhone 15,2,79999,15,135998.3
ORD001977,2024-08-22,Mumbai,Electronics,Sony WH-1000XM5,1,29999,10,26999.1
ORD001978,2026-05-26,Bengaluru,Electronics,OnePlus 12,1,64999,15,55249.15
ORD001979,2025-04-02,Mumbai,Fashion,Levi's Jeans,1,2499,5,2374.05
ORD001980,2026-06-05,Ahmedabad,Electronics,Samsung Galaxy S24,2,74999,15,127498.3
ORD001981,2024-07-10,Ahmedabad,Electronics,Samsung Galaxy S24,1,74999,5,71249.05
ORD001982,2025-09-30,Hyderabad,Electronics,OnePlus 12,2,64999,10,116998.2
ORD001983,2025-03-14,Pune,Home,Philips Air Fryer,1,8999,15,7649.15
ORD001984,2026-03-01,Bengaluru,Electronics,Samsung Galaxy S24,2,74999,10,134998.2
ORD001985,2024-12-29,Hyderabad,Fashion,Levi's Jeans,2,2499,15,4248.3
ORD001986,2025-10-17,Mumbai,Electronics,Apple iPhone 15,4,79999,15,271996.6
ORD001987,2025-03-19,Ahmedabad,Electronics,Samsung Galaxy S24,1,74999,15,63749.15
ORD001988,2026-03-08,Bengaluru,Fashion,Levi's Jeans,2,2499,5,4748.1
ORD001989,2025-09-10,Delhi,Fashion,Nike Air Max,1,6999,5,6649.05
ORD001990,2025-11-03,Kolkata,Home,IKEA Study Table,1,12999,0,12999.0
ORD001991,2025-06-04,Bengaluru,Electronics,Sony WH-1000XM5,1,29999,0,29999.0
ORD001992,2025-02-15,Kolkata,Electronics,Sony WH-1000XM5,1,29999,15,25499.15
ORD001993,2024-07-21,Pune,Electronics,Samsung Galaxy S24,3,74999,5,213747.15
ORD001994,2025-01-19,Hyderabad,Fashion,Levi's Jeans,1,2499,0,2499.0
ORD001995,2026-05-01,Kolkata,Electronics,Samsung Galaxy S24,1,74999,5,71249.05
ORD001996,2025-11-15,Mumbai,Home,IKEA Study Table,2,12999,0,25998.0
ORD001997,2025-05-29,Mumbai,Electronics,Apple iPhone 15,1,79999,0,79999.0
ORD001998,2025-07-23,Ahmedabad,Electronics,Samsung Galaxy S24,1,74999,0,74999.0
ORD001999,2025-08-31,Chennai,Fashion,Levi's Jeans,3,2499,15,6372.45
ORD002000,2025-06-06,Chennai,Home,Philips Air Fryer,1,8999,10,8099.1
ORD002001,2025-08-19,Ahmedabad,Electronics,Sony WH-1000XM5,3,29999,15,76497.45
ORD002002,2024-06-24,Pune,Electronics,Apple iPhone 15,4,79999,10,287996.4
ORD002003,2025-04-15,Bengaluru,Electronics,Apple iPhone 15,1,79999,15,67999.15
ORD002004,2025-10-17,Delhi,Electronics,Apple iPhone 15,2,79999,10,143998.2
ORD002005,2026-04-28,Ahmedabad,Fashion,Nike Air Max,1,6999,15,5949.15
ORD002006,2024-06-19,Mumbai,Electronics,Sony WH-1000XM5,1,29999,10,26999.1
ORD002007,2024-08-29,Kolkata,Fashion,Nike Air Max,3,6999,10,18897.3
ORD002008,2026-04-01,Pune,Electronics,Sony WH-1000XM5,2,29999,15,50998.3
ORD002009,2026-03-29,Pune,Fashion,Nike Air Max,1,6999,15,5949.15
ORD002010,2024-09-09,Bengaluru,Home,Philips Air Fryer,1,8999,5,8549.05
ORD002011,2024-11-13,Hyderabad,Electronics,Apple iPhone 15,1,79999,0,79999.0
ORD002012,2024-10-30,Pune,Home,IKEA Study Table,1,12999,15,11049.15
ORD002013,2026-03-23,Delhi,Home,IKEA Study Table,2,12999,5,24698.1
ORD002014,2024-06-30,Pune,Electronics,Sony WH-1000XM5,1,29999,0,29999.0
ORD002015,2025-11-06,Bengaluru,Home,Philips Air Fryer,4,8999,0,35996.0
ORD002016,2025-09-21,Delhi,Fashion,Nike Air Max,3,6999,10,18897.3
ORD002017,2025-10-23,Bengaluru,Fashion,Levi's Jeans,2,2499,0,4998.0
ORD002018,2025-04-24,Delhi,Home,IKEA Study Table,1,12999,10,11699.1
ORD002019,2025-03-11,Ahmedabad,Electronics,Samsung Galaxy S24,2,74999,15,127498.3
ORD002020,2025-07-03,Hyderabad,Home,Philips Air Fryer,2,8999,5,17098.1
ORD002021,2026-02-18,Pune,Electronics,Samsung Galaxy S24,1,74999,0,74999.0
ORD002022,2025-11-06,Pune,Fashion,Nike Air Max,2,6999,5,13298.1
ORD002023,2025-03-05,Ahmedabad,Fashion,Nike Air Max,1,6999,10,6299.1
ORD002024,2025-01-01,Ahmedabad,Electronics,Apple iPhone 15,1,79999,5,75999.05
ORD002025,2024-10-25,Bengaluru,Home,Philips Air Fryer,1,8999,10,8099.1
ORD002026,2025-12-13,Kolkata,Electronics,Sony WH-1000XM5,1,29999,0,29999.0
ORD002027,2026-03-22,Delhi,Fashion,Nike Air Max,1,6999,10,6299.1
ORD002028,2025-11-14,Hyderabad,Home,IKEA Study Table,2,12999,5,24698.1
ORD002029,2025-11-05,Chennai,Electronics,OnePlus 12,2,64999,0,129998.0
ORD002030,2025-03-23,Hyderabad,Fashion,Levi's Jeans,1,2499,0,2499.0
ORD002031,2024-06-28,Kolkata,Home,IKEA Study Table,2,12999,5,24698.1
ORD002032,2025-07-29,Mumbai,Fashion,Levi's Jeans,2,2499,15,4248.3
ORD002033,2024-06-09,Delhi,Fashion,Nike Air Max,1,6999,5,6649.05
ORD002034,2024-08-22,Kolkata,Electronics,Apple iPhone 15,3,79999,5,227997.15
ORD002035,2024-11-21,Mumbai,Home,Philips Air Fryer,1,8999,5,8549.05
ORD002036,2025-06-16,Chennai,Home,Philips Air Fryer,1,8999,15,7649.15
ORD002037,2024-08-19,Hyderabad,Home,Philips Air Fryer,1,8999,10,8099.1
ORD002038,2024-06-21,Pune,Electronics,Sony WH-1000XM5,2,29999,15,50998.3
ORD002039,2024-10-27,Hyderabad,Electronics,OnePlus 12,1,64999,0,64999.0
ORD002040,2026-01-14,Kolkata,Home,IKEA Study Table,2,12999,5,24698.1
ORD002041,2025-03-16,Delhi,Home,IKEA Study Table,1,12999,5,12349.05
ORD002042,2026-03-03,Mumbai,Electronics,Sony WH-1000XM5,2,29999,5,56998.1
ORD002043,2025-08-17,Bengaluru,Fashion,Nike Air Max,2,6999,0,13998.0
ORD002044,2025-04-16,Bengaluru,Home,Philips Air Fryer,4,8999,15,30596.6
ORD002045,2025-01-24,Bengaluru,Electronics,Apple iPhone 15,1,79999,15,67999.15
ORD002046,2025-03-12,Ahmedabad,Electronics,Apple iPhone 15,1,79999,10,71999.1
ORD002047,2025-05-14,Delhi,Electronics,OnePlus 12,2,64999,15,110498.3
ORD002048,2024-06-12,Kolkata,Electronics,Apple iPhone 15,1,79999,15,67999.15
ORD002049,2024-10-29,Ahmedabad,Fashion,Levi's Jeans,2,2499,5,4748.1
ORD002050,2025-12-18,Hyderabad,Electronics,Samsung Galaxy S24,2,74999,15,127498.3
ORD002051,2025-08-10,Pune,Home,IKEA Study Table,1,12999,0,12999.0
ORD002052,2025-02-22,Mumbai,Electronics,Samsung Galaxy S24,1,74999,5,71249.05
ORD002053,2025-04-14,Bengaluru,Home,IKEA Study Table,1,12999,0,12999.0
ORD002054,2025-05-09,Hyderabad,Home,Philips Air Fryer,1,8999,15,7649.15
ORD002055,2025-02-12,Bengaluru,Electronics,OnePlus 12,1,64999,0,64999.0
ORD002056,2025-12-20,Ahmedabad,Home,Philips Air Fryer,2,8999,0,17998.0
ORD002057,2025-09-30,Delhi,Home,IKEA Study Table,1,12999,0,12999.0
ORD002058,2026-01-13,Mumbai,Electronics,Samsung Galaxy S24,1,74999,5,71249.05
ORD002059,2025-05-24,Mumbai,Home,IKEA Study Table,2,12999,0,25998.0
ORD002060,2026-04-06,Pune,Electronics,OnePlus 12,1,64999,5,61749.05
ORD002061,2025-05-10,Pune,Fashion,Levi's Jeans,3,2499,0,7497.0
ORD002062,2025-12-11,Bengaluru,Electronics,Samsung Galaxy S24,1,74999,10,67499.1
ORD002063,2025-12-07,Delhi,Home,Philips Air Fryer,4,8999,0,35996.0
ORD002064,2024-12-24,Kolkata,Fashion,Levi's Jeans,1,2499,10,2249.1
ORD002065,2026-01-13,Chennai,Electronics,OnePlus 12,1,64999,10,58499.1
ORD002066,2026-03-31,Delhi,Electronics,Sony WH-1000XM5,2,29999,0,59998.0
ORD002067,2024-07-12,Delhi,Electronics,Apple iPhone 15,1,79999,10,71999.1
ORD002068,2024-12-25,Chennai,Electronics,OnePlus 12,2,64999,5,123498.1
ORD002069,2024-08-28,Pune,Fashion,Levi's Jeans,1,2499,15,2124.15
ORD002070,2024-10-11,Ahmedabad,Fashion,Levi's Jeans,1,2499,5,2374.05
ORD002071,2024-06-09,Ahmedabad,Home,IKEA Study Table,1,12999,10,11699.1
ORD002072,2026-01-14,Hyderabad,Electronics,OnePlus 12,1,64999,0,64999.0
ORD002073,2025-06-05,Ahmedabad,Electronics,Sony WH-1000XM5,2,29999,5,56998.1
ORD002074,2024-10-12,Ahmedabad,Electronics,OnePlus 12,1,64999,15,55249.15
ORD002075,2024-12-24,Pune,Electronics,Apple iPhone 15,4,79999,5,303996.2
ORD002076,2026-05-21,Ahmedabad,Fashion,Levi's Jeans,1,2499,0,2499.0
ORD002077,2026-01-31,Chennai,Electronics,Samsung Galaxy S24,1,74999,0,74999.0
ORD002078,2024-12-22,Delhi,Fashion,Nike Air Max,2,6999,5,13298.1
ORD002079,2024-10-16,Delhi,Fashion,Levi's Jeans,1,2499,15,2124.15
ORD002080,2025-07-17,Bengaluru,Home,Philips Air Fryer,4,8999,0,35996.0
ORD002081,2025-08-19,Pune,Fashion,Levi's Jeans,1,2499,15,2124.15
ORD002082,2025-05-25,Hyderabad,Fashion,Nike Air Max,2,6999,10,12598.2
ORD002083,2024-10-24,Chennai,Electronics,Samsung Galaxy S24,3,74999,5,213747.15
ORD002084,2026-01-22,Kolkata,Home,Philips Air Fryer,1,8999,15,7649.15
ORD002085,2024-09-07,Bengaluru,Electronics,OnePlus 12,1,64999,5,61749.05
ORD002086,2024-12-30,Mumbai,Electronics,OnePlus 12,1,64999,10,58499.1
ORD002087,2025-01-28,Ahmedabad,Fashion,Nike Air Max,2,6999,5,13298.1
ORD002088,2025-04-20,Kolkata,Home,IKEA Study Table,1,12999,10,11699.1
ORD002089,2025-12-02,Delhi,Fashion,Levi's Jeans,1,2499,15,2124.15
ORD002090,2026-04-01,Hyderabad,Fashion,Levi's Jeans,2,2499,0,4998.0
ORD002091,2025-03-16,Pune,Home,Philips Air Fryer,2,8999,0,17998.0
ORD002092,2025-05-03,Bengaluru,Electronics,Samsung Galaxy S24,2,74999,0,149998.0
ORD002093,2024-08-17,Kolkata,Electronics,Apple iPhone 15,1,79999,10,71999.1
ORD002094,2025-01-13,Bengaluru,Electronics,Apple iPhone 15,4,79999,15,271996.6
ORD002095,2025-07-31,Ahmedabad,Home,IKEA Study Table,1,12999,0,12999.0
ORD002096,2024-08-27,Ahmedabad,Electronics,Apple iPhone 15,2,79999,0,159998.0
ORD002097,2026-02-20,Kolkata,Fashion,Nike Air Max,1,6999,0,6999.0
ORD002098,2025-11-20,Bengaluru,Electronics,OnePlus 12,2,64999,5,123498.1
ORD002099,2025-12-17,Chennai,Electronics,Samsung Galaxy S24,1,74999,5,71249.05
ORD002100,2025-08-21,Bengaluru,Electronics,Apple iPhone 15,1,79999,15,67999.15
ORD002101,2024-06-09,Delhi,Fashion,Nike Air Max,4,6999,10,25196.4
ORD002102,2025-12-27,Hyderabad,Electronics,Samsung Galaxy S24,1,74999,15,63749.15
ORD002103,2024-10-04,Delhi,Fashion,Levi's Jeans,1,2499,15,2124.15
ORD002104,2026-01-25,Kolkata,Fashion,Levi's Jeans,3,2499,0,7497.0
ORD002105,2024-09-10,Kolkata,Home,IKEA Study Table,1,12999,0,12999.0
ORD002106,2026-01-10,Mumbai,Fashion,Nike Air Max,1,6999,0,6999.0
ORD002107,2026-03-01,Ahmedabad,Fashion,Nike Air Max,3,6999,5,19947.15
ORD002108,2025-12-03,Kolkata,Fashion,Nike Air Max,1,6999,15,5949.15
ORD002109,2026-03-19,Ahmedabad,Electronics,Sony WH-1000XM5,1,29999,5,28499.05
ORD002110,2025-09-04,Bengaluru,Electronics,Samsung Galaxy S24,3,74999,0,224997.0
ORD002111,2026-03-10,Chennai,Fashion,Levi's Jeans,1,2499,15,2124.15
ORD002112,2025-02-04,Hyderabad,Fashion,Levi's Jeans,1,2499,5,2374.05
ORD002113,2025-03-23,Bengaluru,Electronics,Samsung Galaxy S24,4,74999,15,254996.6
ORD002114,2024-09-23,Mumbai,Electronics,OnePlus 12,1,64999,15,55249.15
ORD002115,2024-09-11,Pune,Fashion,Nike Air Max,3,6999,5,19947.15
ORD002116,2024-10-27,Ahmedabad,Electronics,Sony WH-1000XM5,1,29999,5,28499.05
ORD002117,2024-10-05,Bengaluru,Home,Philips Air Fryer,2,8999,0,17998.0
ORD002118,2025-03-13,Pune,Electronics,Sony WH-1000XM5,3,29999,10,80997.3
ORD002119,2024-10-25,Bengaluru,Home,Philips Air Fryer,1,8999,15,7649.15
ORD002120,2025-11-16,Ahmedabad,Fashion,Nike Air Max,2,6999,15,11898.3
ORD002121,2025-04-30,Mumbai,Electronics,OnePlus 12,1,64999,0,64999.0
ORD002122,2024-10-12,Delhi,Electronics,OnePlus 12,1,64999,0,64999.0
ORD002123,2025-02-01,Ahmedabad,Electronics,Apple iPhone 15,2,79999,10,143998.2
ORD002124,2024-08-18,Hyderabad,Electronics,Apple iPhone 15,1,79999,10,71999.1
ORD002125,2025-03-13,Delhi,Home,IKEA Study Table,1,12999,15,11049.15
ORD002126,2024-07-31,Delhi,Electronics,OnePlus 12,2,64999,5,123498.1
ORD002127,2025-10-18,Delhi,Fashion,Levi's Jeans,2,2499,10,4498.2
ORD002128,2024-06-16,Bengaluru,Home,Philips Air Fryer,1,8999,0,8999.0
ORD002129,2026-06-03,Delhi,Electronics,Sony WH-1000XM5,4,29999,5,113996.2
ORD002130,2025-05-21,Hyderabad,Electronics,Samsung Galaxy S24,1,74999,0,74999.0
ORD002131,2024-11-26,Mumbai,Electronics,Sony WH-1000XM5,3,29999,15,76497.45
ORD002132,2026-06-08,Ahmedabad,Electronics,Sony WH-1000XM5,1,29999,0,29999.0
ORD002133,2024-07-15,Delhi,Home,Philips Air Fryer,1,8999,5,8549.05
ORD002134,2025-01-23,Ahmedabad,Fashion,Nike Air Max,1,6999,0,6999.0
ORD002135,2024-10-18,Chennai,Electronics,Apple iPhone 15,1,79999,10,71999.1
ORD002136,2026-02-24,Delhi,Fashion,Levi's Jeans,3,2499,15,6372.45
ORD002137,2025-03-05,Mumbai,Fashion,Nike Air Max,3,6999,5,19947.15
ORD002138,2024-08-24,Delhi,Electronics,Apple iPhone 15,1,79999,10,71999.1
ORD002139,2025-02-01,Ahmedabad,Fashion,Levi's Jeans,1,2499,0,2499.0
ORD002140,2025-02-23,Chennai,Electronics,OnePlus 12,1,64999,15,55249.15
ORD002141,2025-08-15,Mumbai,Fashion,Nike Air Max,1,6999,0,6999.0
ORD002142,2025-08-13,Chennai,Electronics,OnePlus 12,1,64999,10,58499.1
ORD002143,2025-07-26,Ahmedabad,Electronics,Sony WH-1000XM5,2,29999,5,56998.1
ORD002144,2024-09-19,Pune,Electronics,Samsung Galaxy S24,3,74999,5,213747.15
ORD002145,2024-07-27,Delhi,Electronics,Apple iPhone 15,1,79999,5,75999.05
ORD002146,2026-01-07,Chennai,Home,IKEA Study Table,3,12999,0,38997.0
ORD002147,2024-12-31,Bengaluru,Fashion,Levi's Jeans,2,2499,5,4748.1
ORD002148,2024-06-30,Hyderabad,Electronics,Apple iPhone 15,1,79999,15,67999.15
ORD002149,2025-11-11,Pune,Fashion,Nike Air Max,3,6999,15,17847.45
ORD002150,2026-03-27,Mumbai,Home,Philips Air Fryer,1,8999,15,7649.15
ORD002151,2026-01-09,Hyderabad,Electronics,OnePlus 12,1,64999,5,61749.05
ORD002152,2026-05-06,Delhi,Electronics,Apple iPhone 15,4,79999,0,319996.0
ORD002153,2024-06-18,Bengaluru,Home,Philips Air Fryer,1,8999,0,8999.0
ORD002154,2024-10-02,Ahmedabad,Home,IKEA Study Table,2,12999,15,22098.3
ORD002155,2024-08-18,Bengaluru,Home,Philips Air Fryer,2,8999,5,17098.1
ORD002156,2025-08-25,Mumbai,Electronics,Apple iPhone 15,1,79999,5,75999.05
ORD002157,2025-03-10,Hyderabad,Home,IKEA Study Table,1,12999,10,11699.1
ORD002158,2025-04-14,Pune,Electronics,Sony WH-1000XM5,1,29999,10,26999.1
ORD002159,2024-11-07,Hyderabad,Electronics,OnePlus 12,1,64999,5,61749.05
ORD002160,2025-09-03,Bengaluru,Electronics,Apple iPhone 15,2,79999,10,143998.2
ORD002161,2024-07-12,Delhi,Fashion,Levi's Jeans,3,2499,0,7497.0
ORD002162,2024-07-02,Chennai,Electronics,Sony WH-1000XM5,1,29999,0,29999.0
ORD002163,2025-02-11,Bengaluru,Fashion,Nike Air Max,1,6999,10,6299.1
ORD002164,2024-08-13,Chennai,Home,Philips Air Fryer,3,8999,10,24297.3
ORD002165,2025-12-20,Chennai,Electronics,Apple iPhone 15,2,79999,0,159998.0
ORD002166,2025-01-10,Bengaluru,Electronics,Sony WH-1000XM5,2,29999,10,53998.2
ORD002167,2024-11-06,Ahmedabad,Fashion,Levi's Jeans,4,2499,0,9996.0
ORD002168,2025-01-19,Kolkata,Fashion,Levi's Jeans,3,2499,5,7122.15
ORD002169,2025-08-24,Ahmedabad,Electronics,Sony WH-1000XM5,1,29999,5,28499.05
ORD002170,2025-03-19,Chennai,Electronics,OnePlus 12,1,64999,15,55249.15
ORD002171,2024-10-24,Kolkata,Electronics,OnePlus 12,3,64999,0,194997.0
ORD002172,2024-10-19,Delhi,Electronics,OnePlus 12,1,64999,5,61749.05
ORD002173,2024-12-12,Hyderabad,Home,IKEA Study Table,3,12999,5,37047.15
ORD002174,2025-02-17,Ahmedabad,Electronics,Apple iPhone 15,1,79999,5,75999.05
ORD002175,2025-09-18,Ahmedabad,Electronics,Sony WH-1000XM5,1,29999,0,29999.0
ORD002176,2025-05-31,Pune,Electronics,Sony WH-1000XM5,1,29999,15,25499.15
ORD002177,2025-11-20,Pune,Electronics,OnePlus 12,2,64999,0,129998.0
ORD002178,2025-12-16,Mumbai,Home,Philips Air Fryer,1,8999,0,8999.0
ORD002179,2024-11-16,Hyderabad,Electronics,Apple iPhone 15,1,79999,0,79999.0
ORD002180,2024-06-11,Mumbai,Electronics,OnePlus 12,3,64999,0,194997.0
ORD002181,2025-03-31,Pune,Electronics,Samsung Galaxy S24,1,74999,10,67499.1
ORD002182,2026-06-05,Bengaluru,Electronics,Sony WH-1000XM5,1,29999,15,25499.15
ORD002183,2025-08-28,Delhi,Fashion,Levi's Jeans,1,2499,5,2374.05
ORD002184,2026-01-29,Pune,Electronics,Apple iPhone 15,1,79999,10,71999.1
ORD002185,2024-06-13,Hyderabad,Electronics,Apple iPhone 15,2,79999,0,159998.0
ORD002186,2024-07-19,Bengaluru,Electronics,Samsung Galaxy S24,1,74999,15,63749.15
ORD002187,2026-01-10,Delhi,Electronics,Apple iPhone 15,3,79999,0,239997.0
ORD002188,2025-11-16,Hyderabad,Home,Philips Air Fryer,1,8999,10,8099.1
ORD002189,2025-01-19,Pune,Electronics,Sony WH-1000XM5,3,29999,15,76497.45
ORD002190,2024-07-09,Delhi,Home,IKEA Study Table,1,12999,0,12999.0
ORD002191,2025-02-26,Chennai,Electronics,Samsung Galaxy S24,4,74999,10,269996.4
ORD002192,2024-11-22,Chennai,Electronics,Samsung Galaxy S24,2,74999,0,149998.0
ORD002193,2024-08-21,Bengaluru,Electronics,Samsung Galaxy S24,3,74999,5,213747.15
ORD002194,2025-06-15,Ahmedabad,Home,Philips Air Fryer,1,8999,5,8549.05
ORD002195,2025-01-01,Hyderabad,Electronics,OnePlus 12,3,64999,10,175497.3
ORD002196,2025-04-03,Kolkata,Fashion,Nike Air Max,3,6999,10,18897.3
ORD002197,2026-03-11,Mumbai,Fashion,Nike Air Max,3,6999,0,20997.0
ORD002198,2024-11-16,Chennai,Electronics,OnePlus 12,2,64999,5,123498.1
ORD002199,2025-07-16,Pune,Electronics,OnePlus 12,1,64999,15,55249.15
ORD002200,2024-09-11,Bengaluru,Electronics,Samsung Galaxy S24,1,74999,10,67499.1
ORD002201,2024-09-09,Bengaluru,Electronics,Samsung Galaxy S24,1,74999,5,71249.05
ORD002202,2024-07-19,Ahmedabad,Home,Philips Air Fryer,1,8999,15,7649.15
ORD002203,2025-11-24,Chennai,Home,IKEA Study Table,2,12999,15,22098.3
ORD002204,2024-06-27,Ahmedabad,Electronics,OnePlus 12,2,64999,5,123498.1
ORD002205,2026-01-07,Delhi,Home,Philips Air Fryer,1,8999,15,7649.15
ORD002206,2024-11-25,Delhi,Home,Philips Air Fryer,1,8999,15,7649.15
ORD002207,2026-02-23,Delhi,Electronics,Samsung Galaxy S24,1,74999,0,74999.0
ORD002208,2025-08-05,Bengaluru,Electronics,Apple iPhone 15,1,79999,15,67999.15
ORD002209,2024-10-10,Chennai,Electronics,Samsung Galaxy S24,1,74999,10,67499.1
ORD002210,2025-12-21,Ahmedabad,Electronics,OnePlus 12,1,64999,5,61749.05
ORD002211,2025-07-13,Mumbai,Electronics,Sony WH-1000XM5,1,29999,5,28499.05
ORD002212,2026-04-06,Ahmedabad,Electronics,OnePlus 12,1,64999,5,61749.05
ORD002213,2025-07-05,Chennai,Electronics,Apple iPhone 15,2,79999,15,135998.3
ORD002214,2025-01-10,Kolkata,Electronics,Apple iPhone 15,2,79999,0,159998.0
ORD002215,2025-11-25,Bengaluru,Electronics,OnePlus 12,1,64999,10,58499.1
ORD002216,2026-01-10,Ahmedabad,Electronics,Samsung Galaxy S24,1,74999,0,74999.0
ORD002217,2025-01-10,Bengaluru,Electronics,OnePlus 12,2,64999,15,110498.3
ORD002218,2026-02-01,Kolkata,Fashion,Levi's Jeans,1,2499,10,2249.1
ORD002219,2025-01-20,Mumbai,Electronics,Apple iPhone 15,1,79999,5,75999.05
ORD002220,2026-02-22,Bengaluru,Electronics,Apple iPhone 15,2,79999,5,151998.1
ORD002221,2025-06-10,Kolkata,Electronics,Apple iPhone 15,1,79999,15,67999.15
ORD002222,2026-04-22,Delhi,Fashion,Levi's Jeans,3,2499,10,6747.3
ORD002223,2025-06-09,Pune,Home,Philips Air Fryer,3,8999,10,24297.3
ORD002224,2024-06-16,Delhi,Home,Philips Air Fryer,4,8999,5,34196.2
ORD002225,2025-06-19,Ahmedabad,Home,Philips Air Fryer,2,8999,5,17098.1
ORD002226,2024-11-26,Kolkata,Electronics,OnePlus 12,2,64999,0,129998.0
ORD002227,2026-04-25,Ahmedabad,Home,IKEA Study Table,1,12999,15,11049.15
ORD002228,2025-07-07,Ahmedabad,Electronics,OnePlus 12,1,64999,10,58499.1
ORD002229,2025-10-11,Pune,Electronics,Sony WH-1000XM5,1,29999,0,29999.0
ORD002230,2025-01-10,Mumbai,Fashion,Nike Air Max,2,6999,10,12598.2
ORD002231,2026-04-24,Pune,Electronics,Sony WH-1000XM5,1,29999,0,29999.0
ORD002232,2024-08-30,Delhi,Electronics,Sony WH-1000XM5,1,29999,10,26999.1
ORD002233,2025-11-19,Delhi,Electronics,Sony WH-1000XM5,2,29999,0,59998.0
ORD002234,2026-02-03,Kolkata,Fashion,Levi's Jeans,1,2499,0,2499.0
ORD002235,2025-08-08,Hyderabad,Electronics,Apple iPhone 15,1,79999,0,79999.0
ORD002236,2025-12-14,Ahmedabad,Electronics,Apple iPhone 15,4,79999,10,287996.4
ORD002237,2025-04-05,Chennai,Electronics,Sony WH-1000XM5,1,29999,15,25499.15
ORD002238,2025-11-13,Chennai,Electronics,OnePlus 12,2,64999,0,129998.0
ORD002239,2025-05-30,Bengaluru,Home,Philips Air Fryer,3,8999,0,26997.0
ORD002240,2025-12-04,Kolkata,Electronics,Apple iPhone 15,1,79999,15,67999.15
ORD002241,2025-09-10,Kolkata,Electronics,Apple iPhone 15,1,79999,5,75999.05
ORD002242,2025-11-29,Delhi,Electronics,Samsung Galaxy S24,3,74999,0,224997.0
ORD002243,2026-02-23,Bengaluru,Electronics,Sony WH-1000XM5,2,29999,5,56998.1
ORD002244,2026-02-17,Chennai,Fashion,Nike Air Max,1,6999,5,6649.05
ORD002245,2025-03-22,Mumbai,Fashion,Levi's Jeans,1,2499,15,2124.15
ORD002246,2026-02-09,Bengaluru,Home,Philips Air Fryer,1,8999,0,8999.0
ORD002247,2026-04-18,Bengaluru,Home,IKEA Study Table,1,12999,0,12999.0
ORD002248,2025-09-14,Kolkata,Fashion,Levi's Jeans,1,2499,0,2499.0
ORD002249,2024-06-29,Hyderabad,Electronics,Samsung Galaxy S24,1,74999,5,71249.05
ORD002250,2025-10-15,Chennai,Electronics,OnePlus 12,1,64999,10,58499.1
ORD002251,2025-07-14,Hyderabad,Electronics,Samsung Galaxy S24,1,74999,15,63749.15
ORD002252,2026-06-02,Bengaluru,Home,IKEA Study Table,4,12999,15,44196.6
ORD002253,2025-09-20,Mumbai,Electronics,Samsung Galaxy S24,4,74999,15,254996.6
ORD002254,2025-05-30,Ahmedabad,Fashion,Nike Air Max,3,6999,15,17847.45
ORD002255,2025-05-17,Chennai,Electronics,OnePlus 12,1,64999,10,58499.1
ORD002256,2026-05-07,Hyderabad,Electronics,Samsung Galaxy S24,2,74999,15,127498.3
ORD002257,2025-08-16,Delhi,Electronics,Apple iPhone 15,2,79999,0,159998.0
ORD002258,2024-10-23,Hyderabad,Electronics,Apple iPhone 15,1,79999,0,79999.0
ORD002259,2025-01-21,Pune,Home,Philips Air Fryer,1,8999,15,7649.15
ORD002260,2025-06-22,Pune,Electronics,Sony WH-1000XM5,1,29999,15,25499.15
ORD002261,2025-04-03,Pune,Fashion,Nike Air Max,1,6999,15,5949.15
ORD002262,2025-07-03,Ahmedabad,Electronics,Samsung Galaxy S24,1,74999,0,74999.0
ORD002263,2024-09-11,Pune,Home,Philips Air Fryer,1,8999,10,8099.1
ORD002264,2025-05-21,Delhi,Fashion,Nike Air Max,1,6999,15,5949.15
ORD002265,2026-05-02,Mumbai,Home,IKEA Study Table,1,12999,15,11049.15
ORD002266,2025-08-07,Delhi,Electronics,OnePlus 12,3,64999,5,185247.15
ORD002267,2026-02-03,Mumbai,Fashion,Nike Air Max,1,6999,15,5949.15
ORD002268,2026-05-09,Delhi,Fashion,Nike Air Max,2,6999,15,11898.3
ORD002269,2025-08-24,Ahmedabad,Electronics,Apple iPhone 15,1,79999,0,79999.0
ORD002270,2026-02-23,Pune,Fashion,Levi's Jeans,1,2499,5,2374.05
ORD002271,2026-01-17,Pune,Electronics,OnePlus 12,1,64999,15,55249.15
ORD002272,2025-10-08,Ahmedabad,Fashion,Levi's Jeans,3,2499,15,6372.45
ORD002273,2026-04-26,Bengaluru,Electronics,Sony WH-1000XM5,2,29999,10,53998.2
ORD002274,2025-11-17,Chennai,Electronics,Apple iPhone 15,1,79999,15,67999.15
ORD002275,2025-12-26,Ahmedabad,Fashion,Levi's Jeans,1,2499,10,2249.1
ORD002276,2025-05-14,Ahmedabad,Home,IKEA Study Table,1,12999,5,12349.05
ORD002277,2024-10-31,Mumbai,Fashion,Nike Air Max,3,6999,15,17847.45
ORD002278,2026-02-21,Chennai,Electronics,Sony WH-1000XM5,1,29999,5,28499.05
ORD002279,2025-01-09,Bengaluru,Fashion,Nike Air Max,1,6999,15,5949.15
ORD002280,2024-10-30,Ahmedabad,Home,IKEA Study Table,3,12999,0,38997.0
ORD002281,2026-01-30,Kolkata,Fashion,Levi's Jeans,1,2499,0,2499.0
ORD002282,2026-02-03,Mumbai,Electronics,OnePlus 12,2,64999,0,129998.0
ORD002283,2024-12-09,Ahmedabad,Electronics,Sony WH-1000XM5,2,29999,5,56998.1
ORD002284,2025-02-25,Chennai,Electronics,OnePlus 12,2,64999,5,123498.1
ORD002285,2025-07-25,Chennai,Electronics,Sony WH-1000XM5,4,29999,0,119996.0
ORD002286,2026-03-21,Pune,Fashion,Nike Air Max,1,6999,10,6299.1
ORD002287,2025-03-26,Ahmedabad,Home,IKEA Study Table,2,12999,15,22098.3
ORD002288,2024-08-05,Chennai,Home,Philips Air Fryer,1,8999,15,7649.15
ORD002289,2026-04-27,Ahmedabad,Electronics,Samsung Galaxy S24,3,74999,15,191247.45
ORD002290,2025-04-05,Ahmedabad,Fashion,Nike Air Max,1,6999,5,6649.05
ORD002291,2026-05-01,Hyderabad,Home,Philips Air Fryer,1,8999,15,7649.15
ORD002292,2025-03-10,Pune,Electronics,Samsung Galaxy S24,4,74999,0,299996.0
ORD002293,2025-07-27,Pune,Electronics,Apple iPhone 15,2,79999,15,135998.3
ORD002294,2026-05-08,Kolkata,Home,IKEA Study Table,2,12999,0,25998.0
ORD002295,2025-02-10,Delhi,Electronics,Apple iPhone 15,2,79999,15,135998.3
ORD002296,2025-08-19,Pune,Electronics,Sony WH-1000XM5,2,29999,15,50998.3
ORD002297,2025-01-04,Chennai,Electronics,Sony WH-1000XM5,3,29999,0,89997.0
ORD002298,2025-01-30,Mumbai,Home,IKEA Study Table,1,12999,15,11049.15
ORD002299,2025-03-03,Hyderabad,Fashion,Nike Air Max,2,6999,10,12598.2
ORD002300,2024-10-13,Delhi,Fashion,Levi's Jeans,1,2499,15,2124.15
ORD002301,2025-03-07,Mumbai,Electronics,Apple iPhone 15,3,79999,15,203997.45
ORD002302,2024-06-25,Chennai,Electronics,Apple iPhone 15,1,79999,10,71999.1
ORD002303,2026-04-01,Delhi,Fashion,Nike Air Max,1,6999,15,5949.15
ORD002304,2026-03-20,Mumbai,Home,Philips Air Fryer,1,8999,15,7649.15
ORD002305,2026-05-12,Bengaluru,Home,Philips Air Fryer,1,8999,15,7649.15
ORD002306,2026-01-31,Ahmedabad,Home,Philips Air Fryer,3,8999,5,25647.15
ORD002307,2024-09-11,Pune,Electronics,Sony WH-1000XM5,1,29999,5,28499.05
ORD002308,2024-11-10,Bengaluru,Home,Philips Air Fryer,2,8999,10,16198.2
ORD002309,2025-07-26,Mumbai,Fashion,Nike Air Max,1,6999,0,6999.0
ORD002310,2025-01-10,Mumbai,Home,Philips Air Fryer,1,8999,5,8549.05
ORD002311,2026-03-28,Bengaluru,Electronics,Samsung Galaxy S24,1,74999,0,74999.0
ORD002312,2025-06-20,Bengaluru,Home,IKEA Study Table,2,12999,10,23398.2
ORD002313,2026-05-06,Hyderabad,Electronics,Sony WH-1000XM5,2,29999,5,56998.1
ORD002314,2026-03-12,Ahmedabad,Electronics,Sony WH-1000XM5,1,29999,5,28499.05
ORD002315,2024-10-17,Pune,Fashion,Levi's Jeans,2,2499,10,4498.2
ORD002316,2026-01-24,Pune,Electronics,OnePlus 12,2,64999,0,129998.0
ORD002317,2024-10-17,Pune,Home,IKEA Study Table,3,12999,0,38997.0
ORD002318,2024-10-15,Pune,Electronics,OnePlus 12,1,64999,5,61749.05
ORD002319,2025-08-05,Delhi,Electronics,Samsung Galaxy S24,1,74999,10,67499.1
ORD002320,2024-10-01,Ahmedabad,Home,Philips Air Fryer,1,8999,0,8999.0
ORD002321,2025-11-23,Delhi,Electronics,Samsung Galaxy S24,1,74999,0,74999.0
ORD002322,2024-06-13,Kolkata,Home,Philips Air Fryer,1,8999,10,8099.1
ORD002323,2024-06-08,Bengaluru,Electronics,OnePlus 12,1,64999,0,64999.0
ORD002324,2026-06-03,Chennai,Electronics,Apple iPhone 15,1,79999,10,71999.1
ORD002325,2024-09-25,Bengaluru,Home,IKEA Study Table,4,12999,0,51996.0
ORD002326,2025-09-13,Mumbai,Fashion,Levi's Jeans,3,2499,5,7122.15
ORD002327,2025-05-11,Delhi,Electronics,Apple iPhone 15,1,79999,5,75999.05
ORD002328,2024-08-29,Mumbai,Fashion,Nike Air Max,1,6999,5,6649.05
ORD002329,2024-09-16,Bengaluru,Fashion,Nike Air Max,1,6999,0,6999.0
ORD002330,2026-04-04,Pune,Fashion,Levi's Jeans,1,2499,5,2374.05
ORD002331,2025-01-31,Kolkata,Fashion,Nike Air Max,2,6999,10,12598.2
ORD002332,2025-05-12,Delhi,Home,IKEA Study Table,1,12999,15,11049.15
ORD002333,2025-07-07,Ahmedabad,Fashion,Levi's Jeans,1,2499,10,2249.1
ORD002334,2025-07-25,Bengaluru,Electronics,Samsung Galaxy S24,1,74999,10,67499.1
ORD002335,2026-05-17,Ahmedabad,Electronics,Sony WH-1000XM5,4,29999,15,101996.6
ORD002336,2024-11-08,Chennai,Home,IKEA Study Table,1,12999,10,11699.1
ORD002337,2026-03-19,Delhi,Electronics,Samsung Galaxy S24,2,74999,15,127498.3
ORD002338,2026-04-06,Kolkata,Fashion,Nike Air Max,1,6999,0,6999.0
ORD002339,2024-07-05,Ahmedabad,Electronics,OnePlus 12,3,64999,10,175497.3
ORD002340,2025-10-13,Ahmedabad,Fashion,Levi's Jeans,2,2499,10,4498.2
ORD002341,2024-09-28,Ahmedabad,Electronics,Apple iPhone 15,1,79999,10,71999.1
ORD002342,2024-09-27,Delhi,Electronics,OnePlus 12,1,64999,0,64999.0
ORD002343,2025-10-12,Pune,Fashion,Nike Air Max,1,6999,10,6299.1
ORD002344,2026-05-31,Chennai,Electronics,Apple iPhone 15,1,79999,0,79999.0
ORD002345,2025-01-10,Delhi,Electronics,Sony WH-1000XM5,1,29999,10,26999.1
ORD002346,2025-02-11,Delhi,Electronics,Samsung Galaxy S24,1,74999,5,71249.05
ORD002347,2026-05-03,Ahmedabad,Electronics,Samsung Galaxy S24,1,74999,0,74999.0
ORD002348,2024-08-28,Delhi,Home,Philips Air Fryer,1,8999,10,8099.1
ORD002349,2025-07-06,Kolkata,Electronics,Sony WH-1000XM5,1,29999,15,25499.15
ORD002350,2025-12-08,Pune,Electronics,Apple iPhone 15,4,79999,15,271996.6
ORD002351,2025-03-28,Ahmedabad,Electronics,Samsung Galaxy S24,1,74999,10,67499.1
ORD002352,2024-06-20,Mumbai,Electronics,Sony WH-1000XM5,1,29999,10,26999.1
ORD002353,2025-08-29,Bengaluru,Electronics,Apple iPhone 15,3,79999,10,215997.3
ORD002354,2025-11-03,Chennai,Home,Philips Air Fryer,1,8999,0,8999.0
ORD002355,2024-12-17,Ahmedabad,Electronics,Apple iPhone 15,1,79999,0,79999.0
ORD002356,2026-03-20,Ahmedabad,Fashion,Levi's Jeans,1,2499,10,2249.1
ORD002357,2025-12-22,Kolkata,Electronics,Samsung Galaxy S24,1,74999,10,67499.1
ORD002358,2025-09-03,Kolkata,Electronics,Apple iPhone 15,1,79999,15,67999.15
ORD002359,2025-10-04,Mumbai,Electronics,Samsung Galaxy S24,2,74999,0,149998.0
ORD002360,2026-01-12,Bengaluru,Electronics,Sony WH-1000XM5,1,29999,0,29999.0
ORD002361,2025-01-31,Delhi,Electronics,Samsung Galaxy S24,4,74999,15,254996.6
ORD002362,2024-06-26,Mumbai,Electronics,OnePlus 12,1,64999,10,58499.1
ORD002363,2025-04-12,Pune,Electronics,Apple iPhone 15,1,79999,0,79999.0
ORD002364,2025-06-18,Hyderabad,Electronics,Apple iPhone 15,3,79999,0,239997.0
ORD002365,2026-05-14,Hyderabad,Fashion,Nike Air Max,2,6999,15,11898.3
ORD002366,2024-11-29,Pune,Electronics,OnePlus 12,3,64999,15,165747.45
ORD002367,2025-07-11,Ahmedabad,Electronics,OnePlus 12,1,64999,5,61749.05
ORD002368,2026-05-26,Kolkata,Home,IKEA Study Table,2,12999,5,24698.1
ORD002369,2025-02-13,Kolkata,Home,IKEA Study Table,4,12999,10,46796.4
ORD002370,2024-07-15,Pune,Electronics,Sony WH-1000XM5,1,29999,10,26999.1
ORD002371,2024-11-30,Delhi,Fashion,Nike Air Max,1,6999,5,6649.05
ORD002372,2025-11-04,Mumbai,Electronics,Samsung Galaxy S24,1,74999,15,63749.15
ORD002373,2024-12-19,Kolkata,Electronics,Sony WH-1000XM5,1,29999,5,28499.05
ORD002374,2026-01-29,Chennai,Home,Philips Air Fryer,1,8999,0,8999.0
ORD002375,2025-03-18,Hyderabad,Electronics,Sony WH-1000XM5,2,29999,10,53998.2
ORD002376,2025-09-29,Bengaluru,Home,IKEA Study Table,2,12999,0,25998.0
ORD002377,2025-02-14,Kolkata,Electronics,Sony WH-1000XM5,3,29999,15,76497.45
ORD002378,2025-04-27,Pune,Electronics,Sony WH-1000XM5,2,29999,5,56998.1
ORD002379,2025-04-03,Pune,Fashion,Levi's Jeans,1,2499,10,2249.1
ORD002380,2025-12-24,Pune,Electronics,OnePlus 12,1,64999,0,64999.0
ORD002381,2024-12-06,Bengaluru,Electronics,Sony WH-1000XM5,1,29999,15,25499.15
ORD002382,2025-01-03,Chennai,Fashion,Levi's Jeans,1,2499,15,2124.15
ORD002383,2025-03-03,Chennai,Fashion,Levi's Jeans,1,2499,0,2499.0
ORD002384,2025-09-02,Ahmedabad,Home,Philips Air Fryer,1,8999,15,7649.15
ORD002385,2025-08-06,Chennai,Fashion,Nike Air Max,1,6999,10,6299.1
ORD002386,2025-03-16,Ahmedabad,Electronics,Samsung Galaxy S24,1,74999,15,63749.15
ORD002387,2025-03-06,Bengaluru,Electronics,Sony WH-1000XM5,1,29999,15,25499.15
ORD002388,2024-07-06,Ahmedabad,Fashion,Levi's Jeans,1,2499,15,2124.15
ORD002389,2024-06-21,Pune,Electronics,Samsung Galaxy S24,2,74999,5,142498.1
ORD002390,2025-01-04,Hyderabad,Electronics,Sony WH-1000XM5,1,29999,0,29999.0
ORD002391,2025-10-17,Hyderabad,Electronics,Sony WH-1000XM5,1,29999,0,29999.0
ORD002392,2026-02-22,Ahmedabad,Electronics,Sony WH-1000XM5,3,29999,15,76497.45
ORD002393,2024-12-04,Kolkata,Home,Philips Air Fryer,1,8999,10,8099.1
ORD002394,2026-04-23,Chennai,Electronics,Sony WH-1000XM5,1,29999,5,28499.05
ORD002395,2025-01-30,Mumbai,Fashion,Levi's Jeans,2,2499,10,4498.2
ORD002396,2025-05-24,Hyderabad,Electronics,Samsung Galaxy S24,1,74999,15,63749.15
ORD002397,2025-10-07,Bengaluru,Electronics,Sony WH-1000XM5,1,29999,0,29999.0
ORD002398,2025-11-21,Bengaluru,Electronics,OnePlus 12,1,64999,15,55249.15
ORD002399,2024-10-24,Chennai,Electronics,Apple iPhone 15,2,79999,15,135998.3
ORD002400,2025-07-24,Pune,Electronics,Apple iPhone 15,1,79999,10,71999.1
ORD002401,2024-10-19,Chennai,Electronics,OnePlus 12,2,64999,0,129998.0
ORD002402,2024-09-20,Delhi,Home,IKEA Study Table,1,12999,15,11049.15
ORD002403,2025-09-29,Hyderabad,Home,IKEA Study Table,1,12999,0,12999.0
ORD002404,2026-03-03,Bengaluru,Electronics,Sony WH-1000XM5,1,29999,5,28499.05
ORD002405,2026-01-07,Kolkata,Electronics,Samsung Galaxy S24,1,74999,10,67499.1
ORD002406,2026-01-15,Kolkata,Home,IKEA Study Table,2,12999,10,23398.2
ORD002407,2025-08-21,Chennai,Fashion,Levi's Jeans,1,2499,0,2499.0
ORD002408,2026-03-29,Pune,Fashion,Levi's Jeans,2,2499,15,4248.3
ORD002409,2026-01-02,Bengaluru,Fashion,Levi's Jeans,2,2499,0,4998.0
ORD002410,2026-03-22,Chennai,Home,Philips Air Fryer,3,8999,5,25647.15
ORD002411,2026-02-06,Chennai,Home,IKEA Study Table,1,12999,15,11049.15
ORD002412,2024-10-07,Ahmedabad,Electronics,Sony WH-1000XM5,2,29999,5,56998.1
ORD002413,2025-07-29,Bengaluru,Electronics,Samsung Galaxy S24,4,74999,15,254996.6
ORD002414,2026-01-09,Chennai,Fashion,Levi's Jeans,3,2499,10,6747.3
ORD002415,2026-04-08,Hyderabad,Home,Philips Air Fryer,1,8999,10,8099.1
ORD002416,2025-10-21,Pune,Electronics,Sony WH-1000XM5,1,29999,10,26999.1
ORD002417,2026-05-14,Hyderabad,Home,Philips Air Fryer,2,8999,10,16198.2
ORD002418,2024-06-20,Bengaluru,Electronics,Samsung Galaxy S24,4,74999,15,254996.6
ORD002419,2026-04-12,Bengaluru,Home,IKEA Study Table,2,12999,10,23398.2
ORD002420,2024-07-10,Hyderabad,Fashion,Levi's Jeans,1,2499,0,2499.0
ORD002421,2024-10-13,Hyderabad,Electronics,Apple iPhone 15,1,79999,5,75999.05
ORD002422,2026-02-01,Mumbai,Electronics,Samsung Galaxy S24,1,74999,10,67499.1
ORD002423,2025-07-29,Mumbai,Home,Philips Air Fryer,1,8999,0,8999.0
ORD002424,2025-12-09,Bengaluru,Fashion,Levi's Jeans,1,2499,10,2249.1
ORD002425,2025-06-08,Delhi,Electronics,Samsung Galaxy S24,2,74999,5,142498.1
ORD002426,2026-05-22,Hyderabad,Home,Philips Air Fryer,1,8999,0,8999.0
ORD002427,2024-08-03,Delhi,Electronics,Sony WH-1000XM5,1,29999,10,26999.1
ORD002428,2024-07-11,Hyderabad,Home,Philips Air Fryer,1,8999,0,8999.0
ORD002429,2026-06-04,Ahmedabad,Fashion,Levi's Jeans,1,2499,5,2374.05
ORD002430,2025-01-12,Delhi,Fashion,Nike Air Max,2,6999,5,13298.1
ORD002431,2025-07-05,Hyderabad,Fashion,Levi's Jeans,1,2499,5,2374.05
ORD002432,2025-03-20,Bengaluru,Fashion,Levi's Jeans,1,2499,15,2124.15
ORD002433,2025-01-28,Pune,Home,Philips Air Fryer,2,8999,15,15298.3
ORD002434,2026-05-26,Chennai,Electronics,OnePlus 12,1,64999,10,58499.1
ORD002435,2024-12-16,Ahmedabad,Home,IKEA Study Table,1,12999,15,11049.15
ORD002436,2025-07-07,Ahmedabad,Home,Philips Air Fryer,1,8999,0,8999.0
ORD002437,2026-02-26,Delhi,Electronics,Samsung Galaxy S24,2,74999,10,134998.2
ORD002438,2026-03-21,Mumbai,Fashion,Nike Air Max,1,6999,10,6299.1
ORD002439,2025-01-13,Kolkata,Home,Philips Air Fryer,1,8999,0,8999.0
ORD002440,2025-03-22,Mumbai,Home,IKEA Study Table,2,12999,0,25998.0
ORD002441,2025-02-23,Chennai,Fashion,Levi's Jeans,2,2499,0,4998.0
ORD002442,2026-05-20,Chennai,Electronics,Samsung Galaxy S24,2,74999,15,127498.3
ORD002443,2026-03-04,Delhi,Electronics,Apple iPhone 15,1,79999,0,79999.0
ORD002444,2025-04-22,Bengaluru,Electronics,OnePlus 12,1,64999,15,55249.15
ORD002445,2025-01-30,Hyderabad,Electronics,Sony WH-1000XM5,3,29999,5,85497.15
ORD002446,2026-01-06,Kolkata,Fashion,Levi's Jeans,2,2499,0,4998.0
ORD002447,2024-07-19,Bengaluru,Electronics,Sony WH-1000XM5,1,29999,0,29999.0
ORD002448,2024-12-14,Delhi,Electronics,Samsung Galaxy S24,1,74999,5,71249.05
ORD002449,2025-05-15,Ahmedabad,Electronics,Samsung Galaxy S24,1,74999,15,63749.15
ORD002450,2026-04-28,Ahmedabad,Electronics,Apple iPhone 15,3,79999,10,215997.3
ORD002451,2024-08-10,Hyderabad,Home,IKEA Study Table,4,12999,5,49396.2
ORD002452,2026-05-30,Ahmedabad,Home,IKEA Study Table,3,12999,0,38997.0
ORD002453,2024-09-16,Bengaluru,Electronics,OnePlus 12,2,64999,5,123498.1
ORD002454,2025-09-25,Kolkata,Electronics,Sony WH-1000XM5,1,29999,5,28499.05
ORD002455,2025-07-02,Kolkata,Home,IKEA Study Table,1,12999,0,12999.0
ORD002456,2025-01-01,Ahmedabad,Fashion,Nike Air Max,2,6999,15,11898.3
ORD002457,2025-09-17,Bengaluru,Electronics,Samsung Galaxy S24,1,74999,15,63749.15
ORD002458,2026-03-24,Ahmedabad,Electronics,Apple iPhone 15,1,79999,0,79999.0
ORD002459,2024-10-24,Kolkata,Electronics,Apple iPhone 15,1,79999,0,79999.0
ORD002460,2026-01-04,Bengaluru,Electronics,Apple iPhone 15,3,79999,10,215997.3
ORD002461,2026-03-22,Hyderabad,Home,IKEA Study Table,3,12999,15,33147.45
ORD002462,2025-10-04,Delhi,Electronics,Apple iPhone 15,4,79999,10,287996.4
ORD002463,2025-01-22,Pune,Fashion,Nike Air Max,3,6999,15,17847.45
ORD002464,2026-02-25,Chennai,Electronics,OnePlus 12,2,64999,10,116998.2
ORD002465,2026-01-16,Hyderabad,Home,IKEA Study Table,2,12999,5,24698.1
ORD002466,2024-08-13,Kolkata,Fashion,Levi's Jeans,3,2499,0,7497.0
ORD002467,2025-01-28,Hyderabad,Home,Philips Air Fryer,4,8999,5,34196.2
ORD002468,2026-04-06,Ahmedabad,Electronics,OnePlus 12,2,64999,10,116998.2
ORD002469,2024-09-29,Delhi,Electronics,Samsung Galaxy S24,1,74999,5,71249.05
ORD002470,2024-08-02,Kolkata,Electronics,Samsung Galaxy S24,2,74999,15,127498.3
ORD002471,2025-04-05,Pune,Fashion,Nike Air Max,2,6999,5,13298.1
ORD002472,2025-04-21,Ahmedabad,Electronics,OnePlus 12,2,64999,15,110498.3
ORD002473,2025-06-28,Pune,Electronics,Samsung Galaxy S24,1,74999,10,67499.1
ORD002474,2026-01-08,Kolkata,Electronics,Apple iPhone 15,2,79999,0,159998.0
ORD002475,2024-12-13,Bengaluru,Fashion,Nike Air Max,2,6999,0,13998.0
ORD002476,2025-09-26,Ahmedabad,Fashion,Nike Air Max,1,6999,15,5949.15
ORD002477,2025-05-30,Delhi,Electronics,OnePlus 12,4,64999,5,246996.2
ORD002478,2026-04-11,Delhi,Fashion,Levi's Jeans,1,2499,10,2249.1
ORD002479,2024-08-07,Delhi,Electronics,Sony WH-1000XM5,2,29999,15,50998.3
ORD002480,2025-09-12,Delhi,Electronics,Samsung Galaxy S24,1,74999,0,74999.0
ORD002481,2025-04-13,Chennai,Electronics,Apple iPhone 15,2,79999,0,159998.0
ORD002482,2026-05-20,Chennai,Home,Philips Air Fryer,1,8999,0,8999.0
ORD002483,2025-12-25,Delhi,Electronics,OnePlus 12,2,64999,15,110498.3
ORD002484,2026-04-17,Chennai,Electronics,Sony WH-1000XM5,1,29999,15,25499.15
ORD002485,2024-11-15,Pune,Fashion,Nike Air Max,2,6999,5,13298.1
ORD002486,2026-02-01,Pune,Home,IKEA Study Table,1,12999,15,11049.15
ORD002487,2025-02-02,Pune,Electronics,Samsung Galaxy S24,1,74999,10,67499.1
ORD002488,2025-10-13,Chennai,Electronics,Samsung Galaxy S24,1,74999,0,74999.0
ORD002489,2026-03-05,Hyderabad,Electronics,Apple iPhone 15,1,79999,10,71999.1
ORD002490,2025-03-19,Bengaluru,Home,Philips Air Fryer,2,8999,0,17998.0
ORD002491,2024-10-21,Hyderabad,Fashion,Levi's Jeans,1,2499,5,2374.05
ORD002492,2025-06-06,Kolkata,Home,Philips Air Fryer,2,8999,0,17998.0
ORD002493,2026-01-13,Chennai,Fashion,Levi's Jeans,2,2499,0,4998.0
ORD002494,2025-12-16,Mumbai,Home,Philips Air Fryer,1,8999,10,8099.1
ORD002495,2024-07-17,Mumbai,Electronics,OnePlus 12,1,64999,10,58499.1
ORD002496,2024-08-23,Chennai,Electronics,Sony WH-1000XM5,1,29999,0,29999.0
ORD002497,2024-10-07,Kolkata,Electronics,Samsung Galaxy S24,3,74999,0,224997.0
ORD002498,2024-12-02,Pune,Electronics,OnePlus 12,1,64999,0,64999.0
ORD002499,2024-09-08,Chennai,Electronics,Apple iPhone 15,1,79999,5,75999.05
ORD002500,2026-01-12,Mumbai,Home,Philips Air Fryer,1,8999,5,8549.05
ORD002501,2025-06-26,Ahmedabad,Electronics,Apple iPhone 15,1,79999,5,75999.05
ORD002502,2024-09-28,Ahmedabad,Electronics,Apple iPhone 15,1,79999,0,79999.0
ORD002503,2025-09-14,Ahmedabad,Home,Philips Air Fryer,2,8999,15,15298.3
ORD002504,2025-08-05,Chennai,Electronics,OnePlus 12,1,64999,0,64999.0
ORD002505,2026-01-02,Mumbai,Fashion,Nike Air Max,1,6999,15,5949.15
ORD002506,2024-12-21,Delhi,Electronics,Sony WH-1000XM5,1,29999,0,29999.0
ORD002507,2025-06-13,Mumbai,Home,Philips Air Fryer,2,8999,0,17998.0
ORD002508,2025-06-08,Mumbai,Electronics,Sony WH-1000XM5,2,29999,0,59998.0
ORD002509,2025-05-25,Mumbai,Electronics,OnePlus 12,1,64999,10,58499.1
ORD002510,2026-04-14,Hyderabad,Fashion,Nike Air Max,1,6999,5,6649.05
ORD002511,2025-04-21,Pune,Electronics,OnePlus 12,2,64999,15,110498.3
ORD002512,2024-06-30,Kolkata,Electronics,Samsung Galaxy S24,1,74999,5,71249.05
ORD002513,2025-05-06,Kolkata,Fashion,Nike Air Max,3,6999,5,19947.15
ORD002514,2025-05-15,Delhi,Fashion,Levi's Jeans,3,2499,10,6747.3
ORD002515,2025-10-17,Mumbai,Fashion,Levi's Jeans,1,2499,0,2499.0
ORD002516,2026-03-01,Hyderabad,Fashion,Nike Air Max,3,6999,15,17847.45
ORD002517,2025-11-16,Delhi,Electronics,Samsung Galaxy S24,1,74999,5,71249.05
ORD002518,2024-08-02,Pune,Fashion,Levi's Jeans,2,2499,5,4748.1
ORD002519,2026-01-17,Mumbai,Fashion,Nike Air Max,2,6999,5,13298.1
ORD002520,2026-03-23,Pune,Electronics,Sony WH-1000XM5,2,29999,15,50998.3
ORD002521,2024-07-14,Hyderabad,Electronics,Apple iPhone 15,1,79999,0,79999.0
ORD002522,2026-05-27,Pune,Fashion,Levi's Jeans,1,2499,10,2249.1
ORD002523,2025-03-27,Kolkata,Electronics,Apple iPhone 15,1,79999,15,67999.15
ORD002524,2024-06-08,Kolkata,Electronics,Apple iPhone 15,3,79999,15,203997.45
ORD002525,2025-02-25,Bengaluru,Electronics,Apple iPhone 15,1,79999,15,67999.15
ORD002526,2025-08-09,Mumbai,Home,Philips Air Fryer,1,8999,10,8099.1
ORD002527,2024-06-21,Hyderabad,Fashion,Nike Air Max,3,6999,10,18897.3
ORD002528,2025-03-22,Ahmedabad,Electronics,Sony WH-1000XM5,2,29999,10,53998.2
ORD002529,2025-10-17,Pune,Home,Philips Air Fryer,2,8999,0,17998.0
ORD002530,2025-04-29,Kolkata,Home,Philips Air Fryer,4,8999,10,32396.4
ORD002531,2026-04-27,Bengaluru,Home,Philips Air Fryer,1,8999,10,8099.1
ORD002532,2025-03-13,Bengaluru,Home,Philips Air Fryer,1,8999,5,8549.05
ORD002533,2025-12-27,Pune,Electronics,Apple iPhone 15,1,79999,10,71999.1
ORD002534,2024-07-03,Chennai,Electronics,Sony WH-1000XM5,2,29999,10,53998.2
ORD002535,2025-07-09,Chennai,Home,Philips Air Fryer,1,8999,10,8099.1
ORD002536,2026-02-14,Pune,Fashion,Levi's Jeans,2,2499,0,4998.0
ORD002537,2026-01-29,Hyderabad,Fashion,Levi's Jeans,1,2499,10,2249.1
ORD002538,2025-09-25,Kolkata,Electronics,OnePlus 12,1,64999,0,64999.0
ORD002539,2024-11-15,Kolkata,Electronics,Apple iPhone 15,1,79999,10,71999.1
ORD002540,2025-06-20,Hyderabad,Electronics,Sony WH-1000XM5,1,29999,0,29999.0
ORD002541,2025-12-02,Bengaluru,Fashion,Nike Air Max,4,6999,15,23796.6
ORD002542,2025-07-05,Hyderabad,Fashion,Levi's Jeans,2,2499,10,4498.2
ORD002543,2025-03-06,Bengaluru,Home,IKEA Study Table,1,12999,5,12349.05
ORD002544,2025-06-05,Bengaluru,Electronics,Apple iPhone 15,1,79999,0,79999.0
ORD002545,2025-06-11,Delhi,Home,IKEA Study Table,1,12999,0,12999.0
ORD002546,2024-12-16,Hyderabad,Electronics,Apple iPhone 15,4,79999,10,287996.4
ORD002547,2024-07-07,Mumbai,Electronics,Apple iPhone 15,2,79999,10,143998.2
ORD002548,2025-08-21,Kolkata,Electronics,Sony WH-1000XM5,1,29999,0,29999.0
ORD002549,2026-05-22,Delhi,Electronics,Samsung Galaxy S24,1,74999,5,71249.05
ORD002550,2024-06-20,Pune,Fashion,Nike Air Max,1,6999,15,5949.15
ORD002551,2025-10-19,Mumbai,Home,Philips Air Fryer,3,8999,5,25647.15
ORD002552,2025-02-01,Chennai,Fashion,Nike Air Max,2,6999,10,12598.2
ORD002553,2026-04-24,Kolkata,Home,Philips Air Fryer,3,8999,10,24297.3
ORD002554,2024-11-23,Chennai,Fashion,Levi's Jeans,2,2499,5,4748.1
ORD002555,2025-09-03,Mumbai,Electronics,Apple iPhone 15,1,79999,5,75999.05
ORD002556,2025-05-06,Chennai,Electronics,Samsung Galaxy S24,2,74999,10,134998.2
ORD002557,2025-04-23,Bengaluru,Electronics,Sony WH-1000XM5,1,29999,0,29999.0
ORD002558,2025-08-21,Pune,Home,Philips Air Fryer,2,8999,0,17998.0
ORD002559,2024-07-12,Pune,Electronics,Sony WH-1000XM5,1,29999,15,25499.15
ORD002560,2026-03-07,Chennai,Electronics,Apple iPhone 15,2,79999,15,135998.3
ORD002561,2024-07-06,Delhi,Fashion,Levi's Jeans,1,2499,10,2249.1
ORD002562,2025-05-08,Delhi,Fashion,Nike Air Max,1,6999,10,6299.1
ORD002563,2025-03-12,Delhi,Home,IKEA Study Table,1,12999,0,12999.0
ORD002564,2024-09-06,Chennai,Home,IKEA Study Table,2,12999,15,22098.3
ORD002565,2025-10-19,Chennai,Electronics,Samsung Galaxy S24,1,74999,0,74999.0
ORD002566,2024-06-28,Ahmedabad,Home,IKEA Study Table,2,12999,15,22098.3
ORD002567,2025-12-11,Delhi,Electronics,Sony WH-1000XM5,1,29999,5,28499.05
ORD002568,2025-06-28,Hyderabad,Home,Philips Air Fryer,2,8999,5,17098.1
ORD002569,2025-10-12,Pune,Fashion,Levi's Jeans,1,2499,0,2499.0
ORD002570,2024-08-09,Kolkata,Home,Philips Air Fryer,1,8999,5,8549.05
ORD002571,2025-09-07,Mumbai,Electronics,Sony WH-1000XM5,3,29999,15,76497.45
ORD002572,2024-10-29,Kolkata,Electronics,OnePlus 12,1,64999,10,58499.1
ORD002573,2026-03-12,Ahmedabad,Electronics,Samsung Galaxy S24,1,74999,0,74999.0
ORD002574,2025-04-05,Bengaluru,Electronics,Apple iPhone 15,2,79999,0,159998.0
ORD002575,2025-02-14,Bengaluru,Home,Philips Air Fryer,3,8999,10,24297.3
ORD002576,2024-09-04,Hyderabad,Home,Philips Air Fryer,2,8999,5,17098.1
ORD002577,2025-02-10,Pune,Electronics,Samsung Galaxy S24,1,74999,10,67499.1
ORD002578,2025-12-06,Kolkata,Electronics,Apple iPhone 15,1,79999,10,71999.1
ORD002579,2025-05-24,Hyderabad,Home,Philips Air Fryer,2,8999,15,15298.3
ORD002580,2025-02-23,Pune,Home,IKEA Study Table,2,12999,5,24698.1
ORD002581,2025-08-22,Kolkata,Electronics,OnePlus 12,3,64999,10,175497.3
ORD002582,2025-11-18,Hyderabad,Home,Philips Air Fryer,1,8999,5,8549.05
ORD002583,2024-10-06,Chennai,Electronics,Samsung Galaxy S24,1,74999,15,63749.15
ORD002584,2024-07-20,Hyderabad,Electronics,Apple iPhone 15,1,79999,15,67999.15
ORD002585,2025-04-12,Bengaluru,Fashion,Nike Air Max,1,6999,5,6649.05
ORD002586,2025-05-27,Ahmedabad,Electronics,Apple iPhone 15,2,79999,5,151998.1
ORD002587,2024-08-26,Pune,Fashion,Levi's Jeans,1,2499,10,2249.1
ORD002588,2026-01-16,Hyderabad,Fashion,Nike Air Max,1,6999,0,6999.0
ORD002589,2024-06-22,Bengaluru,Fashion,Levi's Jeans,1,2499,5,2374.05
ORD002590,2024-06-13,Pune,Fashion,Levi's Jeans,3,2499,10,6747.3
ORD002591,2025-12-15,Pune,Electronics,Sony WH-1000XM5,2,29999,5,56998.1
ORD002592,2025-09-15,Mumbai,Electronics,Sony WH-1000XM5,1,29999,5,28499.05
ORD002593,2024-11-17,Mumbai,Electronics,Apple iPhone 15,4,79999,5,303996.2
ORD002594,2024-07-09,Chennai,Home,IKEA Study Table,2,12999,0,25998.0
ORD002595,2025-03-14,Kolkata,Electronics,Sony WH-1000XM5,1,29999,15,25499.15
ORD002596,2026-01-24,Pune,Electronics,OnePlus 12,2,64999,10,116998.2
ORD002597,2026-02-08,Kolkata,Electronics,Samsung Galaxy S24,1,74999,15,63749.15
ORD002598,2025-08-23,Hyderabad,Fashion,Levi's Jeans,1,2499,5,2374.05
ORD002599,2025-12-19,Delhi,Electronics,Samsung Galaxy S24,4,74999,0,299996.0
ORD002600,2024-11-19,Hyderabad,Electronics,Samsung Galaxy S24,1,74999,10,67499.1
ORD002601,2025-08-25,Chennai,Home,IKEA Study Table,2,12999,0,25998.0
ORD002602,2025-12-01,Delhi,Electronics,Apple iPhone 15,1,79999,10,71999.1
ORD002603,2024-12-17,Delhi,Electronics,Apple iPhone 15,3,79999,0,239997.0
ORD002604,2026-01-09,Delhi,Electronics,OnePlus 12,1,64999,5,61749.05
ORD002605,2025-04-08,Bengaluru,Fashion,Levi's Jeans,1,2499,15,2124.15
ORD002606,2024-12-09,Pune,Home,IKEA Study Table,1,12999,5,12349.05
ORD002607,2026-02-27,Kolkata,Electronics,Sony WH-1000XM5,1,29999,0,29999.0
ORD002608,2024-06-20,Ahmedabad,Electronics,Sony WH-1000XM5,2,29999,0,59998.0
ORD002609,2024-08-23,Chennai,Fashion,Levi's Jeans,2,2499,5,4748.1
ORD002610,2024-11-08,Hyderabad,Home,IKEA Study Table,1,12999,5,12349.05
ORD002611,2024-07-21,Kolkata,Electronics,Sony WH-1000XM5,3,29999,15,76497.45
ORD002612,2025-08-31,Hyderabad,Home,Philips Air Fryer,1,8999,15,7649.15
ORD002613,2026-04-09,Ahmedabad,Electronics,Samsung Galaxy S24,1,74999,10,67499.1
ORD002614,2025-12-23,Pune,Home,IKEA Study Table,1,12999,15,11049.15
ORD002615,2025-11-29,Pune,Electronics,OnePlus 12,1,64999,10,58499.1
ORD002616,2026-02-08,Kolkata,Fashion,Nike Air Max,2,6999,5,13298.1
ORD002617,2024-07-09,Mumbai,Home,IKEA Study Table,2,12999,5,24698.1
ORD002618,2025-09-26,Ahmedabad,Fashion,Levi's Jeans,1,2499,5,2374.05
ORD002619,2025-07-24,Hyderabad,Electronics,Apple iPhone 15,1,79999,10,71999.1
ORD002620,2025-02-25,Ahmedabad,Fashion,Nike Air Max,1,6999,15,5949.15
ORD002621,2025-03-09,Hyderabad,Home,Philips Air Fryer,1,8999,0,8999.0
ORD002622,2025-11-30,Mumbai,Home,IKEA Study Table,2,12999,10,23398.2
ORD002623,2024-11-04,Bengaluru,Fashion,Levi's Jeans,1,2499,5,2374.05
ORD002624,2024-12-30,Chennai,Electronics,Sony WH-1000XM5,2,29999,0,59998.0
ORD002625,2026-03-24,Mumbai,Electronics,OnePlus 12,2,64999,0,129998.0
ORD002626,2025-04-10,Chennai,Home,Philips Air Fryer,1,8999,10,8099.1
ORD002627,2025-08-16,Chennai,Electronics,Samsung Galaxy S24,2,74999,5,142498.1
ORD002628,2024-07-29,Delhi,Electronics,Sony WH-1000XM5,4,29999,15,101996.6
ORD002629,2024-07-07,Chennai,Fashion,Levi's Jeans,2,2499,10,4498.2
ORD002630,2025-03-06,Mumbai,Home,Philips Air Fryer,1,8999,5,8549.05
ORD002631,2025-10-10,Ahmedabad,Electronics,Apple iPhone 15,2,79999,0,159998.0
ORD002632,2025-04-01,Hyderabad,Home,IKEA Study Table,1,12999,10,11699.1
ORD002633,2025-10-27,Mumbai,Electronics,Apple iPhone 15,1,79999,5,75999.05
ORD002634,2026-04-07,Ahmedabad,Fashion,Levi's Jeans,2,2499,15,4248.3
ORD002635,2025-10-31,Pune,Electronics,OnePlus 12,2,64999,10,116998.2
ORD002636,2024-11-10,Mumbai,Electronics,Samsung Galaxy S24,1,74999,15,63749.15
ORD002637,2024-10-02,Pune,Electronics,Apple iPhone 15,2,79999,5,151998.1
ORD002638,2025-09-03,Chennai,Home,Philips Air Fryer,1,8999,10,8099.1
ORD002639,2024-12-26,Hyderabad,Home,Philips Air Fryer,1,8999,0,8999.0
ORD002640,2024-06-12,Hyderabad,Fashion,Levi's Jeans,1,2499,0,2499.0
ORD002641,2025-01-17,Pune,Home,IKEA Study Table,1,12999,15,11049.15
ORD002642,2025-04-21,Kolkata,Electronics,Sony WH-1000XM5,4,29999,10,107996.4
ORD002643,2025-07-10,Ahmedabad,Fashion,Levi's Jeans,3,2499,5,7122.15
ORD002644,2026-03-08,Chennai,Electronics,Apple iPhone 15,4,79999,15,271996.6
ORD002645,2025-12-12,Ahmedabad,Electronics,Samsung Galaxy S24,1,74999,0,74999.0
ORD002646,2024-09-09,Pune,Electronics,Sony WH-1000XM5,1,29999,15,25499.15
ORD002647,2025-12-17,Pune,Fashion,Levi's Jeans,1,2499,0,2499.0
ORD002648,2024-06-14,Delhi,Electronics,OnePlus 12,1,64999,15,55249.15
ORD002649,2025-02-24,Delhi,Electronics,Samsung Galaxy S24,1,74999,15,63749.15
ORD002650,2026-01-14,Ahmedabad,Electronics,Apple iPhone 15,2,79999,10,143998.2
ORD002651,2024-11-04,Mumbai,Fashion,Levi's Jeans,2,2499,5,4748.1
ORD002652,2024-09-15,Mumbai,Fashion,Nike Air Max,2,6999,15,11898.3
ORD002653,2024-10-27,Kolkata,Fashion,Levi's Jeans,2,2499,15,4248.3
ORD002654,2025-01-27,Chennai,Fashion,Nike Air Max,4,6999,5,26596.2
ORD002655,2024-08-31,Pune,Home,IKEA Study Table,2,12999,0,25998.0
ORD002656,2026-03-28,Bengaluru,Home,Philips Air Fryer,2,8999,15,15298.3
ORD002657,2025-08-05,Bengaluru,Electronics,Apple iPhone 15,1,79999,0,79999.0
ORD002658,2026-02-08,Mumbai,Electronics,Sony WH-1000XM5,1,29999,0,29999.0
ORD002659,2025-02-14,Bengaluru,Home,Philips Air Fryer,1,8999,15,7649.15
ORD002660,2025-12-31,Pune,Home,Philips Air Fryer,1,8999,10,8099.1
ORD002661,2025-01-30,Chennai,Home,Philips Air Fryer,4,8999,10,32396.4
ORD002662,2025-10-14,Bengaluru,Fashion,Nike Air Max,1,6999,5,6649.05
ORD002663,2024-09-08,Chennai,Fashion,Levi's Jeans,1,2499,5,2374.05
ORD002664,2026-02-07,Chennai,Fashion,Levi's Jeans,1,2499,5,2374.05
ORD002665,2024-12-24,Mumbai,Electronics,OnePlus 12,1,64999,15,55249.15
ORD002666,2025-03-09,Kolkata,Fashion,Nike Air Max,1,6999,5,6649.05
ORD002667,2025-10-04,Hyderabad,Electronics,Samsung Galaxy S24,4,74999,0,299996.0
ORD002668,2026-05-29,Kolkata,Electronics,Sony WH-1000XM5,1,29999,0,29999.0
ORD002669,2025-08-27,Bengaluru,Fashion,Nike Air Max,1,6999,15,5949.15
ORD002670,2024-06-24,Chennai,Electronics,Samsung Galaxy S24,1,74999,5,71249.05
ORD002671,2025-09-20,Hyderabad,Electronics,Apple iPhone 15,3,79999,10,215997.3
ORD002672,2026-03-27,Chennai,Home,Philips Air Fryer,1,8999,10,8099.1
ORD002673,2025-01-22,Pune,Home,Philips Air Fryer,3,8999,5,25647.15
ORD002674,2024-08-30,Hyderabad,Electronics,OnePlus 12,1,64999,5,61749.05
ORD002675,2024-10-29,Bengaluru,Electronics,OnePlus 12,1,64999,0,64999.0
ORD002676,2025-11-20,Kolkata,Home,Philips Air Fryer,1,8999,10,8099.1
ORD002677,2025-10-18,Delhi,Electronics,Sony WH-1000XM5,1,29999,5,28499.05
ORD002678,2025-04-06,Bengaluru,Electronics,Samsung Galaxy S24,3,74999,5,213747.15
ORD002679,2025-04-16,Chennai,Electronics,OnePlus 12,1,64999,0,64999.0
ORD002680,2025-01-31,Bengaluru,Electronics,Samsung Galaxy S24,3,74999,0,224997.0
ORD002681,2026-05-08,Chennai,Home,IKEA Study Table,1,12999,15,11049.15
ORD002682,2025-08-29,Delhi,Fashion,Levi's Jeans,1,2499,0,2499.0
ORD002683,2024-07-07,Kolkata,Home,Philips Air Fryer,1,8999,15,7649.15
ORD002684,2024-12-22,Pune,Fashion,Nike Air Max,1,6999,10,6299.1
ORD002685,2025-02-11,Bengaluru,Electronics,Sony WH-1000XM5,4,29999,10,107996.4
ORD002686,2025-09-16,Hyderabad,Home,Philips Air Fryer,1,8999,15,7649.15
ORD002687,2024-11-25,Chennai,Electronics,Samsung Galaxy S24,1,74999,15,63749.15
ORD002688,2025-01-01,Kolkata,Electronics,OnePlus 12,1,64999,10,58499.1
ORD002689,2024-09-02,Delhi,Fashion,Nike Air Max,2,6999,5,13298.1
ORD002690,2026-01-27,Delhi,Home,Philips Air Fryer,1,8999,0,8999.0
ORD002691,2025-11-21,Mumbai,Home,IKEA Study Table,1,12999,5,12349.05
ORD002692,2024-12-20,Hyderabad,Fashion,Levi's Jeans,1,2499,10,2249.1
ORD002693,2026-05-26,Hyderabad,Electronics,Apple iPhone 15,2,79999,0,159998.0
ORD002694,2025-07-21,Hyderabad,Home,IKEA Study Table,1,12999,10,11699.1
ORD002695,2026-03-15,Kolkata,Electronics,Apple iPhone 15,4,79999,0,319996.0
ORD002696,2026-05-26,Pune,Home,IKEA Study Table,1,12999,15,11049.15
ORD002697,2024-08-02,Bengaluru,Electronics,Apple iPhone 15,1,79999,5,75999.05
ORD002698,2024-08-08,Mumbai,Electronics,OnePlus 12,1,64999,0,64999.0
ORD002699,2025-02-04,Chennai,Home,IKEA Study Table,2,12999,0,25998.0
ORD002700,2025-04-21,Delhi,Electronics,Samsung Galaxy S24,3,74999,10,202497.3
ORD002701,2026-05-03,Bengaluru,Electronics,Apple iPhone 15,1,79999,10,71999.1
ORD002702,2026-05-12,Ahmedabad,Fashion,Nike Air Max,1,6999,15,5949.15
ORD002703,2025-07-09,Hyderabad,Electronics,Apple iPhone 15,1,79999,5,75999.05
ORD002704,2024-11-15,Hyderabad,Electronics,Samsung Galaxy S24,1,74999,0,74999.0
ORD002705,2025-06-20,Bengaluru,Electronics,Sony WH-1000XM5,2,29999,15,50998.3
ORD002706,2026-03-20,Pune,Electronics,Apple iPhone 15,1,79999,10,71999.1
ORD002707,2025-10-15,Kolkata,Fashion,Nike Air Max,1,6999,0,6999.0
ORD002708,2026-01-16,Bengaluru,Electronics,Samsung Galaxy S24,1,74999,0,74999.0
ORD002709,2025-03-25,Bengaluru,Electronics,Samsung Galaxy S24,1,74999,0,74999.0
ORD002710,2026-02-24,Kolkata,Electronics,Apple iPhone 15,1,79999,10,71999.1
ORD002711,2025-05-05,Hyderabad,Electronics,Samsung Galaxy S24,3,74999,5,213747.15
ORD002712,2025-04-15,Hyderabad,Electronics,Sony WH-1000XM5,2,29999,5,56998.1
ORD002713,2026-02-07,Bengaluru,Electronics,Apple iPhone 15,1,79999,10,71999.1
ORD002714,2025-05-06,Ahmedabad,Fashion,Levi's Jeans,1,2499,10,2249.1
ORD002715,2025-04-13,Delhi,Electronics,Sony WH-1000XM5,2,29999,10,53998.2
ORD002716,2025-03-19,Kolkata,Electronics,OnePlus 12,4,64999,10,233996.4
ORD002717,2025-05-27,Chennai,Fashion,Levi's Jeans,1,2499,10,2249.1
ORD002718,2025-06-17,Bengaluru,Fashion,Nike Air Max,2,6999,15,11898.3
ORD002719,2024-10-18,Bengaluru,Electronics,Apple iPhone 15,3,79999,15,203997.45
ORD002720,2026-03-03,Chennai,Electronics,Sony WH-1000XM5,4,29999,15,101996.6
ORD002721,2025-01-14,Pune,Fashion,Levi's Jeans,1,2499,10,2249.1
ORD002722,2025-03-22,Hyderabad,Electronics,Sony WH-1000XM5,1,29999,15,25499.15
ORD002723,2025-09-21,Kolkata,Electronics,Apple iPhone 15,3,79999,5,227997.15
ORD002724,2025-08-16,Chennai,Electronics,OnePlus 12,1,64999,10,58499.1
ORD002725,2026-01-22,Chennai,Home,Philips Air Fryer,2,8999,0,17998.0
ORD002726,2026-03-13,Bengaluru,Electronics,Samsung Galaxy S24,2,74999,0,149998.0
ORD002727,2025-06-10,Pune,Home,Philips Air Fryer,1,8999,10,8099.1
ORD002728,2024-10-31,Bengaluru,Electronics,OnePlus 12,3,64999,10,175497.3
ORD002729,2025-07-04,Kolkata,Home,IKEA Study Table,1,12999,0,12999.0
ORD002730,2024-11-10,Ahmedabad,Home,IKEA Study Table,1,12999,15,11049.15
ORD002731,2024-12-13,Chennai,Home,IKEA Study Table,2,12999,10,23398.2
ORD002732,2024-11-07,Hyderabad,Fashion,Nike Air Max,1,6999,15,5949.15
ORD002733,2025-04-04,Pune,Electronics,Apple iPhone 15,4,79999,5,303996.2
ORD002734,2025-06-26,Ahmedabad,Home,Philips Air Fryer,1,8999,10,8099.1
ORD002735,2024-08-16,Hyderabad,Electronics,Apple iPhone 15,1,79999,5,75999.05
ORD002736,2026-03-20,Bengaluru,Electronics,Sony WH-1000XM5,4,29999,5,113996.2
ORD002737,2026-01-31,Pune,Fashion,Nike Air Max,2,6999,0,13998.0
ORD002738,2024-12-24,Chennai,Fashion,Levi's Jeans,2,2499,5,4748.1
ORD002739,2025-06-25,Mumbai,Home,IKEA Study Table,1,12999,15,11049.15
ORD002740,2024-10-10,Hyderabad,Electronics,OnePlus 12,1,64999,5,61749.05
ORD002741,2024-10-28,Delhi,Fashion,Levi's Jeans,1,2499,5,2374.05
ORD002742,2025-11-11,Bengaluru,Home,Philips Air Fryer,1,8999,5,8549.05
ORD002743,2024-07-31,Chennai,Fashion,Nike Air Max,1,6999,5,6649.05
ORD002744,2026-05-29,Delhi,Electronics,Samsung Galaxy S24,1,74999,15,63749.15
ORD002745,2024-10-23,Delhi,Home,IKEA Study Table,2,12999,15,22098.3
ORD002746,2024-09-15,Bengaluru,Electronics,Samsung Galaxy S24,1,74999,10,67499.1
ORD002747,2024-11-15,Ahmedabad,Home,Philips Air Fryer,2,8999,10,16198.2
ORD002748,2025-09-16,Kolkata,Home,Philips Air Fryer,1,8999,10,8099.1
ORD002749,2025-04-23,Delhi,Electronics,Apple iPhone 15,1,79999,5,75999.05
ORD002750,2024-12-09,Ahmedabad,Fashion,Nike Air Max,1,6999,0,6999.0
ORD002751,2025-10-31,Kolkata,Electronics,Samsung Galaxy S24,2,74999,5,142498.1
ORD002752,2024-11-24,Ahmedabad,Electronics,Sony WH-1000XM5,1,29999,10,26999.1
ORD002753,2025-02-22,Ahmedabad,Electronics,Samsung Galaxy S24,1,74999,5,71249.05
ORD002754,2025-10-25,Kolkata,Electronics,OnePlus 12,1,64999,15,55249.15
ORD002755,2025-02-14,Bengaluru,Electronics,Apple iPhone 15,1,79999,15,67999.15
ORD002756,2025-07-18,Kolkata,Electronics,OnePlus 12,1,64999,0,64999.0
ORD002757,2025-10-19,Ahmedabad,Electronics,Samsung Galaxy S24,1,74999,0,74999.0
ORD002758,2024-07-06,Ahmedabad,Electronics,Apple iPhone 15,1,79999,5,75999.05
ORD002759,2025-06-10,Ahmedabad,Home,IKEA Study Table,1,12999,15,11049.15
ORD002760,2025-09-28,Pune,Electronics,Apple iPhone 15,1,79999,10,71999.1
ORD002761,2026-02-04,Chennai,Home,IKEA Study Table,1,12999,15,11049.15
ORD002762,2024-09-11,Ahmedabad,Fashion,Nike Air Max,1,6999,5,6649.05
ORD002763,2024-06-20,Bengaluru,Home,Philips Air Fryer,3,8999,0,26997.0
ORD002764,2024-07-25,Delhi,Electronics,Apple iPhone 15,1,79999,10,71999.1
ORD002765,2025-01-17,Hyderabad,Home,IKEA Study Table,1,12999,15,11049.15
ORD002766,2025-08-29,Kolkata,Electronics,Apple iPhone 15,1,79999,15,67999.15
ORD002767,2026-04-16,Hyderabad,Fashion,Nike Air Max,1,6999,10,6299.1
ORD002768,2025-05-03,Mumbai,Home,Philips Air Fryer,1,8999,10,8099.1
ORD002769,2025-09-12,Ahmedabad,Fashion,Levi's Jeans,1,2499,10,2249.1
ORD002770,2024-08-02,Mumbai,Electronics,Apple iPhone 15,1,79999,10,71999.1
ORD002771,2025-06-05,Ahmedabad,Electronics,Samsung Galaxy S24,1,74999,0,74999.0
ORD002772,2026-04-04,Bengaluru,Electronics,Sony WH-1000XM5,1,29999,0,29999.0
ORD002773,2024-10-10,Hyderabad,Electronics,OnePlus 12,2,64999,15,110498.3
ORD002774,2025-12-28,Kolkata,Fashion,Nike Air Max,4,6999,5,26596.2
ORD002775,2026-01-12,Mumbai,Electronics,Apple iPhone 15,1,79999,10,71999.1
ORD002776,2026-01-18,Ahmedabad,Electronics,OnePlus 12,2,64999,0,129998.0
ORD002777,2024-08-02,Ahmedabad,Electronics,Samsung Galaxy S24,1,74999,10,67499.1
ORD002778,2024-08-21,Pune,Home,Philips Air Fryer,1,8999,10,8099.1
ORD002779,2025-03-01,Hyderabad,Home,Philips Air Fryer,4,8999,5,34196.2
ORD002780,2025-08-29,Mumbai,Fashion,Levi's Jeans,2,2499,5,4748.1
ORD002781,2024-12-10,Ahmedabad,Fashion,Nike Air Max,1,6999,5,6649.05
ORD002782,2025-07-23,Hyderabad,Fashion,Levi's Jeans,2,2499,5,4748.1
ORD002783,2026-02-26,Hyderabad,Electronics,Apple iPhone 15,2,79999,5,151998.1
ORD002784,2025-02-05,Mumbai,Fashion,Levi's Jeans,1,2499,5,2374.05
ORD002785,2024-11-14,Hyderabad,Home,Philips Air Fryer,2,8999,10,16198.2
ORD002786,2025-10-21,Pune,Home,IKEA Study Table,1,12999,10,11699.1
ORD002787,2025-03-13,Delhi,Electronics,Sony WH-1000XM5,1,29999,10,26999.1
ORD002788,2024-06-12,Ahmedabad,Electronics,Samsung Galaxy S24,2,74999,15,127498.3
ORD002789,2026-05-14,Mumbai,Fashion,Nike Air Max,1,6999,15,5949.15
ORD002790,2024-12-22,Kolkata,Fashion,Nike Air Max,1,6999,10,6299.1
ORD002791,2025-10-04,Delhi,Electronics,OnePlus 12,1,64999,15,55249.15
ORD002792,2026-02-27,Ahmedabad,Electronics,OnePlus 12,2,64999,10,116998.2
ORD002793,2025-10-23,Kolkata,Electronics,Apple iPhone 15,2,79999,0,159998.0
ORD002794,2026-02-08,Hyderabad,Fashion,Nike Air Max,1,6999,10,6299.1
ORD002795,2025-02-20,Kolkata,Fashion,Levi's Jeans,2,2499,15,4248.3
ORD002796,2024-06-12,Chennai,Electronics,Apple iPhone 15,1,79999,5,75999.05
ORD002797,2024-06-30,Hyderabad,Home,Philips Air Fryer,1,8999,0,8999.0
ORD002798,2025-06-18,Bengaluru,Home,IKEA Study Table,4,12999,15,44196.6
ORD002799,2024-09-23,Pune,Home,Philips Air Fryer,2,8999,0,17998.0
ORD002800,2025-12-18,Hyderabad,Home,Philips Air Fryer,1,8999,0,8999.0
ORD002801,2024-10-16,Ahmedabad,Electronics,OnePlus 12,3,64999,15,165747.45
ORD002802,2024-09-15,Hyderabad,Fashion,Nike Air Max,2,6999,15,11898.3
ORD002803,2024-11-29,Chennai,Fashion,Nike Air Max,2,6999,0,13998.0
ORD002804,2025-11-12,Kolkata,Home,Philips Air Fryer,1,8999,15,7649.15
ORD002805,2026-01-18,Bengaluru,Home,IKEA Study Table,1,12999,15,11049.15
ORD002806,2025-12-03,Chennai,Electronics,OnePlus 12,1,64999,0,64999.0
ORD002807,2026-02-10,Ahmedabad,Home,IKEA Study Table,2,12999,0,25998.0
ORD002808,2025-05-08,Delhi,Home,Philips Air Fryer,4,8999,15,30596.6
ORD002809,2025-02-01,Pune,Electronics,Apple iPhone 15,2,79999,5,151998.1
ORD002810,2024-08-06,Delhi,Home,Philips Air Fryer,3,8999,10,24297.3
ORD002811,2026-01-27,Pune,Electronics,OnePlus 12,1,64999,15,55249.15
ORD002812,2025-03-30,Delhi,Fashion,Nike Air Max,1,6999,15,5949.15
ORD002813,2025-08-26,Bengaluru,Electronics,OnePlus 12,1,64999,5,61749.05
ORD002814,2025-12-06,Chennai,Home,IKEA Study Table,3,12999,5,37047.15
ORD002815,2026-02-13,Delhi,Electronics,OnePlus 12,1,64999,0,64999.0
ORD002816,2025-11-03,Delhi,Home,IKEA Study Table,1,12999,15,11049.15
ORD002817,2024-06-23,Chennai,Electronics,OnePlus 12,4,64999,0,259996.0
ORD002818,2024-06-19,Mumbai,Electronics,OnePlus 12,1,64999,0,64999.0
ORD002819,2024-09-21,Kolkata,Electronics,Apple iPhone 15,2,79999,15,135998.3
ORD002820,2024-11-17,Hyderabad,Home,Philips Air Fryer,1,8999,15,7649.15
ORD002821,2026-04-11,Kolkata,Electronics,Samsung Galaxy S24,2,74999,0,149998.0
ORD002822,2025-07-24,Hyderabad,Home,IKEA Study Table,2,12999,0,25998.0
ORD002823,2026-01-03,Chennai,Home,Philips Air Fryer,2,8999,0,17998.0
ORD002824,2025-06-20,Ahmedabad,Home,Philips Air Fryer,2,8999,15,15298.3
ORD002825,2024-07-18,Pune,Electronics,Samsung Galaxy S24,1,74999,10,67499.1
ORD002826,2025-12-21,Bengaluru,Electronics,OnePlus 12,1,64999,10,58499.1
ORD002827,2025-04-23,Hyderabad,Electronics,Sony WH-1000XM5,2,29999,5,56998.1
ORD002828,2025-07-18,Kolkata,Electronics,Samsung Galaxy S24,1,74999,0,74999.0
ORD002829,2025-11-16,Chennai,Home,IKEA Study Table,2,12999,10,23398.2
ORD002830,2026-05-08,Kolkata,Fashion,Levi's Jeans,2,2499,10,4498.2
ORD002831,2024-11-23,Bengaluru,Fashion,Levi's Jeans,1,2499,0,2499.0
ORD002832,2025-06-17,Delhi,Electronics,OnePlus 12,1,64999,0,64999.0
ORD002833,2026-05-18,Hyderabad,Fashion,Nike Air Max,1,6999,10,6299.1
ORD002834,2025-01-30,Kolkata,Electronics,OnePlus 12,1,64999,10,58499.1
ORD002835,2025-09-26,Bengaluru,Home,IKEA Study Table,2,12999,5,24698.1
ORD002836,2025-03-18,Hyderabad,Electronics,OnePlus 12,2,64999,15,110498.3
ORD002837,2025-02-28,Hyderabad,Electronics,Sony WH-1000XM5,1,29999,5,28499.05
ORD002838,2026-01-02,Chennai,Electronics,OnePlus 12,1,64999,10,58499.1
ORD002839,2026-01-22,Chennai,Home,Philips Air Fryer,1,8999,5,8549.05
ORD002840,2024-07-21,Chennai,Electronics,OnePlus 12,1,64999,10,58499.1
ORD002841,2024-12-25,Bengaluru,Home,Philips Air Fryer,3,8999,15,22947.45
ORD002842,2024-06-12,Mumbai,Home,IKEA Study Table,1,12999,15,11049.15
ORD002843,2024-12-30,Delhi,Electronics,Samsung Galaxy S24,1,74999,10,67499.1
ORD002844,2025-01-16,Delhi,Electronics,Sony WH-1000XM5,1,29999,0,29999.0
ORD002845,2024-08-06,Delhi,Fashion,Nike Air Max,1,6999,0,6999.0
ORD002846,2025-03-08,Ahmedabad,Electronics,Sony WH-1000XM5,1,29999,0,29999.0
ORD002847,2025-07-02,Hyderabad,Electronics,Samsung Galaxy S24,4,74999,0,299996.0
ORD002848,2025-06-03,Kolkata,Electronics,Samsung Galaxy S24,4,74999,0,299996.0
ORD002849,2025-04-27,Delhi,Electronics,Sony WH-1000XM5,1,29999,5,28499.05
ORD002850,2026-04-11,Bengaluru,Electronics,Sony WH-1000XM5,2,29999,15,50998.3
ORD002851,2024-12-21,Hyderabad,Electronics,Apple iPhone 15,4,79999,10,287996.4
ORD002852,2024-12-03,Bengaluru,Electronics,Samsung Galaxy S24,2,74999,0,149998.0
ORD002853,2024-10-22,Delhi,Fashion,Levi's Jeans,1,2499,5,2374.05
ORD002854,2025-12-25,Chennai,Home,IKEA Study Table,1,12999,0,12999.0
ORD002855,2024-10-17,Kolkata,Electronics,Samsung Galaxy S24,1,74999,0,74999.0
ORD002856,2025-05-17,Delhi,Electronics,Samsung Galaxy S24,1,74999,0,74999.0
ORD002857,2025-06-16,Ahmedabad,Home,IKEA Study Table,1,12999,0,12999.0
ORD002858,2025-09-09,Delhi,Electronics,Samsung Galaxy S24,2,74999,15,127498.3
ORD002859,2026-05-16,Ahmedabad,Home,IKEA Study Table,4,12999,10,46796.4
ORD002860,2026-04-28,Chennai,Fashion,Levi's Jeans,1,2499,5,2374.05
ORD002861,2026-02-03,Hyderabad,Home,IKEA Study Table,1,12999,10,11699.1
ORD002862,2024-09-25,Kolkata,Electronics,Sony WH-1000XM5,1,29999,10,26999.1
ORD002863,2025-03-01,Kolkata,Electronics,Samsung Galaxy S24,4,74999,5,284996.2
ORD002864,2026-05-18,Kolkata,Electronics,Apple iPhone 15,1,79999,15,67999.15
ORD002865,2026-02-23,Hyderabad,Electronics,OnePlus 12,1,64999,15,55249.15
ORD002866,2025-03-26,Chennai,Electronics,Samsung Galaxy S24,3,74999,15,191247.45
ORD002867,2025-11-09,Delhi,Electronics,OnePlus 12,1,64999,0,64999.0
ORD002868,2025-06-10,Chennai,Electronics,Sony WH-1000XM5,1,29999,10,26999.1
ORD002869,2025-06-14,Delhi,Home,IKEA Study Table,1,12999,10,11699.1
ORD002870,2025-07-21,Ahmedabad,Electronics,OnePlus 12,1,64999,5,61749.05
ORD002871,2024-09-14,Chennai,Electronics,OnePlus 12,3,64999,5,185247.15
ORD002872,2025-03-25,Hyderabad,Home,IKEA Study Table,2,12999,15,22098.3
ORD002873,2026-01-31,Hyderabad,Electronics,Sony WH-1000XM5,3,29999,15,76497.45
ORD002874,2026-01-25,Chennai,Fashion,Nike Air Max,1,6999,10,6299.1
ORD002875,2025-03-31,Ahmedabad,Fashion,Nike Air Max,1,6999,15,5949.15
ORD002876,2026-02-25,Mumbai,Home,Philips Air Fryer,1,8999,15,7649.15
ORD002877,2024-08-30,Kolkata,Home,Philips Air Fryer,1,8999,5,8549.05
ORD002878,2025-09-13,Delhi,Fashion,Levi's Jeans,1,2499,5,2374.05
ORD002879,2025-07-13,Mumbai,Fashion,Levi's Jeans,1,2499,10,2249.1
ORD002880,2024-07-04,Chennai,Fashion,Nike Air Max,1,6999,15,5949.15
ORD002881,2025-06-22,Hyderabad,Electronics,Sony WH-1000XM5,2,29999,15,50998.3
ORD002882,2024-09-02,Chennai,Electronics,Samsung Galaxy S24,1,74999,5,71249.05
ORD002883,2024-09-23,Mumbai,Home,IKEA Study Table,3,12999,15,33147.45
ORD002884,2025-02-04,Delhi,Home,Philips Air Fryer,2,8999,15,15298.3
ORD002885,2026-03-27,Mumbai,Fashion,Levi's Jeans,4,2499,15,8496.6
ORD002886,2024-11-05,Hyderabad,Electronics,Samsung Galaxy S24,1,74999,10,67499.1
ORD002887,2025-05-28,Pune,Fashion,Nike Air Max,1,6999,10,6299.1
ORD002888,2026-03-16,Chennai,Home,IKEA Study Table,1,12999,0,12999.0
ORD002889,2024-11-02,Hyderabad,Home,Philips Air Fryer,2,8999,5,17098.1
ORD002890,2026-04-27,Delhi,Electronics,Sony WH-1000XM5,1,29999,15,25499.15
ORD002891,2025-04-30,Hyderabad,Fashion,Nike Air Max,1,6999,10,6299.1
ORD002892,2026-06-07,Chennai,Electronics,Apple iPhone 15,1,79999,0,79999.0
ORD002893,2025-12-07,Delhi,Fashion,Nike Air Max,3,6999,15,17847.45
ORD002894,2025-07-02,Kolkata,Electronics,OnePlus 12,1,64999,5,61749.05
ORD002895,2025-10-10,Hyderabad,Fashion,Nike Air Max,1,6999,10,6299.1
ORD002896,2025-04-27,Ahmedabad,Electronics,Apple iPhone 15,1,79999,15,67999.15
ORD002897,2025-04-12,Mumbai,Home,Philips Air Fryer,2,8999,0,17998.0
ORD002898,2025-12-13,Mumbai,Fashion,Nike Air Max,1,6999,15,5949.15
ORD002899,2025-07-25,Hyderabad,Fashion,Nike Air Max,2,6999,15,11898.3
ORD002900,2025-09-04,Pune,Fashion,Nike Air Max,2,6999,0,13998.0
ORD002901,2025-12-06,Kolkata,Electronics,Samsung Galaxy S24,1,74999,0,74999.0
ORD002902,2025-09-26,Hyderabad,Electronics,Sony WH-1000XM5,2,29999,15,50998.3
ORD002903,2024-07-07,Chennai,Home,IKEA Study Table,1,12999,5,12349.05
ORD002904,2026-05-14,Kolkata,Electronics,Samsung Galaxy S24,1,74999,10,67499.1
ORD002905,2025-04-04,Hyderabad,Home,Philips Air Fryer,3,8999,15,22947.45
ORD002906,2025-11-13,Mumbai,Electronics,Apple iPhone 15,2,79999,15,135998.3
ORD002907,2026-02-11,Bengaluru,Electronics,Apple iPhone 15,1,79999,15,67999.15
ORD002908,2025-05-10,Kolkata,Fashion,Levi's Jeans,3,2499,10,6747.3
ORD002909,2024-06-16,Bengaluru,Electronics,Sony WH-1000XM5,2,29999,10,53998.2
ORD002910,2025-07-18,Hyderabad,Electronics,Sony WH-1000XM5,2,29999,5,56998.1
ORD002911,2024-12-21,Bengaluru,Electronics,OnePlus 12,1,64999,0,64999.0
ORD002912,2025-09-18,Chennai,Fashion,Nike Air Max,4,6999,10,25196.4
ORD002913,2026-03-12,Hyderabad,Electronics,Sony WH-1000XM5,2,29999,5,56998.1
ORD002914,2025-02-13,Delhi,Electronics,OnePlus 12,1,64999,10,58499.1
ORD002915,2025-09-16,Bengaluru,Electronics,Sony WH-1000XM5,2,29999,0,59998.0
ORD002916,2025-10-01,Mumbai,Home,IKEA Study Table,1,12999,15,11049.15
ORD002917,2025-11-08,Ahmedabad,Home,IKEA Study Table,3,12999,5,37047.15
ORD002918,2025-07-07,Delhi,Electronics,Apple iPhone 15,1,79999,15,67999.15
ORD002919,2026-04-24,Pune,Electronics,Sony WH-1000XM5,2,29999,0,59998.0
ORD002920,2025-12-23,Bengaluru,Electronics,OnePlus 12,1,64999,0,64999.0
ORD002921,2025-07-03,Chennai,Electronics,Sony WH-1000XM5,1,29999,15,25499.15
ORD002922,2025-07-24,Pune,Fashion,Nike Air Max,1,6999,5,6649.05
ORD002923,2025-05-12,Kolkata,Fashion,Nike Air Max,1,6999,0,6999.0
ORD002924,2025-12-27,Ahmedabad,Electronics,Apple iPhone 15,1,79999,15,67999.15
ORD002925,2025-08-23,Pune,Electronics,Samsung Galaxy S24,1,74999,10,67499.1
ORD002926,2026-01-05,Delhi,Home,Philips Air Fryer,3,8999,10,24297.3
ORD002927,2025-07-09,Kolkata,Electronics,Samsung Galaxy S24,2,74999,15,127498.3
ORD002928,2026-05-25,Chennai,Electronics,Apple iPhone 15,4,79999,10,287996.4
ORD002929,2025-03-17,Bengaluru,Electronics,Apple iPhone 15,1,79999,5,75999.05
ORD002930,2025-07-05,Bengaluru,Electronics,Apple iPhone 15,1,79999,5,75999.05
ORD002931,2024-11-15,Delhi,Home,IKEA Study Table,2,12999,0,25998.0
ORD002932,2025-01-23,Bengaluru,Fashion,Levi's Jeans,1,2499,15,2124.15
ORD002933,2025-03-08,Bengaluru,Home,Philips Air Fryer,1,8999,5,8549.05
ORD002934,2026-05-20,Bengaluru,Fashion,Nike Air Max,3,6999,0,20997.0
ORD002935,2024-07-11,Ahmedabad,Electronics,Apple iPhone 15,1,79999,10,71999.1
ORD002936,2026-06-03,Chennai,Fashion,Nike Air Max,3,6999,10,18897.3
ORD002937,2026-01-21,Mumbai,Electronics,Apple iPhone 15,2,79999,10,143998.2
ORD002938,2024-07-30,Ahmedabad,Home,IKEA Study Table,1,12999,5,12349.05
ORD002939,2026-03-28,Bengaluru,Electronics,Apple iPhone 15,1,79999,5,75999.05
ORD002940,2025-05-08,Pune,Electronics,Samsung Galaxy S24,1,74999,5,71249.05
ORD002941,2025-01-13,Kolkata,Home,Philips Air Fryer,4,8999,0,35996.0
ORD002942,2026-02-27,Bengaluru,Home,IKEA Study Table,4,12999,15,44196.6
ORD002943,2025-03-15,Hyderabad,Electronics,Apple iPhone 15,1,79999,15,67999.15
ORD002944,2025-12-30,Pune,Electronics,OnePlus 12,1,64999,10,58499.1
ORD002945,2025-11-04,Bengaluru,Home,IKEA Study Table,1,12999,5,12349.05
ORD002946,2025-08-30,Delhi,Electronics,Sony WH-1000XM5,1,29999,5,28499.05
ORD002947,2025-09-15,Hyderabad,Electronics,Samsung Galaxy S24,2,74999,15,127498.3
ORD002948,2025-03-07,Bengaluru,Electronics,Samsung Galaxy S24,1,74999,10,67499.1
ORD002949,2025-05-29,Hyderabad,Fashion,Levi's Jeans,1,2499,15,2124.15
ORD002950,2024-12-29,Bengaluru,Electronics,OnePlus 12,1,64999,10,58499.1
ORD002951,2025-05-22,Mumbai,Electronics,Apple iPhone 15,2,79999,15,135998.3
ORD002952,2024-12-03,Bengaluru,Electronics,Sony WH-1000XM5,4,29999,0,119996.0
ORD002953,2026-06-07,Bengaluru,Electronics,Apple iPhone 15,2,79999,5,151998.1
ORD002954,2024-11-19,Kolkata,Home,Philips Air Fryer,1,8999,15,7649.15
ORD002955,2025-12-29,Kolkata,Fashion,Nike Air Max,1,6999,15,5949.15
ORD002956,2025-05-06,Kolkata,Electronics,Sony WH-1000XM5,1,29999,10,26999.1
ORD002957,2025-01-07,Chennai,Electronics,Samsung Galaxy S24,2,74999,10,134998.2
ORD002958,2025-10-21,Kolkata,Electronics,OnePlus 12,1,64999,15,55249.15
ORD002959,2024-10-31,Hyderabad,Electronics,Samsung Galaxy S24,2,74999,10,134998.2
ORD002960,2025-09-09,Mumbai,Electronics,Samsung Galaxy S24,2,74999,15,127498.3
ORD002961,2024-10-31,Pune,Electronics,OnePlus 12,1,64999,15,55249.15
ORD002962,2026-04-03,Bengaluru,Electronics,Samsung Galaxy S24,1,74999,10,67499.1
ORD002963,2025-03-20,Pune,Fashion,Nike Air Max,1,6999,15,5949.15
ORD002964,2025-09-09,Bengaluru,Electronics,OnePlus 12,1,64999,5,61749.05
ORD002965,2026-03-02,Chennai,Electronics,Sony WH-1000XM5,2,29999,5,56998.1
ORD002966,2026-01-17,Chennai,Electronics,OnePlus 12,1,64999,0,64999.0
ORD002967,2025-01-27,Chennai,Electronics,Sony WH-1000XM5,2,29999,5,56998.1
ORD002968,2026-01-01,Delhi,Electronics,OnePlus 12,1,64999,5,61749.05
ORD002969,2024-10-05,Delhi,Electronics,OnePlus 12,1,64999,15,55249.15
ORD002970,2024-12-20,Hyderabad,Fashion,Levi's Jeans,1,2499,15,2124.15
ORD002971,2026-04-26,Kolkata,Home,Philips Air Fryer,3,8999,15,22947.45
ORD002972,2026-04-20,Mumbai,Home,IKEA Study Table,1,12999,10,11699.1
ORD002973,2025-02-11,Delhi,Electronics,Samsung Galaxy S24,1,74999,10,67499.1
ORD002974,2026-01-09,Bengaluru,Electronics,Samsung Galaxy S24,1,74999,15,63749.15
ORD002975,2024-06-18,Delhi,Electronics,OnePlus 12,1,64999,5,61749.05
ORD002976,2024-11-11,Ahmedabad,Home,Philips Air Fryer,2,8999,15,15298.3
ORD002977,2024-10-03,Pune,Electronics,Sony WH-1000XM5,1,29999,10,26999.1
ORD002978,2025-09-04,Bengaluru,Electronics,Sony WH-1000XM5,4,29999,10,107996.4
ORD002979,2024-06-12,Delhi,Home,Philips Air Fryer,1,8999,5,8549.05
ORD002980,2024-11-13,Chennai,Home,IKEA Study Table,1,12999,10,11699.1
ORD002981,2025-08-02,Pune,Electronics,Apple iPhone 15,2,79999,10,143998.2
ORD002982,2026-03-16,Hyderabad,Home,IKEA Study Table,1,12999,15,11049.15
ORD002983,2025-02-13,Bengaluru,Electronics,Samsung Galaxy S24,1,74999,15,63749.15
ORD002984,2025-09-16,Hyderabad,Electronics,Samsung Galaxy S24,3,74999,10,202497.3
ORD002985,2025-09-02,Pune,Electronics,Apple iPhone 15,1,79999,10,71999.1
ORD002986,2024-09-25,Kolkata,Home,IKEA Study Table,1,12999,5,12349.05
ORD002987,2026-02-23,Pune,Fashion,Levi's Jeans,1,2499,0,2499.0
ORD002988,2026-02-13,Ahmedabad,Fashion,Nike Air Max,1,6999,15,5949.15
ORD002989,2024-09-20,Hyderabad,Home,Philips Air Fryer,1,8999,0,8999.0
ORD002990,2025-10-13,Ahmedabad,Fashion,Levi's Jeans,3,2499,10,6747.3
ORD002991,2025-07-31,Mumbai,Fashion,Levi's Jeans,4,2499,0,9996.0
ORD002992,2025-07-05,Delhi,Electronics,Samsung Galaxy S24,2,74999,15,127498.3
ORD002993,2025-11-01,Hyderabad,Home,IKEA Study Table,1,12999,15,11049.15
ORD002994,2026-01-16,Ahmedabad,Electronics,Samsung Galaxy S24,4,74999,15,254996.6
ORD002995,2025-06-29,Pune,Home,Philips Air Fryer,1,8999,0,8999.0
ORD002996,2025-02-26,Chennai,Electronics,Samsung Galaxy S24,1,74999,5,71249.05
ORD002997,2024-09-03,Chennai,Home,Philips Air Fryer,2,8999,0,17998.0
ORD002998,2024-06-30,Ahmedabad,Home,IKEA Study Table,3,12999,0,38997.0
ORD002999,2025-08-08,Delhi,Home,Philips Air Fryer,2,8999,0,17998.0
ORD003000,2026-05-23,Pune,Electronics,OnePlus 12,1,64999,10,58499.1
ORD003001,2025-07-27,Kolkata,Fashion,Levi's Jeans,3,2499,0,7497.0
ORD003002,2025-08-12,Chennai,Fashion,Levi's Jeans,1,2499,10,2249.1
ORD003003,2025-04-18,Chennai,Electronics,Sony WH-1000XM5,1,29999,0,29999.0
ORD003004,2026-05-06,Bengaluru,Home,IKEA Study Table,2,12999,10,23398.2
ORD003005,2024-11-22,Ahmedabad,Electronics,Sony WH-1000XM5,1,29999,10,26999.1
ORD003006,2025-03-12,Kolkata,Fashion,Nike Air Max,2,6999,5,13298.1
ORD003007,2025-04-12,Chennai,Electronics,Samsung Galaxy S24,1,74999,5,71249.05
ORD003008,2025-10-24,Ahmedabad,Fashion,Levi's Jeans,1,2499,0,2499.0
ORD003009,2025-06-18,Ahmedabad,Fashion,Nike Air Max,2,6999,5,13298.1
ORD003010,2025-05-31,Chennai,Electronics,Sony WH-1000XM5,1,29999,15,25499.15
ORD003011,2025-03-17,Bengaluru,Fashion,Nike Air Max,2,6999,10,12598.2
ORD003012,2025-05-13,Delhi,Electronics,OnePlus 12,1,64999,0,64999.0
ORD003013,2025-03-25,Bengaluru,Fashion,Levi's Jeans,3,2499,10,6747.3
ORD003014,2025-07-26,Delhi,Home,Philips Air Fryer,2,8999,0,17998.0
ORD003015,2025-05-23,Hyderabad,Electronics,Samsung Galaxy S24,1,74999,15,63749.15
ORD003016,2026-02-11,Ahmedabad,Electronics,OnePlus 12,2,64999,10,116998.2
ORD003017,2025-11-07,Hyderabad,Electronics,OnePlus 12,3,64999,0,194997.0
ORD003018,2026-05-18,Kolkata,Electronics,Samsung Galaxy S24,1,74999,5,71249.05
ORD003019,2025-07-21,Hyderabad,Electronics,Apple iPhone 15,1,79999,5,75999.05
ORD003020,2025-09-08,Delhi,Electronics,Apple iPhone 15,1,79999,5,75999.05
ORD003021,2026-02-02,Bengaluru,Electronics,Sony WH-1000XM5,1,29999,5,28499.05
ORD003022,2025-04-27,Kolkata,Electronics,Apple iPhone 15,1,79999,0,79999.0
ORD003023,2024-11-19,Ahmedabad,Home,IKEA Study Table,1,12999,5,12349.05
ORD003024,2025-03-23,Ahmedabad,Electronics,OnePlus 12,2,64999,15,110498.3
ORD003025,2026-05-09,Hyderabad,Fashion,Levi's Jeans,2,2499,10,4498.2
ORD003026,2024-08-07,Chennai,Home,Philips Air Fryer,1,8999,5,8549.05
ORD003027,2025-10-28,Chennai,Fashion,Nike Air Max,1,6999,5,6649.05
ORD003028,2025-02-23,Pune,Electronics,Sony WH-1000XM5,2,29999,5,56998.1
ORD003029,2025-03-07,Delhi,Home,IKEA Study Table,1,12999,0,12999.0
ORD003030,2024-09-16,Kolkata,Fashion,Nike Air Max,2,6999,5,13298.1
ORD003031,2026-04-27,Kolkata,Fashion,Levi's Jeans,1,2499,0,2499.0
ORD003032,2025-01-03,Pune,Home,IKEA Study Table,1,12999,15,11049.15
ORD003033,2025-12-16,Mumbai,Electronics,OnePlus 12,1,64999,15,55249.15
ORD003034,2026-06-06,Pune,Fashion,Nike Air Max,1,6999,5,6649.05
ORD003035,2026-06-07,Hyderabad,Fashion,Nike Air Max,1,6999,10,6299.1
ORD003036,2024-06-23,Ahmedabad,Electronics,Apple iPhone 15,2,79999,15,135998.3
ORD003037,2024-09-20,Kolkata,Electronics,OnePlus 12,4,64999,5,246996.2
ORD003038,2026-03-15,Chennai,Fashion,Levi's Jeans,1,2499,10,2249.1
ORD003039,2026-05-23,Bengaluru,Electronics,Sony WH-1000XM5,1,29999,15,25499.15
ORD003040,2024-07-22,Chennai,Fashion,Nike Air Max,3,6999,0,20997.0
ORD003041,2025-06-15,Pune,Electronics,Samsung Galaxy S24,2,74999,0,149998.0
ORD003042,2025-03-30,Delhi,Home,Philips Air Fryer,2,8999,5,17098.1
ORD003043,2026-01-25,Kolkata,Electronics,OnePlus 12,2,64999,0,129998.0
ORD003044,2026-02-09,Ahmedabad,Electronics,Samsung Galaxy S24,1,74999,0,74999.0
ORD003045,2024-12-02,Kolkata,Home,Philips Air Fryer,2,8999,15,15298.3
ORD003046,2025-06-24,Pune,Electronics,OnePlus 12,2,64999,5,123498.1
ORD003047,2024-07-16,Hyderabad,Fashion,Levi's Jeans,1,2499,15,2124.15
ORD003048,2025-02-04,Ahmedabad,Home,IKEA Study Table,1,12999,10,11699.1
ORD003049,2024-10-05,Chennai,Electronics,Sony WH-1000XM5,1,29999,0,29999.0
ORD003050,2026-03-31,Mumbai,Home,IKEA Study Table,2,12999,10,23398.2
ORD003051,2024-06-17,Chennai,Electronics,Apple iPhone 15,4,79999,0,319996.0
ORD003052,2025-07-31,Mumbai,Electronics,Samsung Galaxy S24,1,74999,0,74999.0
ORD003053,2026-05-18,Chennai,Fashion,Nike Air Max,1,6999,0,6999.0
ORD003054,2026-06-04,Kolkata,Electronics,Samsung Galaxy S24,4,74999,5,284996.2
ORD003055,2026-04-20,Pune,Electronics,OnePlus 12,1,64999,10,58499.1
ORD003056,2024-12-19,Kolkata,Electronics,OnePlus 12,1,64999,5,61749.05
ORD003057,2024-12-08,Mumbai,Electronics,OnePlus 12,1,64999,15,55249.15
ORD003058,2024-06-24,Hyderabad,Electronics,Apple iPhone 15,3,79999,0,239997.0
ORD003059,2025-05-16,Bengaluru,Fashion,Levi's Jeans,1,2499,5,2374.05
ORD003060,2025-10-19,Chennai,Electronics,Samsung Galaxy S24,1,74999,5,71249.05
ORD003061,2026-02-02,Kolkata,Home,IKEA Study Table,3,12999,15,33147.45
ORD003062,2025-03-24,Chennai,Electronics,Samsung Galaxy S24,2,74999,0,149998.0
ORD003063,2026-05-17,Kolkata,Electronics,Sony WH-1000XM5,1,29999,5,28499.05
ORD003064,2025-11-01,Chennai,Electronics,Sony WH-1000XM5,2,29999,0,59998.0
ORD003065,2024-09-10,Pune,Electronics,Apple iPhone 15,3,79999,15,203997.45
ORD003066,2026-04-29,Ahmedabad,Electronics,Samsung Galaxy S24,2,74999,10,134998.2
ORD003067,2024-07-27,Kolkata,Electronics,Sony WH-1000XM5,1,29999,5,28499.05
ORD003068,2026-04-21,Ahmedabad,Electronics,Sony WH-1000XM5,1,29999,15,25499.15
ORD003069,2025-01-26,Mumbai,Home,Philips Air Fryer,1,8999,15,7649.15
ORD003070,2025-04-08,Ahmedabad,Home,IKEA Study Table,1,12999,15,11049.15
ORD003071,2024-07-16,Mumbai,Fashion,Levi's Jeans,1,2499,10,2249.1
ORD003072,2025-11-02,Hyderabad,Electronics,Apple iPhone 15,1,79999,0,79999.0
ORD003073,2024-11-02,Mumbai,Electronics,OnePlus 12,2,64999,0,129998.0
ORD003074,2025-07-08,Delhi,Electronics,Apple iPhone 15,4,79999,15,271996.6
ORD003075,2026-03-23,Ahmedabad,Fashion,Nike Air Max,4,6999,0,27996.0
ORD003076,2025-05-15,Delhi,Electronics,OnePlus 12,1,64999,0,64999.0
ORD003077,2025-03-02,Delhi,Electronics,Samsung Galaxy S24,1,74999,5,71249.05
ORD003078,2024-10-30,Kolkata,Fashion,Nike Air Max,1,6999,5,6649.05
ORD003079,2024-06-14,Mumbai,Electronics,Sony WH-1000XM5,1,29999,0,29999.0
ORD003080,2024-11-27,Hyderabad,Home,Philips Air Fryer,1,8999,0,8999.0
ORD003081,2025-02-05,Bengaluru,Electronics,Apple iPhone 15,3,79999,10,215997.3
ORD003082,2024-07-28,Ahmedabad,Home,Philips Air Fryer,2,8999,10,16198.2
ORD003083,2026-01-03,Hyderabad,Electronics,Apple iPhone 15,1,79999,5,75999.05
ORD003084,2024-08-09,Delhi,Home,Philips Air Fryer,2,8999,10,16198.2
ORD003085,2025-08-23,Ahmedabad,Fashion,Levi's Jeans,1,2499,0,2499.0
ORD003086,2024-09-11,Kolkata,Home,Philips Air Fryer,1,8999,5,8549.05
ORD003087,2025-10-14,Mumbai,Fashion,Levi's Jeans,2,2499,15,4248.3
ORD003088,2024-10-04,Pune,Home,IKEA Study Table,1,12999,5,12349.05
ORD003089,2026-02-15,Pune,Electronics,Samsung Galaxy S24,1,74999,15,63749.15
ORD003090,2025-04-23,Hyderabad,Electronics,OnePlus 12,1,64999,5,61749.05
ORD003091,2024-09-29,Hyderabad,Home,Philips Air Fryer,1,8999,10,8099.1
ORD003092,2025-05-24,Ahmedabad,Fashion,Levi's Jeans,1,2499,0,2499.0
ORD003093,2025-08-30,Delhi,Electronics,Sony WH-1000XM5,4,29999,15,101996.6
ORD003094,2025-03-10,Kolkata,Electronics,OnePlus 12,1,64999,0,64999.0
ORD003095,2026-05-06,Mumbai,Home,IKEA Study Table,1,12999,5,12349.05
ORD003096,2025-10-11,Delhi,Home,Philips Air Fryer,1,8999,0,8999.0
ORD003097,2024-12-04,Bengaluru,Home,Philips Air Fryer,2,8999,15,15298.3
ORD003098,2024-06-28,Delhi,Home,IKEA Study Table,1,12999,0,12999.0
ORD003099,2024-09-20,Mumbai,Electronics,Sony WH-1000XM5,2,29999,0,59998.0
ORD003100,2024-09-14,Bengaluru,Electronics,OnePlus 12,1,64999,10,58499.1
ORD003101,2026-03-10,Ahmedabad,Fashion,Nike Air Max,1,6999,0,6999.0
ORD003102,2025-11-22,Pune,Home,Philips Air Fryer,1,8999,10,8099.1
ORD003103,2025-09-28,Chennai,Electronics,Sony WH-1000XM5,1,29999,5,28499.05
ORD003104,2025-07-04,Pune,Home,IKEA Study Table,1,12999,15,11049.15
ORD003105,2025-10-18,Bengaluru,Electronics,Sony WH-1000XM5,2,29999,10,53998.2
ORD003106,2025-07-07,Mumbai,Electronics,OnePlus 12,1,64999,10,58499.1
ORD003107,2024-11-20,Mumbai,Electronics,Samsung Galaxy S24,2,74999,15,127498.3
ORD003108,2024-11-10,Chennai,Electronics,OnePlus 12,2,64999,10,116998.2
ORD003109,2025-06-02,Delhi,Electronics,Apple iPhone 15,1,79999,0,79999.0
ORD003110,2024-12-28,Ahmedabad,Electronics,Apple iPhone 15,1,79999,0,79999.0
ORD003111,2024-12-14,Pune,Electronics,Samsung Galaxy S24,3,74999,0,224997.0
ORD003112,2026-01-28,Ahmedabad,Electronics,Apple iPhone 15,2,79999,15,135998.3
ORD003113,2026-01-22,Kolkata,Fashion,Levi's Jeans,2,2499,15,4248.3
ORD003114,2025-08-26,Chennai,Electronics,Sony WH-1000XM5,2,29999,10,53998.2
ORD003115,2024-11-07,Kolkata,Home,IKEA Study Table,1,12999,5,12349.05
ORD003116,2024-06-09,Bengaluru,Fashion,Nike Air Max,1,6999,10,6299.1
ORD003117,2026-02-10,Chennai,Home,Philips Air Fryer,4,8999,5,34196.2
ORD003118,2025-04-11,Bengaluru,Electronics,Apple iPhone 15,1,79999,10,71999.1
ORD003119,2026-02-04,Ahmedabad,Electronics,Apple iPhone 15,1,79999,5,75999.05
ORD003120,2025-07-09,Delhi,Electronics,OnePlus 12,2,64999,10,116998.2
ORD003121,2024-09-10,Kolkata,Home,Philips Air Fryer,1,8999,15,7649.15
ORD003122,2025-11-04,Kolkata,Home,IKEA Study Table,1,12999,15,11049.15
ORD003123,2026-02-16,Bengaluru,Fashion,Nike Air Max,1,6999,15,5949.15
ORD003124,2026-05-20,Delhi,Electronics,Sony WH-1000XM5,1,29999,5,28499.05
ORD003125,2024-12-26,Chennai,Fashion,Nike Air Max,3,6999,15,17847.45
ORD003126,2026-05-08,Kolkata,Fashion,Levi's Jeans,1,2499,5,2374.05
ORD003127,2024-08-11,Hyderabad,Electronics,Samsung Galaxy S24,1,74999,15,63749.15
ORD003128,2026-04-07,Chennai,Home,Philips Air Fryer,1,8999,5,8549.05
ORD003129,2026-04-06,Bengaluru,Electronics,OnePlus 12,2,64999,15,110498.3
ORD003130,2024-07-10,Ahmedabad,Home,IKEA Study Table,1,12999,5,12349.05
ORD003131,2026-04-16,Ahmedabad,Electronics,OnePlus 12,1,64999,5,61749.05
ORD003132,2025-12-01,Kolkata,Electronics,Sony WH-1000XM5,1,29999,10,26999.1
ORD003133,2024-08-02,Kolkata,Electronics,Sony WH-1000XM5,3,29999,5,85497.15
ORD003134,2024-07-25,Pune,Fashion,Nike Air Max,2,6999,0,13998.0
ORD003135,2026-04-05,Mumbai,Electronics,Samsung Galaxy S24,1,74999,0,74999.0
ORD003136,2025-04-13,Chennai,Fashion,Nike Air Max,3,6999,10,18897.3
ORD003137,2025-04-03,Hyderabad,Electronics,Sony WH-1000XM5,2,29999,5,56998.1
ORD003138,2025-11-04,Kolkata,Electronics,Samsung Galaxy S24,1,74999,10,67499.1
ORD003139,2024-06-21,Hyderabad,Home,IKEA Study Table,1,12999,5,12349.05
ORD003140,2025-03-01,Bengaluru,Fashion,Levi's Jeans,1,2499,5,2374.05
ORD003141,2026-05-01,Bengaluru,Electronics,OnePlus 12,1,64999,15,55249.15
ORD003142,2025-12-02,Delhi,Home,IKEA Study Table,2,12999,10,23398.2
ORD003143,2024-09-26,Kolkata,Electronics,Samsung Galaxy S24,2,74999,5,142498.1
ORD003144,2024-11-18,Ahmedabad,Electronics,Samsung Galaxy S24,2,74999,5,142498.1
ORD003145,2026-04-07,Mumbai,Home,IKEA Study Table,1,12999,5,12349.05
ORD003146,2025-07-02,Kolkata,Fashion,Nike Air Max,3,6999,5,19947.15
ORD003147,2024-11-13,Chennai,Electronics,Apple iPhone 15,4,79999,10,287996.4
ORD003148,2026-05-28,Bengaluru,Electronics,Samsung Galaxy S24,3,74999,0,224997.0
ORD003149,2025-12-09,Bengaluru,Electronics,OnePlus 12,2,64999,15,110498.3
ORD003150,2025-05-27,Chennai,Electronics,Samsung Galaxy S24,4,74999,5,284996.2
ORD003151,2024-09-20,Chennai,Fashion,Levi's Jeans,2,2499,0,4998.0
ORD003152,2025-11-20,Bengaluru,Home,IKEA Study Table,1,12999,15,11049.15
ORD003153,2025-06-17,Hyderabad,Fashion,Nike Air Max,3,6999,5,19947.15
ORD003154,2024-12-08,Mumbai,Electronics,Apple iPhone 15,1,79999,5,75999.05
ORD003155,2025-02-23,Kolkata,Electronics,Sony WH-1000XM5,2,29999,10,53998.2
ORD003156,2025-05-15,Kolkata,Home,Philips Air Fryer,1,8999,10,8099.1
ORD003157,2024-09-30,Bengaluru,Electronics,Samsung Galaxy S24,1,74999,0,74999.0
ORD003158,2024-07-11,Hyderabad,Electronics,Apple iPhone 15,2,79999,0,159998.0
ORD003159,2025-03-13,Ahmedabad,Home,Philips Air Fryer,1,8999,15,7649.15
ORD003160,2025-04-29,Ahmedabad,Home,Philips Air Fryer,1,8999,10,8099.1
ORD003161,2025-02-21,Ahmedabad,Fashion,Nike Air Max,1,6999,15,5949.15
ORD003162,2025-12-01,Hyderabad,Fashion,Nike Air Max,1,6999,10,6299.1
ORD003163,2024-10-20,Pune,Electronics,Sony WH-1000XM5,1,29999,10,26999.1
ORD003164,2025-08-16,Chennai,Home,IKEA Study Table,3,12999,0,38997.0
ORD003165,2026-01-22,Pune,Electronics,Samsung Galaxy S24,1,74999,5,71249.05
ORD003166,2024-09-02,Pune,Electronics,Sony WH-1000XM5,1,29999,10,26999.1
ORD003167,2024-12-06,Pune,Electronics,OnePlus 12,1,64999,5,61749.05
ORD003168,2025-01-04,Chennai,Electronics,Samsung Galaxy S24,1,74999,0,74999.0
ORD003169,2024-07-20,Chennai,Electronics,Samsung Galaxy S24,1,74999,15,63749.15
ORD003170,2026-05-14,Bengaluru,Electronics,Samsung Galaxy S24,2,74999,0,149998.0
ORD003171,2025-04-15,Bengaluru,Electronics,Sony WH-1000XM5,3,29999,0,89997.0
ORD003172,2025-12-30,Mumbai,Electronics,Samsung Galaxy S24,2,74999,0,149998.0
ORD003173,2026-04-15,Delhi,Home,Philips Air Fryer,2,8999,5,17098.1
ORD003174,2025-02-12,Chennai,Electronics,Apple iPhone 15,2,79999,15,135998.3
ORD003175,2025-07-11,Kolkata,Electronics,Sony WH-1000XM5,1,29999,5,28499.05
ORD003176,2025-02-05,Kolkata,Electronics,OnePlus 12,1,64999,0,64999.0
ORD003177,2024-10-23,Bengaluru,Electronics,OnePlus 12,1,64999,0,64999.0
ORD003178,2025-05-12,Pune,Electronics,Sony WH-1000XM5,1,29999,5,28499.05
ORD003179,2026-01-23,Delhi,Electronics,Samsung Galaxy S24,1,74999,10,67499.1
ORD003180,2024-11-26,Ahmedabad,Electronics,OnePlus 12,1,64999,10,58499.1
ORD003181,2024-09-29,Chennai,Fashion,Levi's Jeans,1,2499,10,2249.1
ORD003182,2025-11-12,Hyderabad,Electronics,Sony WH-1000XM5,1,29999,10,26999.1
ORD003183,2025-04-04,Kolkata,Electronics,OnePlus 12,1,64999,0,64999.0
ORD003184,2024-07-09,Ahmedabad,Fashion,Nike Air Max,3,6999,0,20997.0
ORD003185,2025-08-25,Mumbai,Electronics,Samsung Galaxy S24,2,74999,15,127498.3
ORD003186,2025-03-31,Pune,Electronics,Samsung Galaxy S24,1,74999,10,67499.1
ORD003187,2025-04-14,Kolkata,Fashion,Levi's Jeans,2,2499,10,4498.2
ORD003188,2024-09-10,Chennai,Fashion,Nike Air Max,2,6999,15,11898.3
ORD003189,2026-02-04,Chennai,Home,IKEA Study Table,1,12999,15,11049.15
ORD003190,2025-03-09,Mumbai,Electronics,Sony WH-1000XM5,1,29999,5,28499.05
ORD003191,2024-06-15,Chennai,Fashion,Nike Air Max,1,6999,15,5949.15
ORD003192,2026-06-06,Kolkata,Home,Philips Air Fryer,1,8999,15,7649.15
ORD003193,2025-01-02,Ahmedabad,Electronics,OnePlus 12,1,64999,15,55249.15
ORD003194,2025-08-18,Ahmedabad,Electronics,Apple iPhone 15,3,79999,10,215997.3
ORD003195,2024-08-31,Ahmedabad,Electronics,OnePlus 12,1,64999,0,64999.0
ORD003196,2024-08-26,Delhi,Electronics,OnePlus 12,1,64999,5,61749.05
ORD003197,2026-01-18,Bengaluru,Electronics,Samsung Galaxy S24,1,74999,15,63749.15
ORD003198,2024-08-17,Kolkata,Fashion,Levi's Jeans,1,2499,0,2499.0
ORD003199,2025-04-23,Delhi,Home,Philips Air Fryer,1,8999,10,8099.1
ORD003200,2024-09-16,Ahmedabad,Electronics,Sony WH-1000XM5,1,29999,15,25499.15
ORD003201,2025-12-14,Kolkata,Home,Philips Air Fryer,3,8999,5,25647.15
ORD003202,2025-11-11,Pune,Electronics,Apple iPhone 15,1,79999,0,79999.0
ORD003203,2025-04-11,Bengaluru,Fashion,Nike Air Max,2,6999,10,12598.2
ORD003204,2025-08-28,Delhi,Electronics,Sony WH-1000XM5,1,29999,15,25499.15
ORD003205,2026-03-08,Bengaluru,Home,Philips Air Fryer,1,8999,10,8099.1
ORD003206,2025-12-27,Pune,Fashion,Nike Air Max,2,6999,15,11898.3
ORD003207,2025-05-13,Chennai,Electronics,OnePlus 12,1,64999,10,58499.1
ORD003208,2025-04-28,Pune,Electronics,OnePlus 12,1,64999,15,55249.15
ORD003209,2025-01-23,Delhi,Electronics,Apple iPhone 15,1,79999,15,67999.15
ORD003210,2025-12-27,Chennai,Electronics,Sony WH-1000XM5,3,29999,5,85497.15
ORD003211,2025-07-24,Chennai,Home,IKEA Study Table,2,12999,10,23398.2
ORD003212,2025-04-23,Delhi,Electronics,Sony WH-1000XM5,3,29999,10,80997.3
ORD003213,2025-11-02,Kolkata,Electronics,Sony WH-1000XM5,2,29999,5,56998.1
ORD003214,2025-03-18,Pune,Home,IKEA Study Table,3,12999,10,35097.3
ORD003215,2025-07-14,Pune,Home,Philips Air Fryer,2,8999,10,16198.2
ORD003216,2025-04-24,Pune,Home,IKEA Study Table,1,12999,10,11699.1
ORD003217,2025-09-28,Hyderabad,Home,IKEA Study Table,1,12999,5,12349.05
ORD003218,2025-08-22,Kolkata,Electronics,OnePlus 12,1,64999,0,64999.0
ORD003219,2025-03-01,Chennai,Electronics,Sony WH-1000XM5,1,29999,0,29999.0
ORD003220,2026-06-01,Bengaluru,Fashion,Nike Air Max,2,6999,15,11898.3
ORD003221,2026-05-19,Chennai,Fashion,Levi's Jeans,4,2499,15,8496.6
ORD003222,2026-02-16,Pune,Electronics,Sony WH-1000XM5,2,29999,5,56998.1
ORD003223,2026-04-17,Hyderabad,Fashion,Levi's Jeans,2,2499,5,4748.1
ORD003224,2025-05-21,Mumbai,Electronics,Sony WH-1000XM5,2,29999,15,50998.3
ORD003225,2025-05-12,Hyderabad,Fashion,Levi's Jeans,1,2499,5,2374.05
ORD003226,2026-03-14,Pune,Electronics,Apple iPhone 15,1,79999,15,67999.15
ORD003227,2025-09-23,Kolkata,Fashion,Nike Air Max,1,6999,5,6649.05
ORD003228,2024-06-17,Chennai,Home,Philips Air Fryer,1,8999,15,7649.15
ORD003229,2026-03-09,Hyderabad,Electronics,Samsung Galaxy S24,3,74999,15,191247.45
ORD003230,2024-12-24,Hyderabad,Electronics,Sony WH-1000XM5,2,29999,15,50998.3
ORD003231,2025-02-27,Mumbai,Electronics,OnePlus 12,1,64999,10,58499.1
ORD003232,2025-12-07,Kolkata,Electronics,Samsung Galaxy S24,1,74999,10,67499.1
ORD003233,2025-04-11,Mumbai,Fashion,Nike Air Max,1,6999,15,5949.15
ORD003234,2024-12-07,Bengaluru,Home,Philips Air Fryer,2,8999,15,15298.3
ORD003235,2025-10-21,Hyderabad,Fashion,Nike Air Max,2,6999,0,13998.0
ORD003236,2025-09-22,Mumbai,Fashion,Nike Air Max,1,6999,0,6999.0
ORD003237,2026-04-07,Bengaluru,Electronics,OnePlus 12,1,64999,0,64999.0
ORD003238,2025-11-25,Delhi,Electronics,OnePlus 12,1,64999,5,61749.05
ORD003239,2025-10-14,Chennai,Electronics,Samsung Galaxy S24,2,74999,10,134998.2
ORD003240,2024-09-28,Kolkata,Electronics,Samsung Galaxy S24,1,74999,0,74999.0
ORD003241,2026-01-19,Ahmedabad,Home,Philips Air Fryer,1,8999,15,7649.15
ORD003242,2025-03-18,Delhi,Electronics,OnePlus 12,1,64999,0,64999.0
ORD003243,2025-06-25,Delhi,Home,IKEA Study Table,1,12999,10,11699.1
ORD003244,2025-09-21,Mumbai,Electronics,Sony WH-1000XM5,1,29999,0,29999.0
ORD003245,2024-08-03,Delhi,Electronics,Sony WH-1000XM5,1,29999,0,29999.0
ORD003246,2025-12-18,Chennai,Electronics,Sony WH-1000XM5,3,29999,5,85497.15
ORD003247,2025-02-16,Mumbai,Fashion,Nike Air Max,1,6999,15,5949.15
ORD003248,2026-02-21,Pune,Fashion,Levi's Jeans,1,2499,15,2124.15
ORD003249,2025-05-01,Delhi,Electronics,Apple iPhone 15,1,79999,0,79999.0
ORD003250,2025-09-15,Chennai,Electronics,Sony WH-1000XM5,1,29999,0,29999.0
ORD003251,2025-12-26,Bengaluru,Electronics,Samsung Galaxy S24,1,74999,10,67499.1
ORD003252,2024-09-04,Hyderabad,Home,Philips Air Fryer,1,8999,0,8999.0
ORD003253,2025-08-29,Bengaluru,Fashion,Levi's Jeans,1,2499,15,2124.15
ORD003254,2024-08-09,Chennai,Electronics,Sony WH-1000XM5,2,29999,10,53998.2
ORD003255,2024-11-20,Ahmedabad,Electronics,Sony WH-1000XM5,1,29999,10,26999.1
ORD003256,2024-08-29,Mumbai,Electronics,Samsung Galaxy S24,2,74999,15,127498.3
ORD003257,2025-03-21,Delhi,Home,IKEA Study Table,2,12999,15,22098.3
ORD003258,2025-06-16,Pune,Electronics,OnePlus 12,1,64999,15,55249.15
ORD003259,2025-09-28,Delhi,Electronics,Sony WH-1000XM5,1,29999,10,26999.1
ORD003260,2026-01-29,Delhi,Fashion,Levi's Jeans,1,2499,0,2499.0
ORD003261,2026-04-01,Hyderabad,Fashion,Levi's Jeans,1,2499,0,2499.0
ORD003262,2024-07-18,Chennai,Electronics,Apple iPhone 15,1,79999,5,75999.05
ORD003263,2026-05-05,Chennai,Electronics,Sony WH-1000XM5,1,29999,15,25499.15
ORD003264,2026-03-26,Kolkata,Home,IKEA Study Table,4,12999,5,49396.2
ORD003265,2024-08-24,Delhi,Home,IKEA Study Table,1,12999,10,11699.1
ORD003266,2026-05-11,Mumbai,Electronics,Samsung Galaxy S24,2,74999,0,149998.0
ORD003267,2025-01-22,Mumbai,Electronics,Apple iPhone 15,3,79999,10,215997.3
ORD003268,2024-12-08,Pune,Fashion,Levi's Jeans,1,2499,5,2374.05
ORD003269,2026-06-07,Ahmedabad,Electronics,Apple iPhone 15,1,79999,5,75999.05
ORD003270,2026-05-11,Mumbai,Fashion,Nike Air Max,1,6999,15,5949.15
ORD003271,2025-12-17,Hyderabad,Fashion,Levi's Jeans,2,2499,0,4998.0
ORD003272,2026-01-22,Pune,Electronics,OnePlus 12,1,64999,5,61749.05
ORD003273,2024-10-13,Bengaluru,Electronics,Apple iPhone 15,3,79999,15,203997.45
ORD003274,2026-02-08,Kolkata,Electronics,Apple iPhone 15,1,79999,5,75999.05
ORD003275,2025-01-30,Pune,Fashion,Levi's Jeans,1,2499,15,2124.15
ORD003276,2024-07-01,Ahmedabad,Electronics,OnePlus 12,1,64999,15,55249.15
ORD003277,2026-03-16,Kolkata,Electronics,Apple iPhone 15,1,79999,15,67999.15
ORD003278,2026-05-14,Mumbai,Home,Philips Air Fryer,1,8999,0,8999.0
ORD003279,2024-10-07,Hyderabad,Electronics,Samsung Galaxy S24,4,74999,10,269996.4
ORD003280,2026-03-31,Mumbai,Home,IKEA Study Table,1,12999,10,11699.1
ORD003281,2025-07-16,Delhi,Fashion,Levi's Jeans,4,2499,5,9496.2
ORD003282,2026-01-02,Ahmedabad,Home,IKEA Study Table,2,12999,0,25998.0
ORD003283,2024-11-05,Hyderabad,Home,IKEA Study Table,2,12999,0,25998.0
ORD003284,2025-06-13,Kolkata,Fashion,Nike Air Max,1,6999,10,6299.1
ORD003285,2025-10-10,Chennai,Home,IKEA Study Table,1,12999,10,11699.1
ORD003286,2024-10-05,Ahmedabad,Electronics,OnePlus 12,1,64999,10,58499.1
ORD003287,2025-10-31,Kolkata,Electronics,OnePlus 12,1,64999,10,58499.1
ORD003288,2025-12-19,Kolkata,Fashion,Nike Air Max,2,6999,5,13298.1
ORD003289,2024-10-02,Pune,Home,Philips Air Fryer,1,8999,15,7649.15
ORD003290,2024-09-22,Chennai,Fashion,Levi's Jeans,3,2499,10,6747.3
ORD003291,2024-06-28,Mumbai,Home,IKEA Study Table,1,12999,5,12349.05
ORD003292,2025-08-20,Chennai,Fashion,Nike Air Max,1,6999,5,6649.05
ORD003293,2024-10-17,Delhi,Electronics,OnePlus 12,3,64999,5,185247.15
ORD003294,2024-06-18,Pune,Home,Philips Air Fryer,1,8999,15,7649.15
ORD003295,2026-05-27,Hyderabad,Electronics,Apple iPhone 15,1,79999,0,79999.0
ORD003296,2025-07-07,Kolkata,Electronics,OnePlus 12,2,64999,10,116998.2
ORD003297,2025-12-31,Ahmedabad,Electronics,Samsung Galaxy S24,1,74999,10,67499.1
ORD003298,2025-06-21,Ahmedabad,Home,Philips Air Fryer,1,8999,10,8099.1
ORD003299,2026-02-10,Bengaluru,Electronics,Samsung Galaxy S24,1,74999,15,63749.15
ORD003300,2024-09-10,Kolkata,Electronics,Sony WH-1000XM5,2,29999,0,59998.0
ORD003301,2025-08-01,Delhi,Electronics,OnePlus 12,3,64999,10,175497.3
ORD003302,2024-09-23,Pune,Home,Philips Air Fryer,1,8999,5,8549.05
ORD003303,2025-12-24,Hyderabad,Electronics,Sony WH-1000XM5,1,29999,0,29999.0
ORD003304,2025-07-27,Pune,Electronics,Samsung Galaxy S24,1,74999,0,74999.0
ORD003305,2025-09-26,Ahmedabad,Fashion,Levi's Jeans,1,2499,0,2499.0
ORD003306,2024-08-21,Hyderabad,Fashion,Nike Air Max,2,6999,0,13998.0
ORD003307,2024-06-13,Hyderabad,Fashion,Nike Air Max,1,6999,5,6649.05
ORD003308,2025-10-08,Mumbai,Home,Philips Air Fryer,2,8999,15,15298.3
ORD003309,2025-06-22,Chennai,Home,IKEA Study Table,4,12999,15,44196.6
ORD003310,2025-12-15,Ahmedabad,Fashion,Nike Air Max,1,6999,15,5949.15
ORD003311,2025-12-03,Kolkata,Electronics,Samsung Galaxy S24,1,74999,10,67499.1
ORD003312,2024-12-26,Pune,Electronics,Apple iPhone 15,1,79999,15,67999.15
ORD003313,2025-10-15,Pune,Home,IKEA Study Table,1,12999,0,12999.0
ORD003314,2025-08-01,Kolkata,Electronics,Sony WH-1000XM5,2,29999,0,59998.0
ORD003315,2024-06-18,Kolkata,Home,Philips Air Fryer,2,8999,5,17098.1
ORD003316,2025-09-19,Delhi,Electronics,Apple iPhone 15,1,79999,15,67999.15
ORD003317,2024-07-07,Mumbai,Home,Philips Air Fryer,1,8999,5,8549.05
ORD003318,2025-11-04,Kolkata,Home,IKEA Study Table,1,12999,5,12349.05
ORD003319,2026-01-15,Mumbai,Fashion,Levi's Jeans,2,2499,15,4248.3
ORD003320,2026-03-13,Bengaluru,Fashion,Levi's Jeans,1,2499,15,2124.15
ORD003321,2025-10-12,Mumbai,Home,IKEA Study Table,1,12999,5,12349.05
ORD003322,2025-09-19,Pune,Fashion,Levi's Jeans,2,2499,15,4248.3
ORD003323,2024-07-15,Delhi,Electronics,OnePlus 12,4,64999,0,259996.0
ORD003324,2024-07-30,Ahmedabad,Home,IKEA Study Table,1,12999,0,12999.0
ORD003325,2025-07-28,Hyderabad,Electronics,OnePlus 12,2,64999,0,129998.0
ORD003326,2025-07-09,Delhi,Electronics,OnePlus 12,1,64999,15,55249.15
ORD003327,2025-05-05,Pune,Home,IKEA Study Table,2,12999,0,25998.0
ORD003328,2024-09-20,Kolkata,Electronics,OnePlus 12,1,64999,0,64999.0
ORD003329,2024-09-18,Mumbai,Home,IKEA Study Table,1,12999,15,11049.15
ORD003330,2026-03-25,Ahmedabad,Fashion,Nike Air Max,2,6999,0,13998.0
ORD003331,2025-03-10,Ahmedabad,Home,IKEA Study Table,1,12999,15,11049.15
ORD003332,2025-11-13,Chennai,Electronics,Samsung Galaxy S24,1,74999,10,67499.1
ORD003333,2025-03-12,Bengaluru,Home,IKEA Study Table,1,12999,5,12349.05
ORD003334,2026-01-15,Bengaluru,Electronics,Samsung Galaxy S24,1,74999,0,74999.0
ORD003335,2025-03-06,Hyderabad,Electronics,Sony WH-1000XM5,1,29999,10,26999.1
ORD003336,2025-11-28,Ahmedabad,Home,IKEA Study Table,1,12999,5,12349.05
ORD003337,2025-10-05,Delhi,Electronics,Samsung Galaxy S24,1,74999,5,71249.05
ORD003338,2024-08-09,Mumbai,Electronics,OnePlus 12,1,64999,15,55249.15
ORD003339,2024-07-04,Pune,Fashion,Nike Air Max,1,6999,0,6999.0
ORD003340,2025-05-08,Hyderabad,Fashion,Levi's Jeans,1,2499,0,2499.0
ORD003341,2025-02-07,Kolkata,Electronics,OnePlus 12,1,64999,5,61749.05
ORD003342,2025-07-30,Kolkata,Electronics,Sony WH-1000XM5,1,29999,15,25499.15
ORD003343,2026-02-09,Ahmedabad,Home,IKEA Study Table,1,12999,5,12349.05
ORD003344,2025-01-02,Bengaluru,Electronics,Samsung Galaxy S24,1,74999,5,71249.05
ORD003345,2025-09-22,Bengaluru,Electronics,Samsung Galaxy S24,1,74999,0,74999.0
ORD003346,2025-11-07,Chennai,Electronics,Sony WH-1000XM5,2,29999,15,50998.3
ORD003347,2025-07-03,Mumbai,Electronics,Sony WH-1000XM5,2,29999,15,50998.3
ORD003348,2025-01-30,Ahmedabad,Home,Philips Air Fryer,1,8999,10,8099.1
ORD003349,2024-10-26,Ahmedabad,Electronics,Apple iPhone 15,1,79999,10,71999.1
ORD003350,2026-04-01,Bengaluru,Home,IKEA Study Table,2,12999,5,24698.1
ORD003351,2025-09-04,Bengaluru,Home,IKEA Study Table,2,12999,15,22098.3
ORD003352,2026-05-22,Kolkata,Electronics,Sony WH-1000XM5,1,29999,10,26999.1
ORD003353,2024-12-14,Ahmedabad,Electronics,Samsung Galaxy S24,1,74999,0,74999.0
ORD003354,2026-01-27,Mumbai,Electronics,Samsung Galaxy S24,1,74999,5,71249.05
ORD003355,2024-10-27,Kolkata,Fashion,Nike Air Max,1,6999,10,6299.1
ORD003356,2025-05-18,Hyderabad,Fashion,Nike Air Max,1,6999,10,6299.1
ORD003357,2024-11-21,Bengaluru,Home,IKEA Study Table,1,12999,15,11049.15
ORD003358,2025-11-12,Chennai,Home,IKEA Study Table,1,12999,15,11049.15
ORD003359,2025-07-12,Hyderabad,Electronics,Samsung Galaxy S24,1,74999,10,67499.1
ORD003360,2026-01-28,Chennai,Fashion,Levi's Jeans,1,2499,5,2374.05
ORD003361,2025-10-06,Chennai,Fashion,Nike Air Max,3,6999,5,19947.15
ORD003362,2026-05-13,Ahmedabad,Fashion,Levi's Jeans,1,2499,10,2249.1
ORD003363,2024-12-05,Delhi,Fashion,Levi's Jeans,1,2499,15,2124.15
ORD003364,2025-05-09,Delhi,Electronics,OnePlus 12,2,64999,10,116998.2
ORD003365,2026-05-29,Delhi,Fashion,Nike Air Max,2,6999,10,12598.2
ORD003366,2024-06-19,Pune,Home,IKEA Study Table,1,12999,5,12349.05
ORD003367,2026-01-09,Chennai,Fashion,Levi's Jeans,2,2499,5,4748.1
ORD003368,2024-11-09,Chennai,Electronics,OnePlus 12,3,64999,15,165747.45
ORD003369,2024-06-17,Kolkata,Electronics,Sony WH-1000XM5,1,29999,10,26999.1
ORD003370,2025-11-13,Hyderabad,Fashion,Nike Air Max,1,6999,0,6999.0
ORD003371,2026-02-10,Mumbai,Electronics,Samsung Galaxy S24,4,74999,15,254996.6
ORD003372,2026-05-06,Kolkata,Electronics,Samsung Galaxy S24,1,74999,10,67499.1
ORD003373,2025-09-06,Ahmedabad,Home,IKEA Study Table,3,12999,10,35097.3
ORD003374,2024-08-12,Kolkata,Electronics,Sony WH-1000XM5,1,29999,15,25499.15
ORD003375,2026-02-28,Chennai,Electronics,Samsung Galaxy S24,1,74999,15,63749.15
ORD003376,2025-11-28,Chennai,Electronics,Samsung Galaxy S24,1,74999,0,74999.0
ORD003377,2026-05-01,Hyderabad,Electronics,Apple iPhone 15,1,79999,0,79999.0
ORD003378,2025-03-10,Bengaluru,Electronics,Samsung Galaxy S24,1,74999,10,67499.1
ORD003379,2025-11-20,Delhi,Electronics,Samsung Galaxy S24,3,74999,15,191247.45
ORD003380,2025-03-27,Mumbai,Electronics,Apple iPhone 15,3,79999,0,239997.0
ORD003381,2024-12-30,Hyderabad,Electronics,Samsung Galaxy S24,1,74999,10,67499.1
ORD003382,2025-11-09,Hyderabad,Home,Philips Air Fryer,1,8999,5,8549.05
ORD003383,2024-12-01,Mumbai,Fashion,Nike Air Max,2,6999,5,13298.1
ORD003384,2024-11-01,Ahmedabad,Fashion,Nike Air Max,2,6999,5,13298.1
ORD003385,2025-07-13,Bengaluru,Electronics,Sony WH-1000XM5,1,29999,0,29999.0
ORD003386,2025-12-10,Kolkata,Electronics,Samsung Galaxy S24,1,74999,10,67499.1
ORD003387,2025-03-09,Delhi,Electronics,Samsung Galaxy S24,1,74999,15,63749.15
ORD003388,2025-01-17,Bengaluru,Electronics,Sony WH-1000XM5,1,29999,5,28499.05
ORD003389,2025-09-29,Delhi,Electronics,Sony WH-1000XM5,1,29999,0,29999.0
ORD003390,2025-07-21,Kolkata,Fashion,Levi's Jeans,1,2499,15,2124.15
ORD003391,2025-04-07,Ahmedabad,Electronics,Sony WH-1000XM5,1,29999,0,29999.0
ORD003392,2025-08-15,Ahmedabad,Home,IKEA Study Table,1,12999,15,11049.15
ORD003393,2024-08-22,Delhi,Electronics,Apple iPhone 15,1,79999,10,71999.1
ORD003394,2025-11-13,Chennai,Home,IKEA Study Table,1,12999,10,11699.1
ORD003395,2025-12-01,Kolkata,Electronics,Apple iPhone 15,1,79999,15,67999.15
ORD003396,2025-10-11,Ahmedabad,Electronics,Sony WH-1000XM5,1,29999,0,29999.0
ORD003397,2025-11-28,Delhi,Electronics,OnePlus 12,2,64999,5,123498.1
ORD003398,2025-05-25,Delhi,Fashion,Nike Air Max,1,6999,10,6299.1
ORD003399,2025-12-06,Kolkata,Fashion,Levi's Jeans,3,2499,15,6372.45
ORD003400,2025-06-27,Pune,Electronics,Apple iPhone 15,2,79999,5,151998.1
ORD003401,2024-08-30,Ahmedabad,Home,IKEA Study Table,2,12999,0,25998.0
ORD003402,2024-10-05,Kolkata,Fashion,Nike Air Max,1,6999,0,6999.0
ORD003403,2025-06-11,Pune,Home,Philips Air Fryer,2,8999,15,15298.3
ORD003404,2025-02-07,Hyderabad,Home,Philips Air Fryer,1,8999,5,8549.05
ORD003405,2024-10-13,Kolkata,Fashion,Nike Air Max,3,6999,10,18897.3
ORD003406,2025-05-30,Mumbai,Electronics,OnePlus 12,1,64999,5,61749.05
ORD003407,2025-03-23,Pune,Home,Philips Air Fryer,1,8999,5,8549.05
ORD003408,2024-11-07,Hyderabad,Electronics,OnePlus 12,1,64999,0,64999.0
ORD003409,2024-10-24,Kolkata,Electronics,Samsung Galaxy S24,1,74999,10,67499.1
ORD003410,2025-07-07,Hyderabad,Electronics,OnePlus 12,1,64999,15,55249.15
ORD003411,2025-01-02,Bengaluru,Electronics,OnePlus 12,1,64999,10,58499.1
ORD003412,2025-10-10,Mumbai,Electronics,Samsung Galaxy S24,1,74999,0,74999.0
ORD003413,2026-05-26,Ahmedabad,Electronics,OnePlus 12,1,64999,15,55249.15
ORD003414,2025-08-11,Pune,Electronics,OnePlus 12,1,64999,5,61749.05
ORD003415,2025-09-04,Bengaluru,Electronics,Samsung Galaxy S24,2,74999,10,134998.2
ORD003416,2025-03-14,Bengaluru,Electronics,Samsung Galaxy S24,2,74999,10,134998.2
ORD003417,2025-03-09,Delhi,Electronics,OnePlus 12,1,64999,5,61749.05
ORD003418,2025-03-03,Hyderabad,Electronics,Apple iPhone 15,1,79999,5,75999.05
ORD003419,2026-03-04,Ahmedabad,Electronics,Apple iPhone 15,1,79999,0,79999.0
ORD003420,2025-10-05,Bengaluru,Electronics,OnePlus 12,1,64999,15,55249.15
ORD003421,2024-11-03,Hyderabad,Electronics,OnePlus 12,1,64999,10,58499.1
ORD003422,2025-09-30,Pune,Home,IKEA Study Table,1,12999,5,12349.05
ORD003423,2025-12-21,Pune,Electronics,Sony WH-1000XM5,1,29999,0,29999.0
ORD003424,2024-06-30,Kolkata,Home,Philips Air Fryer,1,8999,10,8099.1
ORD003425,2024-09-16,Ahmedabad,Home,IKEA Study Table,2,12999,15,22098.3
ORD003426,2025-04-14,Ahmedabad,Home,IKEA Study Table,4,12999,10,46796.4
ORD003427,2025-01-16,Bengaluru,Fashion,Levi's Jeans,1,2499,15,2124.15
ORD003428,2025-05-31,Delhi,Home,IKEA Study Table,1,12999,0,12999.0
ORD003429,2026-02-08,Hyderabad,Electronics,Samsung Galaxy S24,1,74999,10,67499.1
ORD003430,2025-10-26,Ahmedabad,Electronics,Samsung Galaxy S24,2,74999,15,127498.3
ORD003431,2024-07-05,Chennai,Home,Philips Air Fryer,1,8999,0,8999.0
ORD003432,2025-08-14,Delhi,Home,IKEA Study Table,1,12999,0,12999.0
ORD003433,2026-05-16,Kolkata,Home,Philips Air Fryer,2,8999,5,17098.1
ORD003434,2025-12-24,Ahmedabad,Electronics,OnePlus 12,2,64999,10,116998.2
ORD003435,2024-10-23,Kolkata,Electronics,Sony WH-1000XM5,1,29999,5,28499.05
ORD003436,2025-11-27,Kolkata,Fashion,Levi's Jeans,1,2499,15,2124.15
ORD003437,2024-11-04,Bengaluru,Fashion,Nike Air Max,3,6999,15,17847.45
ORD003438,2026-01-20,Bengaluru,Home,Philips Air Fryer,4,8999,5,34196.2
ORD003439,2025-11-27,Chennai,Electronics,Samsung Galaxy S24,1,74999,0,74999.0
ORD003440,2025-05-04,Pune,Home,IKEA Study Table,3,12999,15,33147.45
ORD003441,2025-08-05,Mumbai,Fashion,Levi's Jeans,1,2499,15,2124.15
ORD003442,2025-02-05,Delhi,Home,IKEA Study Table,1,12999,10,11699.1
ORD003443,2026-03-08,Mumbai,Fashion,Levi's Jeans,3,2499,5,7122.15
ORD003444,2025-10-20,Mumbai,Electronics,Samsung Galaxy S24,1,74999,10,67499.1
ORD003445,2026-03-23,Mumbai,Electronics,Apple iPhone 15,1,79999,10,71999.1
ORD003446,2024-06-22,Chennai,Home,IKEA Study Table,1,12999,15,11049.15
ORD003447,2026-03-18,Pune,Fashion,Nike Air Max,1,6999,0,6999.0
ORD003448,2025-06-23,Mumbai,Home,IKEA Study Table,2,12999,15,22098.3
ORD003449,2026-06-04,Ahmedabad,Electronics,Samsung Galaxy S24,4,74999,5,284996.2
ORD003450,2026-04-30,Hyderabad,Fashion,Nike Air Max,2,6999,15,11898.3
ORD003451,2025-05-28,Pune,Electronics,OnePlus 12,1,64999,5,61749.05
ORD003452,2026-02-26,Mumbai,Home,Philips Air Fryer,1,8999,5,8549.05
ORD003453,2026-04-21,Delhi,Electronics,Apple iPhone 15,1,79999,5,75999.05
ORD003454,2025-01-22,Bengaluru,Home,Philips Air Fryer,1,8999,15,7649.15
ORD003455,2026-02-21,Delhi,Home,Philips Air Fryer,1,8999,10,8099.1
ORD003456,2025-05-28,Mumbai,Electronics,Apple iPhone 15,4,79999,5,303996.2
ORD003457,2024-12-26,Delhi,Fashion,Levi's Jeans,2,2499,0,4998.0
ORD003458,2025-06-26,Kolkata,Home,IKEA Study Table,3,12999,5,37047.15
ORD003459,2026-04-01,Chennai,Electronics,Samsung Galaxy S24,1,74999,15,63749.15
ORD003460,2025-07-23,Chennai,Fashion,Nike Air Max,3,6999,10,18897.3
ORD003461,2025-07-01,Delhi,Fashion,Nike Air Max,1,6999,10,6299.1
ORD003462,2026-04-16,Kolkata,Electronics,Sony WH-1000XM5,2,29999,15,50998.3
ORD003463,2025-01-11,Kolkata,Fashion,Levi's Jeans,1,2499,10,2249.1
ORD003464,2025-05-04,Hyderabad,Home,Philips Air Fryer,1,8999,10,8099.1
ORD003465,2024-10-11,Delhi,Electronics,Samsung Galaxy S24,2,74999,5,142498.1
ORD003466,2025-01-27,Pune,Electronics,Sony WH-1000XM5,1,29999,5,28499.05
ORD003467,2026-01-04,Ahmedabad,Fashion,Nike Air Max,1,6999,15,5949.15
ORD003468,2024-12-08,Bengaluru,Fashion,Nike Air Max,1,6999,5,6649.05
ORD003469,2024-12-15,Chennai,Home,IKEA Study Table,3,12999,0,38997.0
ORD003470,2025-04-21,Bengaluru,Electronics,Apple iPhone 15,1,79999,15,67999.15
ORD003471,2025-01-23,Chennai,Home,Philips Air Fryer,1,8999,0,8999.0
ORD003472,2025-08-09,Kolkata,Fashion,Nike Air Max,1,6999,5,6649.05
ORD003473,2024-10-18,Delhi,Home,IKEA Study Table,3,12999,15,33147.45
ORD003474,2025-09-19,Hyderabad,Home,Philips Air Fryer,1,8999,5,8549.05
ORD003475,2026-05-06,Chennai,Electronics,Sony WH-1000XM5,2,29999,5,56998.1
ORD003476,2026-04-22,Pune,Electronics,OnePlus 12,1,64999,15,55249.15
ORD003477,2025-08-24,Bengaluru,Electronics,Samsung Galaxy S24,1,74999,0,74999.0
ORD003478,2025-01-24,Bengaluru,Home,Philips Air Fryer,1,8999,0,8999.0
ORD003479,2025-10-22,Mumbai,Electronics,Apple iPhone 15,1,79999,5,75999.05
ORD003480,2025-02-13,Chennai,Electronics,OnePlus 12,1,64999,10,58499.1
ORD003481,2026-04-16,Chennai,Electronics,Samsung Galaxy S24,1,74999,10,67499.1
ORD003482,2025-11-10,Mumbai,Electronics,Samsung Galaxy S24,1,74999,0,74999.0
ORD003483,2025-02-24,Bengaluru,Electronics,Apple iPhone 15,2,79999,5,151998.1
ORD003484,2026-06-05,Pune,Home,Philips Air Fryer,2,8999,15,15298.3
ORD003485,2025-02-15,Hyderabad,Fashion,Levi's Jeans,1,2499,0,2499.0
ORD003486,2025-01-27,Bengaluru,Electronics,OnePlus 12,1,64999,10,58499.1
ORD003487,2025-01-19,Hyderabad,Electronics,Samsung Galaxy S24,1,74999,5,71249.05
ORD003488,2025-07-19,Bengaluru,Electronics,Apple iPhone 15,1,79999,10,71999.1
ORD003489,2026-02-15,Hyderabad,Home,IKEA Study Table,2,12999,10,23398.2
ORD003490,2025-06-30,Ahmedabad,Fashion,Levi's Jeans,2,2499,15,4248.3
ORD003491,2025-06-19,Chennai,Electronics,Sony WH-1000XM5,2,29999,10,53998.2
ORD003492,2026-05-17,Bengaluru,Electronics,Sony WH-1000XM5,1,29999,5,28499.05
ORD003493,2026-02-17,Bengaluru,Electronics,Apple iPhone 15,1,79999,0,79999.0
ORD003494,2025-01-10,Bengaluru,Electronics,Samsung Galaxy S24,4,74999,5,284996.2
ORD003495,2025-08-21,Chennai,Electronics,Samsung Galaxy S24,1,74999,10,67499.1
ORD003496,2026-02-02,Ahmedabad,Electronics,Sony WH-1000XM5,2,29999,15,50998.3
ORD003497,2025-04-19,Delhi,Electronics,Samsung Galaxy S24,3,74999,10,202497.3
ORD003498,2024-06-15,Bengaluru,Home,IKEA Study Table,2,12999,10,23398.2
ORD003499,2026-02-04,Mumbai,Home,Philips Air Fryer,1,8999,0,8999.0
ORD003500,2026-06-01,Ahmedabad,Electronics,Apple iPhone 15,2,79999,10,143998.2
ORD003501,2024-10-30,Ahmedabad,Electronics,OnePlus 12,2,64999,15,110498.3
ORD003502,2025-05-15,Ahmedabad,Fashion,Nike Air Max,1,6999,10,6299.1
ORD003503,2024-09-14,Mumbai,Fashion,Nike Air Max,4,6999,5,26596.2
ORD003504,2024-12-07,Pune,Electronics,OnePlus 12,4,64999,15,220996.6
ORD003505,2025-06-25,Bengaluru,Home,IKEA Study Table,3,12999,10,35097.3
ORD003506,2026-02-09,Kolkata,Electronics,Apple iPhone 15,3,79999,5,227997.15
ORD003507,2024-12-21,Ahmedabad,Fashion,Levi's Jeans,3,2499,5,7122.15
ORD003508,2024-09-05,Chennai,Electronics,Apple iPhone 15,2,79999,10,143998.2
ORD003509,2025-10-15,Kolkata,Fashion,Nike Air Max,1,6999,0,6999.0
ORD003510,2025-09-30,Hyderabad,Electronics,Sony WH-1000XM5,1,29999,10,26999.1
ORD003511,2024-07-22,Ahmedabad,Home,Philips Air Fryer,3,8999,5,25647.15
ORD003512,2026-05-03,Kolkata,Electronics,Apple iPhone 15,1,79999,10,71999.1
ORD003513,2025-08-11,Ahmedabad,Electronics,Apple iPhone 15,1,79999,0,79999.0
ORD003514,2026-02-01,Kolkata,Electronics,Samsung Galaxy S24,1,74999,15,63749.15
ORD003515,2026-05-10,Kolkata,Electronics,Sony WH-1000XM5,3,29999,5,85497.15
ORD003516,2025-06-11,Delhi,Fashion,Levi's Jeans,1,2499,0,2499.0
ORD003517,2026-05-24,Delhi,Fashion,Levi's Jeans,1,2499,0,2499.0
ORD003518,2024-09-24,Delhi,Electronics,Apple iPhone 15,1,79999,15,67999.15
ORD003519,2025-09-10,Pune,Home,Philips Air Fryer,1,8999,0,8999.0
ORD003520,2024-07-23,Mumbai,Fashion,Levi's Jeans,1,2499,15,2124.15
ORD003521,2024-09-24,Kolkata,Fashion,Levi's Jeans,2,2499,0,4998.0
ORD003522,2025-12-27,Pune,Electronics,Sony WH-1000XM5,1,29999,10,26999.1
ORD003523,2025-11-20,Chennai,Electronics,Sony WH-1000XM5,3,29999,15,76497.45
ORD003524,2026-03-15,Mumbai,Electronics,OnePlus 12,1,64999,5,61749.05
ORD003525,2025-08-27,Kolkata,Home,Philips Air Fryer,1,8999,5,8549.05
ORD003526,2025-11-09,Bengaluru,Electronics,Apple iPhone 15,1,79999,10,71999.1
ORD003527,2025-10-11,Bengaluru,Fashion,Levi's Jeans,2,2499,15,4248.3
ORD003528,2025-04-29,Chennai,Home,Philips Air Fryer,1,8999,5,8549.05
ORD003529,2026-02-06,Hyderabad,Electronics,Samsung Galaxy S24,2,74999,10,134998.2
ORD003530,2025-12-26,Pune,Electronics,Samsung Galaxy S24,1,74999,5,71249.05
ORD003531,2026-05-29,Hyderabad,Electronics,Apple iPhone 15,4,79999,0,319996.0
ORD003532,2024-09-10,Chennai,Electronics,OnePlus 12,1,64999,15,55249.15
ORD003533,2024-06-22,Pune,Electronics,Samsung Galaxy S24,1,74999,15,63749.15
ORD003534,2025-11-28,Pune,Home,IKEA Study Table,2,12999,10,23398.2
ORD003535,2024-09-04,Bengaluru,Fashion,Nike Air Max,2,6999,10,12598.2
ORD003536,2025-01-20,Mumbai,Home,Philips Air Fryer,2,8999,10,16198.2
ORD003537,2025-09-20,Bengaluru,Electronics,Samsung Galaxy S24,4,74999,5,284996.2
ORD003538,2024-10-27,Kolkata,Fashion,Nike Air Max,1,6999,5,6649.05
ORD003539,2026-04-22,Ahmedabad,Fashion,Nike Air Max,1,6999,15,5949.15
ORD003540,2026-02-01,Delhi,Electronics,Samsung Galaxy S24,2,74999,15,127498.3
ORD003541,2024-11-27,Pune,Electronics,OnePlus 12,1,64999,15,55249.15
ORD003542,2026-02-05,Kolkata,Electronics,Sony WH-1000XM5,2,29999,15,50998.3
ORD003543,2025-08-30,Delhi,Home,Philips Air Fryer,1,8999,10,8099.1
ORD003544,2024-12-21,Mumbai,Electronics,Apple iPhone 15,1,79999,5,75999.05
ORD003545,2025-07-25,Chennai,Fashion,Nike Air Max,1,6999,10,6299.1
ORD003546,2026-06-03,Chennai,Home,Philips Air Fryer,2,8999,0,17998.0
ORD003547,2024-11-14,Pune,Home,IKEA Study Table,1,12999,0,12999.0
ORD003548,2026-03-08,Pune,Electronics,OnePlus 12,1,64999,10,58499.1
ORD003549,2025-12-05,Delhi,Electronics,Apple iPhone 15,2,79999,10,143998.2
ORD003550,2024-12-11,Hyderabad,Fashion,Levi's Jeans,1,2499,15,2124.15
ORD003551,2026-01-01,Hyderabad,Electronics,Apple iPhone 15,3,79999,0,239997.0
ORD003552,2025-12-07,Bengaluru,Electronics,OnePlus 12,2,64999,15,110498.3
ORD003553,2026-03-25,Pune,Fashion,Levi's Jeans,1,2499,15,2124.15
ORD003554,2025-09-05,Hyderabad,Fashion,Nike Air Max,1,6999,10,6299.1
ORD003555,2025-10-09,Chennai,Home,Philips Air Fryer,1,8999,10,8099.1
ORD003556,2025-08-10,Pune,Electronics,OnePlus 12,2,64999,5,123498.1
ORD003557,2025-06-26,Chennai,Fashion,Nike Air Max,1,6999,10,6299.1
ORD003558,2025-10-09,Delhi,Fashion,Nike Air Max,3,6999,5,19947.15
ORD003559,2026-06-03,Hyderabad,Electronics,Samsung Galaxy S24,1,74999,10,67499.1
ORD003560,2025-03-05,Hyderabad,Electronics,Samsung Galaxy S24,2,74999,10,134998.2
ORD003561,2024-09-14,Hyderabad,Electronics,Samsung Galaxy S24,3,74999,0,224997.0
ORD003562,2026-05-14,Hyderabad,Home,Philips Air Fryer,1,8999,10,8099.1
ORD003563,2025-11-30,Mumbai,Electronics,Apple iPhone 15,1,79999,0,79999.0
ORD003564,2024-07-04,Kolkata,Electronics,Samsung Galaxy S24,3,74999,0,224997.0
ORD003565,2025-09-26,Hyderabad,Fashion,Nike Air Max,1,6999,0,6999.0
ORD003566,2025-10-26,Pune,Electronics,OnePlus 12,1,64999,5,61749.05
ORD003567,2025-12-12,Mumbai,Fashion,Nike Air Max,1,6999,0,6999.0
ORD003568,2024-07-18,Bengaluru,Home,IKEA Study Table,1,12999,5,12349.05
ORD003569,2025-11-09,Hyderabad,Electronics,Sony WH-1000XM5,4,29999,0,119996.0
ORD003570,2025-12-31,Mumbai,Electronics,Sony WH-1000XM5,1,29999,5,28499.05
ORD003571,2024-07-11,Delhi,Home,Philips Air Fryer,1,8999,15,7649.15
ORD003572,2025-11-21,Ahmedabad,Fashion,Levi's Jeans,1,2499,15,2124.15
ORD003573,2025-01-05,Ahmedabad,Fashion,Levi's Jeans,1,2499,0,2499.0
ORD003574,2025-03-28,Mumbai,Fashion,Levi's Jeans,2,2499,15,4248.3
ORD003575,2025-09-07,Hyderabad,Electronics,Samsung Galaxy S24,1,74999,5,71249.05
ORD003576,2026-02-02,Delhi,Electronics,OnePlus 12,1,64999,0,64999.0
ORD003577,2025-05-04,Delhi,Electronics,OnePlus 12,2,64999,5,123498.1
ORD003578,2026-04-21,Bengaluru,Electronics,Apple iPhone 15,2,79999,15,135998.3
ORD003579,2026-05-20,Mumbai,Electronics,Sony WH-1000XM5,1,29999,0,29999.0
ORD003580,2025-09-09,Ahmedabad,Electronics,Sony WH-1000XM5,2,29999,0,59998.0
ORD003581,2024-11-02,Bengaluru,Electronics,Samsung Galaxy S24,1,74999,15,63749.15
ORD003582,2024-08-22,Chennai,Electronics,OnePlus 12,2,64999,0,129998.0
ORD003583,2024-06-12,Hyderabad,Fashion,Nike Air Max,4,6999,15,23796.6
ORD003584,2026-03-14,Delhi,Home,IKEA Study Table,2,12999,5,24698.1
ORD003585,2026-03-21,Kolkata,Home,Philips Air Fryer,1,8999,5,8549.05
ORD003586,2025-09-13,Mumbai,Home,IKEA Study Table,3,12999,15,33147.45
ORD003587,2026-04-20,Bengaluru,Fashion,Levi's Jeans,1,2499,15,2124.15
ORD003588,2026-02-01,Kolkata,Electronics,Apple iPhone 15,2,79999,0,159998.0
ORD003589,2026-04-15,Hyderabad,Fashion,Levi's Jeans,1,2499,0,2499.0
ORD003590,2026-05-03,Ahmedabad,Electronics,OnePlus 12,1,64999,5,61749.05
ORD003591,2024-07-18,Kolkata,Electronics,Apple iPhone 15,1,79999,0,79999.0
ORD003592,2025-04-09,Kolkata,Fashion,Nike Air Max,1,6999,5,6649.05
ORD003593,2026-06-07,Kolkata,Electronics,Sony WH-1000XM5,2,29999,10,53998.2
ORD003594,2025-11-17,Delhi,Home,Philips Air Fryer,1,8999,15,7649.15
ORD003595,2025-08-31,Delhi,Home,IKEA Study Table,3,12999,0,38997.0
ORD003596,2026-05-30,Pune,Home,IKEA Study Table,1,12999,5,12349.05
ORD003597,2026-03-14,Pune,Fashion,Levi's Jeans,2,2499,10,4498.2
ORD003598,2025-04-30,Ahmedabad,Fashion,Levi's Jeans,3,2499,10,6747.3
ORD003599,2026-05-17,Delhi,Electronics,Apple iPhone 15,1,79999,0,79999.0
ORD003600,2025-09-16,Bengaluru,Fashion,Levi's Jeans,1,2499,5,2374.05
ORD003601,2024-09-03,Bengaluru,Home,IKEA Study Table,4,12999,0,51996.0
ORD003602,2025-02-19,Chennai,Electronics,Apple iPhone 15,1,79999,15,67999.15
ORD003603,2025-07-02,Pune,Electronics,Apple iPhone 15,1,79999,5,75999.05
ORD003604,2026-05-31,Hyderabad,Fashion,Levi's Jeans,2,2499,15,4248.3
ORD003605,2026-01-12,Chennai,Fashion,Levi's Jeans,1,2499,15,2124.15
ORD003606,2026-01-25,Delhi,Electronics,Samsung Galaxy S24,1,74999,5,71249.05
ORD003607,2024-11-30,Chennai,Fashion,Nike Air Max,1,6999,10,6299.1
ORD003608,2025-08-05,Kolkata,Home,IKEA Study Table,2,12999,10,23398.2
ORD003609,2024-06-30,Pune,Electronics,Sony WH-1000XM5,1,29999,0,29999.0
ORD003610,2025-06-08,Delhi,Electronics,Samsung Galaxy S24,1,74999,5,71249.05
ORD003611,2025-10-16,Kolkata,Home,Philips Air Fryer,3,8999,5,25647.15
ORD003612,2025-06-02,Pune,Home,Philips Air Fryer,1,8999,0,8999.0
ORD003613,2025-11-18,Delhi,Home,IKEA Study Table,2,12999,5,24698.1
ORD003614,2026-03-03,Hyderabad,Electronics,Sony WH-1000XM5,1,29999,0,29999.0
ORD003615,2025-05-22,Pune,Electronics,Apple iPhone 15,3,79999,15,203997.45
ORD003616,2025-08-15,Delhi,Fashion,Levi's Jeans,2,2499,15,4248.3
ORD003617,2026-06-03,Pune,Electronics,Samsung Galaxy S24,1,74999,5,71249.05
ORD003618,2025-01-20,Mumbai,Electronics,Samsung Galaxy S24,2,74999,5,142498.1
ORD003619,2025-07-15,Mumbai,Home,IKEA Study Table,2,12999,5,24698.1
ORD003620,2025-07-23,Ahmedabad,Home,IKEA Study Table,2,12999,5,24698.1
ORD003621,2025-11-16,Hyderabad,Fashion,Nike Air Max,1,6999,5,6649.05
ORD003622,2024-06-20,Chennai,Electronics,Apple iPhone 15,1,79999,10,71999.1
ORD003623,2025-08-22,Mumbai,Home,IKEA Study Table,1,12999,5,12349.05
ORD003624,2024-06-30,Hyderabad,Electronics,Samsung Galaxy S24,4,74999,0,299996.0
ORD003625,2025-11-03,Delhi,Electronics,Sony WH-1000XM5,1,29999,5,28499.05
ORD003626,2024-11-21,Delhi,Electronics,Apple iPhone 15,2,79999,5,151998.1
ORD003627,2025-01-14,Mumbai,Electronics,Sony WH-1000XM5,1,29999,15,25499.15
ORD003628,2026-02-02,Mumbai,Home,IKEA Study Table,1,12999,5,12349.05
ORD003629,2025-05-14,Chennai,Electronics,Samsung Galaxy S24,2,74999,5,142498.1
ORD003630,2025-05-11,Bengaluru,Fashion,Levi's Jeans,2,2499,15,4248.3
ORD003631,2024-09-23,Kolkata,Electronics,Samsung Galaxy S24,2,74999,5,142498.1
ORD003632,2026-04-18,Mumbai,Home,Philips Air Fryer,1,8999,10,8099.1
ORD003633,2026-02-11,Pune,Electronics,OnePlus 12,2,64999,15,110498.3
ORD003634,2025-11-14,Pune,Electronics,Samsung Galaxy S24,2,74999,5,142498.1
ORD003635,2024-06-15,Delhi,Electronics,OnePlus 12,1,64999,15,55249.15
ORD003636,2026-02-22,Kolkata,Electronics,OnePlus 12,1,64999,10,58499.1
ORD003637,2025-01-25,Kolkata,Electronics,OnePlus 12,2,64999,5,123498.1
ORD003638,2025-04-27,Hyderabad,Home,Philips Air Fryer,1,8999,15,7649.15
ORD003639,2024-07-09,Mumbai,Fashion,Nike Air Max,1,6999,5,6649.05
ORD003640,2026-03-27,Kolkata,Electronics,Sony WH-1000XM5,1,29999,15,25499.15
ORD003641,2026-06-02,Bengaluru,Electronics,Samsung Galaxy S24,3,74999,0,224997.0
ORD003642,2024-07-16,Kolkata,Electronics,Apple iPhone 15,1,79999,0,79999.0
ORD003643,2025-05-04,Mumbai,Home,Philips Air Fryer,3,8999,5,25647.15
ORD003644,2025-12-04,Bengaluru,Electronics,OnePlus 12,1,64999,5,61749.05
ORD003645,2025-03-20,Delhi,Electronics,Sony WH-1000XM5,3,29999,0,89997.0
ORD003646,2024-06-15,Hyderabad,Electronics,Samsung Galaxy S24,1,74999,0,74999.0
ORD003647,2025-01-12,Bengaluru,Fashion,Levi's Jeans,1,2499,5,2374.05
ORD003648,2024-09-08,Bengaluru,Electronics,Apple iPhone 15,1,79999,5,75999.05
ORD003649,2024-06-13,Bengaluru,Electronics,Sony WH-1000XM5,2,29999,0,59998.0
ORD003650,2025-12-06,Chennai,Home,IKEA Study Table,1,12999,0,12999.0
ORD003651,2025-01-25,Chennai,Home,IKEA Study Table,1,12999,10,11699.1
ORD003652,2025-11-14,Mumbai,Electronics,Apple iPhone 15,1,79999,0,79999.0
ORD003653,2026-03-11,Pune,Electronics,Apple iPhone 15,3,79999,0,239997.0
ORD003654,2026-01-11,Pune,Fashion,Nike Air Max,1,6999,0,6999.0
ORD003655,2026-02-02,Kolkata,Electronics,Sony WH-1000XM5,1,29999,0,29999.0
ORD003656,2026-03-08,Bengaluru,Fashion,Nike Air Max,1,6999,0,6999.0
ORD003657,2026-04-29,Hyderabad,Fashion,Nike Air Max,1,6999,0,6999.0
ORD003658,2025-04-26,Bengaluru,Fashion,Levi's Jeans,1,2499,0,2499.0
ORD003659,2024-11-30,Bengaluru,Home,IKEA Study Table,1,12999,0,12999.0
ORD003660,2025-09-25,Mumbai,Electronics,OnePlus 12,2,64999,10,116998.2
ORD003661,2025-11-10,Ahmedabad,Fashion,Nike Air Max,1,6999,0,6999.0
ORD003662,2026-03-25,Mumbai,Home,IKEA Study Table,1,12999,0,12999.0
ORD003663,2026-05-15,Chennai,Fashion,Levi's Jeans,3,2499,15,6372.45
ORD003664,2026-03-13,Bengaluru,Fashion,Nike Air Max,1,6999,10,6299.1
ORD003665,2024-06-23,Delhi,Home,Philips Air Fryer,1,8999,0,8999.0
ORD003666,2025-02-10,Delhi,Home,Philips Air Fryer,1,8999,10,8099.1
ORD003667,2026-03-25,Chennai,Fashion,Nike Air Max,1,6999,0,6999.0
ORD003668,2025-07-12,Mumbai,Fashion,Levi's Jeans,2,2499,15,4248.3
ORD003669,2024-07-22,Ahmedabad,Electronics,Apple iPhone 15,2,79999,0,159998.0
ORD003670,2024-10-09,Chennai,Electronics,Sony WH-1000XM5,1,29999,15,25499.15
ORD003671,2026-02-16,Bengaluru,Electronics,Apple iPhone 15,2,79999,5,151998.1
ORD003672,2025-01-21,Pune,Electronics,Samsung Galaxy S24,1,74999,0,74999.0
ORD003673,2024-08-13,Mumbai,Home,Philips Air Fryer,1,8999,0,8999.0
ORD003674,2025-10-04,Bengaluru,Fashion,Levi's Jeans,2,2499,10,4498.2
ORD003675,2025-09-06,Delhi,Home,IKEA Study Table,1,12999,5,12349.05
ORD003676,2026-02-13,Pune,Home,Philips Air Fryer,2,8999,5,17098.1
ORD003677,2024-08-13,Pune,Home,Philips Air Fryer,1,8999,5,8549.05
ORD003678,2026-01-07,Bengaluru,Electronics,OnePlus 12,2,64999,10,116998.2
ORD003679,2026-04-19,Mumbai,Fashion,Levi's Jeans,1,2499,5,2374.05
ORD003680,2026-04-28,Chennai,Electronics,Sony WH-1000XM5,3,29999,5,85497.15
ORD003681,2024-10-08,Hyderabad,Home,Philips Air Fryer,1,8999,10,8099.1
ORD003682,2024-09-19,Ahmedabad,Electronics,Samsung Galaxy S24,1,74999,0,74999.0
ORD003683,2024-09-07,Bengaluru,Fashion,Levi's Jeans,3,2499,15,6372.45
ORD003684,2025-10-29,Hyderabad,Fashion,Nike Air Max,3,6999,10,18897.3
ORD003685,2026-05-19,Chennai,Electronics,Apple iPhone 15,1,79999,5,75999.05
ORD003686,2025-02-06,Hyderabad,Fashion,Nike Air Max,1,6999,5,6649.05
ORD003687,2026-01-11,Pune,Electronics,Sony WH-1000XM5,4,29999,0,119996.0
ORD003688,2026-05-04,Hyderabad,Home,IKEA Study Table,1,12999,15,11049.15
ORD003689,2026-02-23,Delhi,Fashion,Levi's Jeans,1,2499,0,2499.0
ORD003690,2024-07-03,Hyderabad,Electronics,Samsung Galaxy S24,1,74999,5,71249.05
ORD003691,2024-08-05,Kolkata,Fashion,Nike Air Max,2,6999,5,13298.1
ORD003692,2025-01-26,Mumbai,Electronics,Apple iPhone 15,2,79999,10,143998.2
ORD003693,2025-08-07,Hyderabad,Fashion,Levi's Jeans,2,2499,0,4998.0
ORD003694,2024-09-20,Delhi,Electronics,Sony WH-1000XM5,1,29999,5,28499.05
ORD003695,2025-08-28,Chennai,Fashion,Nike Air Max,1,6999,10,6299.1
ORD003696,2025-12-23,Bengaluru,Electronics,Samsung Galaxy S24,1,74999,5,71249.05
ORD003697,2025-03-12,Kolkata,Electronics,Samsung Galaxy S24,1,74999,15,63749.15
ORD003698,2025-10-12,Delhi,Electronics,Samsung Galaxy S24,1,74999,5,71249.05
ORD003699,2024-08-16,Kolkata,Electronics,Samsung Galaxy S24,2,74999,5,142498.1
ORD003700,2025-06-02,Delhi,Electronics,Sony WH-1000XM5,1,29999,10,26999.1
ORD003701,2025-04-01,Pune,Electronics,Apple iPhone 15,3,79999,0,239997.0
ORD003702,2025-07-21,Chennai,Electronics,Samsung Galaxy S24,3,74999,15,191247.45
ORD003703,2024-09-28,Mumbai,Home,Philips Air Fryer,1,8999,15,7649.15
ORD003704,2025-03-16,Mumbai,Electronics,Apple iPhone 15,3,79999,5,227997.15
ORD003705,2026-05-31,Ahmedabad,Electronics,Apple iPhone 15,1,79999,10,71999.1
ORD003706,2026-02-06,Delhi,Electronics,Samsung Galaxy S24,1,74999,0,74999.0
ORD003707,2024-06-19,Hyderabad,Home,Philips Air Fryer,1,8999,15,7649.15
ORD003708,2026-01-03,Ahmedabad,Fashion,Levi's Jeans,2,2499,0,4998.0
ORD003709,2025-12-06,Ahmedabad,Electronics,Apple iPhone 15,3,79999,5,227997.15
ORD003710,2025-12-28,Bengaluru,Fashion,Nike Air Max,2,6999,10,12598.2
ORD003711,2024-11-05,Pune,Electronics,Apple iPhone 15,1,79999,0,79999.0
ORD003712,2024-12-21,Delhi,Fashion,Levi's Jeans,1,2499,10,2249.1
ORD003713,2025-04-02,Chennai,Electronics,Sony WH-1000XM5,1,29999,15,25499.15
ORD003714,2026-01-25,Delhi,Electronics,Apple iPhone 15,1,79999,15,67999.15
ORD003715,2025-08-08,Delhi,Electronics,OnePlus 12,2,64999,5,123498.1
ORD003716,2025-03-23,Hyderabad,Electronics,OnePlus 12,1,64999,15,55249.15
ORD003717,2024-07-31,Pune,Fashion,Nike Air Max,1,6999,0,6999.0
ORD003718,2024-09-29,Bengaluru,Fashion,Levi's Jeans,3,2499,10,6747.3
ORD003719,2024-08-16,Chennai,Home,Philips Air Fryer,3,8999,0,26997.0
ORD003720,2025-06-25,Delhi,Electronics,Apple iPhone 15,2,79999,10,143998.2
ORD003721,2026-01-13,Ahmedabad,Home,IKEA Study Table,3,12999,15,33147.45
ORD003722,2026-01-18,Pune,Electronics,Apple iPhone 15,1,79999,0,79999.0
ORD003723,2026-01-02,Mumbai,Electronics,OnePlus 12,1,64999,0,64999.0
ORD003724,2025-03-16,Delhi,Electronics,Sony WH-1000XM5,3,29999,0,89997.0
ORD003725,2025-11-23,Mumbai,Fashion,Nike Air Max,1,6999,0,6999.0
ORD003726,2024-11-07,Pune,Home,Philips Air Fryer,1,8999,15,7649.15
ORD003727,2026-04-13,Pune,Fashion,Nike Air Max,3,6999,5,19947.15
ORD003728,2026-04-30,Chennai,Electronics,OnePlus 12,2,64999,10,116998.2
ORD003729,2024-10-28,Bengaluru,Fashion,Nike Air Max,1,6999,15,5949.15
ORD003730,2025-11-12,Kolkata,Home,Philips Air Fryer,1,8999,15,7649.15
ORD003731,2025-04-16,Delhi,Home,Philips Air Fryer,2,8999,5,17098.1
ORD003732,2025-06-01,Pune,Fashion,Levi's Jeans,1,2499,0,2499.0
ORD003733,2024-12-31,Kolkata,Electronics,Sony WH-1000XM5,1,29999,0,29999.0
ORD003734,2024-12-23,Kolkata,Electronics,Sony WH-1000XM5,1,29999,5,28499.05
ORD003735,2025-12-01,Delhi,Electronics,OnePlus 12,1,64999,5,61749.05
ORD003736,2025-08-06,Mumbai,Fashion,Nike Air Max,2,6999,0,13998.0
ORD003737,2025-04-04,Mumbai,Electronics,Samsung Galaxy S24,2,74999,15,127498.3
ORD003738,2024-12-29,Hyderabad,Electronics,Apple iPhone 15,1,79999,0,79999.0
ORD003739,2024-09-21,Kolkata,Fashion,Levi's Jeans,1,2499,0,2499.0
ORD003740,2026-05-06,Ahmedabad,Fashion,Levi's Jeans,1,2499,5,2374.05
ORD003741,2025-09-15,Hyderabad,Home,Philips Air Fryer,2,8999,15,15298.3
ORD003742,2026-05-06,Bengaluru,Home,IKEA Study Table,1,12999,10,11699.1
ORD003743,2025-10-26,Bengaluru,Fashion,Nike Air Max,1,6999,5,6649.05
ORD003744,2025-06-20,Mumbai,Fashion,Nike Air Max,1,6999,10,6299.1
ORD003745,2025-04-17,Bengaluru,Fashion,Levi's Jeans,1,2499,5,2374.05
ORD003746,2025-05-08,Hyderabad,Electronics,Sony WH-1000XM5,1,29999,5,28499.05
ORD003747,2024-12-22,Ahmedabad,Electronics,OnePlus 12,2,64999,15,110498.3
ORD003748,2025-07-24,Kolkata,Electronics,Apple iPhone 15,1,79999,0,79999.0
ORD003749,2024-09-10,Kolkata,Electronics,OnePlus 12,1,64999,0,64999.0
ORD003750,2026-04-11,Kolkata,Home,Philips Air Fryer,4,8999,0,35996.0
ORD003751,2026-03-30,Delhi,Electronics,OnePlus 12,2,64999,10,116998.2
ORD003752,2024-06-27,Delhi,Electronics,Sony WH-1000XM5,1,29999,10,26999.1
ORD003753,2025-05-30,Hyderabad,Electronics,OnePlus 12,2,64999,0,129998.0
ORD003754,2026-05-19,Pune,Electronics,Apple iPhone 15,3,79999,15,203997.45
ORD003755,2025-02-06,Chennai,Electronics,OnePlus 12,3,64999,15,165747.45
ORD003756,2024-09-23,Ahmedabad,Electronics,Apple iPhone 15,1,79999,5,75999.05
ORD003757,2025-08-07,Ahmedabad,Fashion,Nike Air Max,1,6999,5,6649.05
ORD003758,2026-05-27,Ahmedabad,Fashion,Levi's Jeans,1,2499,15,2124.15
ORD003759,2026-01-23,Delhi,Fashion,Nike Air Max,1,6999,0,6999.0
ORD003760,2025-07-17,Pune,Electronics,Apple iPhone 15,1,79999,15,67999.15
ORD003761,2025-04-24,Chennai,Electronics,OnePlus 12,2,64999,10,116998.2
ORD003762,2024-07-23,Hyderabad,Electronics,Samsung Galaxy S24,1,74999,5,71249.05
ORD003763,2025-07-16,Hyderabad,Home,Philips Air Fryer,1,8999,5,8549.05
ORD003764,2025-09-11,Mumbai,Fashion,Levi's Jeans,2,2499,0,4998.0
ORD003765,2025-12-12,Mumbai,Electronics,OnePlus 12,1,64999,5,61749.05
ORD003766,2025-04-20,Ahmedabad,Electronics,Apple iPhone 15,2,79999,15,135998.3
ORD003767,2026-03-09,Pune,Home,Philips Air Fryer,1,8999,0,8999.0
ORD003768,2025-05-05,Pune,Home,Philips Air Fryer,1,8999,0,8999.0
ORD003769,2026-03-15,Mumbai,Electronics,Sony WH-1000XM5,2,29999,10,53998.2
ORD003770,2025-09-28,Mumbai,Electronics,Apple iPhone 15,3,79999,15,203997.45
ORD003771,2026-04-19,Chennai,Fashion,Levi's Jeans,1,2499,0,2499.0
ORD003772,2024-08-30,Delhi,Electronics,Apple iPhone 15,1,79999,5,75999.05
ORD003773,2025-05-10,Mumbai,Home,IKEA Study Table,2,12999,5,24698.1
ORD003774,2025-08-30,Hyderabad,Fashion,Nike Air Max,1,6999,10,6299.1
ORD003775,2026-01-07,Kolkata,Electronics,Apple iPhone 15,3,79999,15,203997.45
ORD003776,2026-03-27,Kolkata,Fashion,Levi's Jeans,1,2499,0,2499.0
ORD003777,2025-01-19,Bengaluru,Electronics,OnePlus 12,2,64999,15,110498.3
ORD003778,2026-05-22,Kolkata,Electronics,OnePlus 12,1,64999,0,64999.0
ORD003779,2024-07-28,Bengaluru,Home,IKEA Study Table,3,12999,0,38997.0
ORD003780,2024-10-25,Mumbai,Electronics,Samsung Galaxy S24,2,74999,10,134998.2
ORD003781,2026-05-09,Pune,Home,Philips Air Fryer,3,8999,10,24297.3
ORD003782,2026-04-15,Delhi,Electronics,Sony WH-1000XM5,1,29999,15,25499.15
ORD003783,2025-06-06,Chennai,Electronics,Samsung Galaxy S24,3,74999,10,202497.3
ORD003784,2026-06-06,Pune,Electronics,OnePlus 12,1,64999,15,55249.15
ORD003785,2025-10-18,Kolkata,Home,IKEA Study Table,1,12999,0,12999.0
ORD003786,2025-03-27,Pune,Electronics,Apple iPhone 15,1,79999,5,75999.05
ORD003787,2025-04-14,Ahmedabad,Electronics,Samsung Galaxy S24,2,74999,0,149998.0
ORD003788,2025-12-28,Delhi,Electronics,Samsung Galaxy S24,1,74999,15,63749.15
ORD003789,2025-12-12,Chennai,Fashion,Nike Air Max,1,6999,15,5949.15
ORD003790,2025-05-13,Kolkata,Home,Philips Air Fryer,1,8999,5,8549.05
ORD003791,2025-11-12,Hyderabad,Electronics,Samsung Galaxy S24,3,74999,10,202497.3
ORD003792,2025-10-01,Chennai,Fashion,Levi's Jeans,1,2499,5,2374.05
ORD003793,2025-06-07,Hyderabad,Electronics,Apple iPhone 15,1,79999,15,67999.15
ORD003794,2026-03-18,Ahmedabad,Electronics,Apple iPhone 15,4,79999,0,319996.0
ORD003795,2026-03-24,Delhi,Fashion,Levi's Jeans,1,2499,0,2499.0
ORD003796,2025-01-22,Pune,Home,IKEA Study Table,1,12999,10,11699.1
ORD003797,2024-12-13,Bengaluru,Home,Philips Air Fryer,1,8999,0,8999.0
ORD003798,2024-06-10,Bengaluru,Home,IKEA Study Table,2,12999,15,22098.3
ORD003799,2025-02-26,Pune,Electronics,OnePlus 12,1,64999,5,61749.05
ORD003800,2025-06-27,Pune,Home,IKEA Study Table,3,12999,5,37047.15
ORD003801,2025-04-27,Bengaluru,Electronics,Sony WH-1000XM5,1,29999,15,25499.15
ORD003802,2026-01-03,Kolkata,Fashion,Nike Air Max,2,6999,15,11898.3
ORD003803,2025-11-14,Delhi,Electronics,Sony WH-1000XM5,2,29999,5,56998.1
ORD003804,2024-12-31,Chennai,Electronics,Samsung Galaxy S24,2,74999,5,142498.1
ORD003805,2026-04-14,Kolkata,Home,Philips Air Fryer,1,8999,5,8549.05
ORD003806,2024-09-03,Ahmedabad,Electronics,Apple iPhone 15,1,79999,15,67999.15
ORD003807,2026-02-14,Ahmedabad,Electronics,Samsung Galaxy S24,1,74999,0,74999.0
ORD003808,2025-05-02,Bengaluru,Home,IKEA Study Table,1,12999,15,11049.15
ORD003809,2026-02-21,Ahmedabad,Electronics,Apple iPhone 15,1,79999,0,79999.0
ORD003810,2025-07-03,Bengaluru,Electronics,OnePlus 12,1,64999,5,61749.05
ORD003811,2025-07-13,Bengaluru,Electronics,Sony WH-1000XM5,2,29999,10,53998.2
ORD003812,2025-10-21,Mumbai,Electronics,Samsung Galaxy S24,4,74999,10,269996.4
ORD003813,2024-10-09,Pune,Fashion,Nike Air Max,1,6999,15,5949.15
ORD003814,2024-06-25,Pune,Fashion,Levi's Jeans,1,2499,5,2374.05
ORD003815,2025-01-22,Chennai,Electronics,OnePlus 12,1,64999,5,61749.05
ORD003816,2025-05-09,Hyderabad,Home,Philips Air Fryer,4,8999,0,35996.0
ORD003817,2024-07-16,Mumbai,Electronics,Sony WH-1000XM5,1,29999,10,26999.1
ORD003818,2026-05-16,Chennai,Electronics,OnePlus 12,1,64999,0,64999.0
ORD003819,2025-06-27,Ahmedabad,Electronics,Apple iPhone 15,4,79999,5,303996.2
ORD003820,2024-09-20,Bengaluru,Fashion,Levi's Jeans,1,2499,10,2249.1
ORD003821,2024-06-12,Pune,Fashion,Levi's Jeans,3,2499,10,6747.3
ORD003822,2025-04-27,Kolkata,Electronics,Samsung Galaxy S24,1,74999,15,63749.15
ORD003823,2024-12-05,Pune,Electronics,Apple iPhone 15,2,79999,15,135998.3
ORD003824,2024-09-30,Ahmedabad,Fashion,Nike Air Max,3,6999,5,19947.15
ORD003825,2024-06-27,Bengaluru,Home,IKEA Study Table,1,12999,5,12349.05
ORD003826,2025-01-02,Hyderabad,Electronics,Apple iPhone 15,3,79999,15,203997.45
ORD003827,2025-10-03,Kolkata,Home,Philips Air Fryer,2,8999,0,17998.0
ORD003828,2026-05-10,Ahmedabad,Home,IKEA Study Table,2,12999,15,22098.3
ORD003829,2025-08-14,Kolkata,Electronics,OnePlus 12,3,64999,15,165747.45
ORD003830,2025-04-06,Chennai,Electronics,OnePlus 12,2,64999,5,123498.1
ORD003831,2026-04-04,Chennai,Electronics,Sony WH-1000XM5,1,29999,0,29999.0
ORD003832,2025-10-28,Delhi,Electronics,Apple iPhone 15,1,79999,5,75999.05
ORD003833,2024-11-11,Mumbai,Fashion,Nike Air Max,1,6999,10,6299.1
ORD003834,2025-03-22,Ahmedabad,Fashion,Nike Air Max,2,6999,15,11898.3
ORD003835,2024-11-08,Mumbai,Fashion,Nike Air Max,2,6999,0,13998.0
ORD003836,2025-03-19,Chennai,Electronics,Samsung Galaxy S24,1,74999,5,71249.05
ORD003837,2025-11-15,Ahmedabad,Fashion,Nike Air Max,1,6999,5,6649.05
ORD003838,2025-07-26,Bengaluru,Home,IKEA Study Table,1,12999,5,12349.05
ORD003839,2026-02-26,Bengaluru,Fashion,Nike Air Max,2,6999,10,12598.2
ORD003840,2024-09-20,Hyderabad,Electronics,Sony WH-1000XM5,2,29999,5,56998.1
ORD003841,2026-05-17,Delhi,Home,Philips Air Fryer,2,8999,5,17098.1
ORD003842,2025-06-03,Hyderabad,Electronics,Samsung Galaxy S24,1,74999,5,71249.05
ORD003843,2026-06-04,Bengaluru,Electronics,Samsung Galaxy S24,2,74999,10,134998.2
ORD003844,2024-12-02,Bengaluru,Fashion,Nike Air Max,2,6999,15,11898.3
ORD003845,2025-07-31,Ahmedabad,Fashion,Nike Air Max,1,6999,5,6649.05
ORD003846,2026-04-03,Chennai,Electronics,Sony WH-1000XM5,3,29999,5,85497.15
ORD003847,2025-03-30,Ahmedabad,Fashion,Nike Air Max,1,6999,0,6999.0
ORD003848,2026-02-03,Hyderabad,Fashion,Nike Air Max,1,6999,15,5949.15
ORD003849,2025-07-31,Mumbai,Home,Philips Air Fryer,3,8999,10,24297.3
ORD003850,2025-04-16,Hyderabad,Fashion,Nike Air Max,2,6999,10,12598.2
ORD003851,2026-01-27,Pune,Electronics,Sony WH-1000XM5,1,29999,10,26999.1
ORD003852,2025-06-05,Kolkata,Electronics,Samsung Galaxy S24,3,74999,0,224997.0
ORD003853,2025-03-20,Chennai,Home,IKEA Study Table,1,12999,5,12349.05
ORD003854,2024-08-21,Pune,Electronics,Sony WH-1000XM5,1,29999,0,29999.0
ORD003855,2024-08-07,Pune,Fashion,Nike Air Max,1,6999,10,6299.1
ORD003856,2024-07-05,Chennai,Fashion,Nike Air Max,1,6999,0,6999.0
ORD003857,2024-11-12,Bengaluru,Fashion,Nike Air Max,1,6999,5,6649.05
ORD003858,2025-06-29,Ahmedabad,Fashion,Nike Air Max,2,6999,5,13298.1
ORD003859,2024-10-31,Delhi,Home,IKEA Study Table,2,12999,0,25998.0
ORD003860,2025-10-30,Mumbai,Home,Philips Air Fryer,1,8999,10,8099.1
ORD003861,2024-09-04,Bengaluru,Electronics,Apple iPhone 15,4,79999,10,287996.4
ORD003862,2025-05-23,Mumbai,Electronics,Samsung Galaxy S24,1,74999,0,74999.0
ORD003863,2026-02-22,Pune,Fashion,Nike Air Max,1,6999,15,5949.15
ORD003864,2025-10-17,Kolkata,Home,IKEA Study Table,1,12999,5,12349.05
ORD003865,2025-12-17,Delhi,Electronics,Apple iPhone 15,1,79999,5,75999.05
ORD003866,2025-08-10,Chennai,Fashion,Nike Air Max,1,6999,5,6649.05
ORD003867,2026-01-03,Ahmedabad,Home,Philips Air Fryer,1,8999,10,8099.1
ORD003868,2025-06-20,Hyderabad,Home,IKEA Study Table,1,12999,10,11699.1
ORD003869,2025-09-27,Chennai,Electronics,OnePlus 12,1,64999,10,58499.1
ORD003870,2024-07-16,Ahmedabad,Fashion,Levi's Jeans,1,2499,10,2249.1
ORD003871,2025-11-30,Hyderabad,Fashion,Nike Air Max,2,6999,10,12598.2
ORD003872,2025-06-03,Pune,Electronics,OnePlus 12,1,64999,10,58499.1
ORD003873,2024-06-14,Chennai,Electronics,Samsung Galaxy S24,2,74999,15,127498.3
ORD003874,2026-01-06,Mumbai,Electronics,Apple iPhone 15,1,79999,0,79999.0
ORD003875,2024-06-23,Chennai,Electronics,Apple iPhone 15,1,79999,10,71999.1
ORD003876,2025-07-28,Pune,Electronics,Sony WH-1000XM5,1,29999,5,28499.05
ORD003877,2026-03-06,Chennai,Electronics,Sony WH-1000XM5,1,29999,0,29999.0
ORD003878,2024-12-20,Chennai,Fashion,Nike Air Max,1,6999,0,6999.0
ORD003879,2024-06-16,Ahmedabad,Fashion,Nike Air Max,1,6999,5,6649.05
ORD003880,2025-10-31,Hyderabad,Electronics,OnePlus 12,2,64999,10,116998.2
ORD003881,2025-10-03,Ahmedabad,Fashion,Levi's Jeans,3,2499,15,6372.45
ORD003882,2025-01-08,Ahmedabad,Home,IKEA Study Table,1,12999,5,12349.05
ORD003883,2025-05-21,Hyderabad,Home,IKEA Study Table,3,12999,15,33147.45
ORD003884,2024-08-10,Bengaluru,Home,Philips Air Fryer,1,8999,0,8999.0
ORD003885,2024-07-12,Chennai,Fashion,Nike Air Max,2,6999,5,13298.1
ORD003886,2025-08-13,Delhi,Fashion,Levi's Jeans,1,2499,0,2499.0
ORD003887,2025-10-16,Bengaluru,Electronics,OnePlus 12,2,64999,0,129998.0
ORD003888,2025-03-25,Delhi,Electronics,Sony WH-1000XM5,2,29999,5,56998.1
ORD003889,2024-08-31,Hyderabad,Electronics,OnePlus 12,3,64999,0,194997.0
ORD003890,2024-11-17,Pune,Electronics,Samsung Galaxy S24,1,74999,0,74999.0
ORD003891,2025-12-13,Bengaluru,Electronics,Sony WH-1000XM5,1,29999,15,25499.15
ORD003892,2025-11-29,Chennai,Electronics,Sony WH-1000XM5,2,29999,15,50998.3
ORD003893,2026-01-08,Ahmedabad,Electronics,Apple iPhone 15,1,79999,15,67999.15
ORD003894,2025-12-16,Bengaluru,Electronics,Samsung Galaxy S24,2,74999,5,142498.1
ORD003895,2025-06-28,Hyderabad,Fashion,Nike Air Max,1,6999,10,6299.1
ORD003896,2025-06-21,Kolkata,Fashion,Nike Air Max,1,6999,10,6299.1
ORD003897,2024-06-17,Chennai,Electronics,OnePlus 12,1,64999,0,64999.0
ORD003898,2026-03-11,Ahmedabad,Electronics,OnePlus 12,2,64999,15,110498.3
ORD003899,2026-01-11,Mumbai,Electronics,Sony WH-1000XM5,2,29999,15,50998.3
ORD003900,2025-09-04,Kolkata,Electronics,OnePlus 12,2,64999,0,129998.0
ORD003901,2026-01-02,Delhi,Electronics,OnePlus 12,1,64999,5,61749.05
ORD003902,2024-11-29,Bengaluru,Home,IKEA Study Table,2,12999,5,24698.1
ORD003903,2025-07-01,Bengaluru,Electronics,Apple iPhone 15,1,79999,5,75999.05
ORD003904,2025-03-15,Pune,Electronics,Sony WH-1000XM5,2,29999,5,56998.1
ORD003905,2025-02-28,Hyderabad,Home,Philips Air Fryer,2,8999,0,17998.0
ORD003906,2025-06-21,Delhi,Electronics,Sony WH-1000XM5,1,29999,5,28499.05
ORD003907,2024-10-12,Delhi,Electronics,OnePlus 12,1,64999,10,58499.1
ORD003908,2025-04-14,Hyderabad,Electronics,Sony WH-1000XM5,1,29999,10,26999.1
ORD003909,2026-04-02,Kolkata,Home,Philips Air Fryer,1,8999,15,7649.15
ORD003910,2026-04-17,Hyderabad,Electronics,Sony WH-1000XM5,1,29999,15,25499.15
ORD003911,2026-02-07,Hyderabad,Electronics,Sony WH-1000XM5,3,29999,10,80997.3
ORD003912,2026-01-18,Pune,Fashion,Levi's Jeans,1,2499,15,2124.15
ORD003913,2025-10-30,Mumbai,Electronics,OnePlus 12,3,64999,15,165747.45
ORD003914,2026-01-20,Pune,Electronics,OnePlus 12,1,64999,15,55249.15
ORD003915,2026-06-06,Kolkata,Electronics,OnePlus 12,1,64999,5,61749.05
ORD003916,2026-04-25,Kolkata,Home,IKEA Study Table,2,12999,5,24698.1
ORD003917,2024-11-13,Bengaluru,Fashion,Nike Air Max,1,6999,5,6649.05
ORD003918,2025-08-31,Bengaluru,Electronics,OnePlus 12,1,64999,0,64999.0
ORD003919,2024-08-25,Delhi,Fashion,Nike Air Max,1,6999,0,6999.0
ORD003920,2025-09-15,Hyderabad,Electronics,OnePlus 12,1,64999,0,64999.0
ORD003921,2025-11-02,Kolkata,Home,IKEA Study Table,2,12999,15,22098.3
ORD003922,2024-10-12,Chennai,Fashion,Nike Air Max,2,6999,10,12598.2
ORD003923,2024-07-10,Mumbai,Electronics,OnePlus 12,1,64999,15,55249.15
ORD003924,2025-09-26,Hyderabad,Electronics,Apple iPhone 15,1,79999,10,71999.1
ORD003925,2026-06-07,Chennai,Electronics,Sony WH-1000XM5,3,29999,0,89997.0
ORD003926,2024-06-14,Bengaluru,Electronics,Samsung Galaxy S24,1,74999,10,67499.1
ORD003927,2025-11-19,Mumbai,Electronics,Sony WH-1000XM5,3,29999,0,89997.0
ORD003928,2026-04-10,Chennai,Electronics,OnePlus 12,2,64999,5,123498.1
ORD003929,2025-02-01,Kolkata,Electronics,Apple iPhone 15,1,79999,5,75999.05
ORD003930,2024-06-27,Mumbai,Fashion,Levi's Jeans,2,2499,5,4748.1
ORD003931,2024-06-12,Kolkata,Electronics,Sony WH-1000XM5,3,29999,15,76497.45
ORD003932,2026-05-19,Pune,Electronics,Samsung Galaxy S24,1,74999,15,63749.15
ORD003933,2025-03-27,Bengaluru,Electronics,Samsung Galaxy S24,1,74999,0,74999.0
ORD003934,2026-02-16,Pune,Electronics,OnePlus 12,1,64999,5,61749.05
ORD003935,2026-01-29,Mumbai,Home,IKEA Study Table,1,12999,5,12349.05
ORD003936,2025-02-24,Pune,Electronics,Samsung Galaxy S24,2,74999,0,149998.0
ORD003937,2025-02-16,Bengaluru,Electronics,Samsung Galaxy S24,1,74999,0,74999.0
ORD003938,2024-10-21,Kolkata,Electronics,OnePlus 12,1,64999,0,64999.0
ORD003939,2026-03-22,Delhi,Electronics,OnePlus 12,2,64999,15,110498.3
ORD003940,2026-04-01,Mumbai,Electronics,Sony WH-1000XM5,3,29999,5,85497.15
ORD003941,2024-07-04,Ahmedabad,Fashion,Levi's Jeans,1,2499,15,2124.15
ORD003942,2024-11-27,Bengaluru,Fashion,Nike Air Max,1,6999,0,6999.0
ORD003943,2026-03-05,Pune,Home,IKEA Study Table,2,12999,10,23398.2
ORD003944,2024-09-30,Bengaluru,Electronics,OnePlus 12,2,64999,10,116998.2
ORD003945,2024-07-16,Ahmedabad,Electronics,Samsung Galaxy S24,1,74999,0,74999.0
ORD003946,2025-07-24,Chennai,Electronics,OnePlus 12,3,64999,0,194997.0
ORD003947,2025-10-26,Ahmedabad,Electronics,OnePlus 12,1,64999,10,58499.1
ORD003948,2025-10-26,Chennai,Electronics,OnePlus 12,1,64999,5,61749.05
ORD003949,2026-01-05,Mumbai,Fashion,Nike Air Max,2,6999,0,13998.0
ORD003950,2026-02-22,Bengaluru,Electronics,Sony WH-1000XM5,2,29999,10,53998.2
ORD003951,2025-05-01,Delhi,Home,IKEA Study Table,2,12999,0,25998.0
ORD003952,2024-10-05,Delhi,Home,IKEA Study Table,1,12999,10,11699.1
ORD003953,2024-07-19,Chennai,Home,Philips Air Fryer,3,8999,10,24297.3
ORD003954,2025-08-06,Delhi,Home,Philips Air Fryer,1,8999,5,8549.05
ORD003955,2026-04-11,Bengaluru,Electronics,Apple iPhone 15,1,79999,0,79999.0
ORD003956,2025-11-11,Mumbai,Electronics,Apple iPhone 15,1,79999,15,67999.15
ORD003957,2025-08-30,Kolkata,Home,Philips Air Fryer,1,8999,5,8549.05
ORD003958,2025-11-26,Mumbai,Electronics,Sony WH-1000XM5,1,29999,10,26999.1
ORD003959,2025-09-29,Kolkata,Electronics,OnePlus 12,1,64999,0,64999.0
ORD003960,2024-09-08,Ahmedabad,Electronics,Samsung Galaxy S24,1,74999,0,74999.0
ORD003961,2025-03-08,Pune,Electronics,Sony WH-1000XM5,1,29999,10,26999.1
ORD003962,2026-06-03,Mumbai,Fashion,Nike Air Max,1,6999,5,6649.05
ORD003963,2026-02-12,Mumbai,Electronics,Sony WH-1000XM5,2,29999,10,53998.2
ORD003964,2024-11-15,Chennai,Electronics,Sony WH-1000XM5,1,29999,0,29999.0
ORD003965,2025-11-19,Chennai,Home,Philips Air Fryer,4,8999,15,30596.6
ORD003966,2025-05-09,Pune,Home,Philips Air Fryer,3,8999,10,24297.3
ORD003967,2025-08-08,Chennai,Fashion,Nike Air Max,1,6999,10,6299.1
ORD003968,2025-08-19,Delhi,Fashion,Levi's Jeans,1,2499,5,2374.05
ORD003969,2025-09-19,Bengaluru,Fashion,Levi's Jeans,1,2499,0,2499.0
ORD003970,2025-10-29,Pune,Fashion,Levi's Jeans,1,2499,0,2499.0
ORD003971,2025-04-11,Pune,Electronics,Apple iPhone 15,1,79999,0,79999.0
ORD003972,2025-11-08,Delhi,Electronics,Apple iPhone 15,1,79999,15,67999.15
ORD003973,2026-05-30,Pune,Electronics,Samsung Galaxy S24,1,74999,10,67499.1
ORD003974,2024-10-16,Mumbai,Home,IKEA Study Table,1,12999,0,12999.0
ORD003975,2026-01-20,Kolkata,Electronics,Samsung Galaxy S24,2,74999,10,134998.2
ORD003976,2024-11-03,Pune,Electronics,Samsung Galaxy S24,1,74999,0,74999.0
ORD003977,2025-04-03,Pune,Fashion,Nike Air Max,2,6999,15,11898.3
ORD003978,2024-11-10,Kolkata,Electronics,Sony WH-1000XM5,1,29999,15,25499.15
ORD003979,2025-11-04,Delhi,Electronics,Samsung Galaxy S24,1,74999,15,63749.15
ORD003980,2025-03-30,Hyderabad,Fashion,Nike Air Max,1,6999,0,6999.0
ORD003981,2025-05-16,Kolkata,Fashion,Nike Air Max,4,6999,10,25196.4
ORD003982,2025-11-02,Bengaluru,Fashion,Levi's Jeans,1,2499,15,2124.15
ORD003983,2025-11-24,Mumbai,Electronics,Samsung Galaxy S24,2,74999,0,149998.0
ORD003984,2026-04-10,Kolkata,Home,Philips Air Fryer,1,8999,10,8099.1
ORD003985,2024-10-12,Kolkata,Home,Philips Air Fryer,2,8999,10,16198.2
ORD003986,2025-04-02,Chennai,Electronics,Apple iPhone 15,1,79999,0,79999.0
ORD003987,2024-12-29,Ahmedabad,Electronics,Sony WH-1000XM5,4,29999,5,113996.2
ORD003988,2025-03-14,Hyderabad,Electronics,OnePlus 12,2,64999,15,110498.3
ORD003989,2024-07-20,Bengaluru,Home,Philips Air Fryer,3,8999,15,22947.45
ORD003990,2024-11-22,Delhi,Electronics,Samsung Galaxy S24,1,74999,0,74999.0
ORD003991,2024-07-16,Mumbai,Electronics,OnePlus 12,2,64999,15,110498.3
ORD003992,2025-08-23,Ahmedabad,Electronics,Apple iPhone 15,1,79999,10,71999.1
ORD003993,2024-12-19,Chennai,Home,Philips Air Fryer,1,8999,10,8099.1
ORD003994,2024-10-23,Mumbai,Electronics,Apple iPhone 15,2,79999,0,159998.0
ORD003995,2024-11-20,Pune,Home,IKEA Study Table,1,12999,15,11049.15
ORD003996,2025-10-16,Delhi,Fashion,Levi's Jeans,1,2499,10,2249.1
ORD003997,2026-01-10,Mumbai,Electronics,Samsung Galaxy S24,2,74999,10,134998.2
ORD003998,2026-05-04,Chennai,Fashion,Nike Air Max,1,6999,0,6999.0
ORD003999,2025-07-28,Hyderabad,Electronics,OnePlus 12,1,64999,0,64999.0
ORD004000,2024-07-16,Kolkata,Home,IKEA Study Table,3,12999,15,33147.45
ORD004001,2024-06-17,Kolkata,Electronics,Sony WH-1000XM5,2,29999,5,56998.1
ORD004002,2024-11-19,Ahmedabad,Home,IKEA Study Table,2,12999,15,22098.3
ORD004003,2024-11-17,Pune,Fashion,Levi's Jeans,1,2499,15,2124.15
ORD004004,2025-04-05,Mumbai,Electronics,OnePlus 12,1,64999,10,58499.1
ORD004005,2025-07-11,Delhi,Home,IKEA Study Table,1,12999,10,11699.1
ORD004006,2026-03-12,Ahmedabad,Electronics,Sony WH-1000XM5,2,29999,10,53998.2
ORD004007,2025-11-08,Pune,Electronics,OnePlus 12,1,64999,10,58499.1
ORD004008,2025-08-05,Hyderabad,Home,IKEA Study Table,2,12999,0,25998.0
ORD004009,2026-04-25,Mumbai,Electronics,OnePlus 12,3,64999,5,185247.15
ORD004010,2025-02-07,Bengaluru,Electronics,Sony WH-1000XM5,1,29999,15,25499.15
ORD004011,2026-05-17,Bengaluru,Electronics,Samsung Galaxy S24,1,74999,0,74999.0
ORD004012,2024-07-11,Pune,Electronics,Apple iPhone 15,2,79999,10,143998.2
ORD004013,2025-09-17,Bengaluru,Electronics,Samsung Galaxy S24,1,74999,15,63749.15
ORD004014,2025-06-18,Mumbai,Electronics,Samsung Galaxy S24,1,74999,15,63749.15
ORD004015,2024-12-10,Pune,Fashion,Levi's Jeans,3,2499,0,7497.0
ORD004016,2025-05-31,Bengaluru,Home,Philips Air Fryer,3,8999,10,24297.3
ORD004017,2026-01-19,Chennai,Electronics,OnePlus 12,2,64999,15,110498.3
ORD004018,2025-06-19,Chennai,Electronics,Sony WH-1000XM5,1,29999,15,25499.15
ORD004019,2025-07-23,Mumbai,Home,IKEA Study Table,3,12999,5,37047.15
ORD004020,2024-09-11,Ahmedabad,Electronics,Apple iPhone 15,1,79999,0,79999.0
ORD004021,2024-10-22,Bengaluru,Home,IKEA Study Table,1,12999,0,12999.0
ORD004022,2025-10-25,Hyderabad,Electronics,Sony WH-1000XM5,1,29999,0,29999.0
ORD004023,2025-09-18,Bengaluru,Home,Philips Air Fryer,1,8999,0,8999.0
ORD004024,2025-09-30,Bengaluru,Home,IKEA Study Table,2,12999,10,23398.2
ORD004025,2026-06-03,Kolkata,Home,Philips Air Fryer,1,8999,5,8549.05
ORD004026,2024-08-09,Mumbai,Home,Philips Air Fryer,1,8999,15,7649.15
ORD004027,2024-07-12,Delhi,Fashion,Levi's Jeans,1,2499,10,2249.1
ORD004028,2024-09-01,Ahmedabad,Electronics,Samsung Galaxy S24,1,74999,0,74999.0
ORD004029,2025-09-07,Kolkata,Electronics,Samsung Galaxy S24,1,74999,0,74999.0
ORD004030,2025-01-20,Delhi,Electronics,Sony WH-1000XM5,1,29999,10,26999.1
ORD004031,2025-10-02,Pune,Fashion,Nike Air Max,2,6999,10,12598.2
ORD004032,2026-01-26,Bengaluru,Home,IKEA Study Table,1,12999,15,11049.15
ORD004033,2024-07-23,Hyderabad,Fashion,Levi's Jeans,2,2499,15,4248.3
ORD004034,2026-02-08,Hyderabad,Home,Philips Air Fryer,1,8999,5,8549.05
ORD004035,2026-05-07,Hyderabad,Home,Philips Air Fryer,1,8999,15,7649.15
ORD004036,2024-08-05,Bengaluru,Electronics,OnePlus 12,1,64999,0,64999.0
ORD004037,2025-09-26,Bengaluru,Fashion,Nike Air Max,1,6999,5,6649.05
ORD004038,2025-08-23,Ahmedabad,Fashion,Nike Air Max,1,6999,5,6649.05
ORD004039,2026-01-27,Mumbai,Fashion,Levi's Jeans,1,2499,5,2374.05
ORD004040,2025-04-20,Delhi,Electronics,Sony WH-1000XM5,1,29999,15,25499.15
ORD004041,2026-05-06,Hyderabad,Electronics,Apple iPhone 15,3,79999,5,227997.15
ORD004042,2025-09-17,Pune,Home,Philips Air Fryer,1,8999,15,7649.15
ORD004043,2024-08-06,Pune,Home,Philips Air Fryer,1,8999,0,8999.0
ORD004044,2025-10-26,Delhi,Fashion,Levi's Jeans,1,2499,0,2499.0
ORD004045,2024-12-13,Delhi,Fashion,Nike Air Max,2,6999,5,13298.1
ORD004046,2024-06-28,Kolkata,Home,Philips Air Fryer,1,8999,5,8549.05
ORD004047,2024-09-17,Bengaluru,Home,Philips Air Fryer,3,8999,10,24297.3
ORD004048,2025-11-17,Chennai,Electronics,Sony WH-1000XM5,1,29999,10,26999.1
ORD004049,2024-07-25,Bengaluru,Electronics,Samsung Galaxy S24,1,74999,0,74999.0
ORD004050,2026-03-10,Hyderabad,Fashion,Nike Air Max,3,6999,10,18897.3
ORD004051,2024-10-07,Pune,Home,IKEA Study Table,1,12999,0,12999.0
ORD004052,2024-12-17,Delhi,Home,Philips Air Fryer,1,8999,0,8999.0
ORD004053,2024-11-05,Ahmedabad,Fashion,Levi's Jeans,1,2499,15,2124.15
ORD004054,2024-09-19,Pune,Electronics,Samsung Galaxy S24,1,74999,15,63749.15
ORD004055,2024-09-24,Mumbai,Electronics,OnePlus 12,2,64999,0,129998.0
ORD004056,2025-05-21,Pune,Home,Philips Air Fryer,1,8999,5,8549.05
ORD004057,2025-06-04,Ahmedabad,Fashion,Levi's Jeans,1,2499,10,2249.1
ORD004058,2024-10-07,Bengaluru,Electronics,Samsung Galaxy S24,2,74999,10,134998.2
ORD004059,2025-06-26,Ahmedabad,Home,Philips Air Fryer,2,8999,10,16198.2
ORD004060,2025-06-15,Kolkata,Electronics,Sony WH-1000XM5,2,29999,15,50998.3
ORD004061,2026-03-08,Hyderabad,Fashion,Levi's Jeans,3,2499,15,6372.45
ORD004062,2025-08-31,Chennai,Electronics,Samsung Galaxy S24,1,74999,10,67499.1
ORD004063,2025-10-24,Bengaluru,Electronics,Apple iPhone 15,1,79999,5,75999.05
ORD004064,2024-11-01,Chennai,Electronics,Apple iPhone 15,2,79999,15,135998.3
ORD004065,2024-08-24,Mumbai,Electronics,Sony WH-1000XM5,2,29999,15,50998.3
ORD004066,2024-09-12,Pune,Fashion,Nike Air Max,1,6999,15,5949.15
ORD004067,2025-06-20,Delhi,Home,Philips Air Fryer,2,8999,0,17998.0
ORD004068,2025-01-10,Delhi,Home,Philips Air Fryer,1,8999,10,8099.1
ORD004069,2025-04-30,Pune,Home,Philips Air Fryer,4,8999,5,34196.2
ORD004070,2026-06-05,Ahmedabad,Fashion,Levi's Jeans,1,2499,0,2499.0
ORD004071,2024-11-20,Hyderabad,Home,IKEA Study Table,1,12999,0,12999.0
ORD004072,2024-07-14,Bengaluru,Electronics,OnePlus 12,1,64999,10,58499.1
ORD004073,2025-02-17,Ahmedabad,Electronics,Apple iPhone 15,1,79999,15,67999.15
ORD004074,2025-11-01,Ahmedabad,Fashion,Levi's Jeans,2,2499,15,4248.3
ORD004075,2024-06-21,Ahmedabad,Home,IKEA Study Table,1,12999,10,11699.1
ORD004076,2026-01-29,Chennai,Fashion,Levi's Jeans,1,2499,10,2249.1
ORD004077,2024-11-11,Kolkata,Home,Philips Air Fryer,3,8999,15,22947.45
ORD004078,2024-06-11,Kolkata,Fashion,Nike Air Max,1,6999,0,6999.0
ORD004079,2024-12-10,Delhi,Fashion,Levi's Jeans,2,2499,5,4748.1
ORD004080,2025-10-05,Chennai,Electronics,Apple iPhone 15,1,79999,5,75999.05
ORD004081,2026-06-03,Bengaluru,Fashion,Levi's Jeans,2,2499,15,4248.3
ORD004082,2026-01-23,Hyderabad,Electronics,OnePlus 12,2,64999,10,116998.2
ORD004083,2024-09-27,Chennai,Electronics,Apple iPhone 15,1,79999,10,71999.1
ORD004084,2025-06-16,Ahmedabad,Electronics,Sony WH-1000XM5,3,29999,0,89997.0
ORD004085,2026-04-11,Bengaluru,Electronics,OnePlus 12,3,64999,0,194997.0
ORD004086,2024-06-13,Ahmedabad,Electronics,OnePlus 12,1,64999,15,55249.15
ORD004087,2026-05-26,Hyderabad,Home,IKEA Study Table,2,12999,15,22098.3
ORD004088,2024-11-21,Pune,Home,Philips Air Fryer,1,8999,10,8099.1
ORD004089,2026-05-17,Bengaluru,Home,Philips Air Fryer,1,8999,0,8999.0
ORD004090,2024-07-01,Pune,Fashion,Levi's Jeans,2,2499,0,4998.0
ORD004091,2024-09-11,Ahmedabad,Fashion,Nike Air Max,3,6999,10,18897.3
ORD004092,2026-03-07,Pune,Electronics,Apple iPhone 15,1,79999,0,79999.0
ORD004093,2026-04-25,Kolkata,Home,IKEA Study Table,1,12999,15,11049.15
ORD004094,2026-04-17,Delhi,Home,IKEA Study Table,4,12999,5,49396.2
ORD004095,2025-08-22,Kolkata,Electronics,Samsung Galaxy S24,1,74999,10,67499.1
ORD004096,2025-03-10,Kolkata,Electronics,Apple iPhone 15,3,79999,10,215997.3
ORD004097,2024-10-05,Hyderabad,Electronics,OnePlus 12,4,64999,15,220996.6
ORD004098,2024-09-28,Pune,Electronics,OnePlus 12,2,64999,15,110498.3
ORD004099,2026-03-14,Mumbai,Electronics,OnePlus 12,2,64999,5,123498.1
ORD004100,2026-02-18,Kolkata,Electronics,Sony WH-1000XM5,1,29999,5,28499.05
ORD004101,2026-05-17,Ahmedabad,Fashion,Nike Air Max,1,6999,10,6299.1
ORD004102,2025-02-04,Bengaluru,Electronics,Apple iPhone 15,1,79999,10,71999.1
ORD004103,2024-10-27,Hyderabad,Fashion,Nike Air Max,4,6999,5,26596.2
ORD004104,2025-04-30,Chennai,Electronics,OnePlus 12,1,64999,5,61749.05
ORD004105,2025-02-11,Mumbai,Fashion,Levi's Jeans,1,2499,10,2249.1
ORD004106,2024-09-15,Hyderabad,Electronics,Apple iPhone 15,2,79999,15,135998.3
ORD004107,2025-09-01,Kolkata,Fashion,Levi's Jeans,2,2499,10,4498.2
ORD004108,2025-04-19,Pune,Fashion,Nike Air Max,2,6999,5,13298.1
ORD004109,2026-03-27,Bengaluru,Electronics,Samsung Galaxy S24,1,74999,5,71249.05
ORD004110,2025-12-09,Pune,Home,IKEA Study Table,1,12999,15,11049.15
ORD004111,2025-01-03,Delhi,Home,IKEA Study Table,1,12999,15,11049.15
ORD004112,2025-07-09,Kolkata,Electronics,Sony WH-1000XM5,2,29999,5,56998.1
ORD004113,2025-06-25,Bengaluru,Electronics,OnePlus 12,1,64999,15,55249.15
ORD004114,2024-12-30,Mumbai,Electronics,Samsung Galaxy S24,3,74999,10,202497.3
ORD004115,2026-02-22,Ahmedabad,Electronics,Apple iPhone 15,2,79999,0,159998.0
ORD004116,2026-01-06,Chennai,Electronics,Sony WH-1000XM5,2,29999,10,53998.2
ORD004117,2024-11-15,Chennai,Electronics,Sony WH-1000XM5,1,29999,5,28499.05
ORD004118,2025-08-31,Chennai,Electronics,OnePlus 12,1,64999,5,61749.05
ORD004119,2025-12-14,Mumbai,Electronics,Sony WH-1000XM5,3,29999,0,89997.0
ORD004120,2024-06-23,Kolkata,Electronics,Samsung Galaxy S24,1,74999,15,63749.15
ORD004121,2025-10-05,Ahmedabad,Home,IKEA Study Table,1,12999,0,12999.0
ORD004122,2025-03-26,Hyderabad,Fashion,Nike Air Max,4,6999,10,25196.4
ORD004123,2025-08-28,Hyderabad,Fashion,Levi's Jeans,3,2499,10,6747.3
ORD004124,2024-11-24,Chennai,Fashion,Levi's Jeans,1,2499,5,2374.05
ORD004125,2025-12-07,Kolkata,Electronics,Samsung Galaxy S24,1,74999,5,71249.05
ORD004126,2024-08-08,Delhi,Electronics,Samsung Galaxy S24,1,74999,10,67499.1
ORD004127,2025-12-19,Hyderabad,Electronics,Samsung Galaxy S24,1,74999,15,63749.15
ORD004128,2025-08-30,Bengaluru,Home,Philips Air Fryer,2,8999,15,15298.3
ORD004129,2026-03-18,Kolkata,Electronics,Apple iPhone 15,1,79999,10,71999.1
ORD004130,2024-10-18,Hyderabad,Electronics,OnePlus 12,2,64999,0,129998.0
ORD004131,2024-08-06,Ahmedabad,Home,IKEA Study Table,2,12999,10,23398.2
ORD004132,2024-10-23,Ahmedabad,Electronics,Sony WH-1000XM5,1,29999,0,29999.0
ORD004133,2025-01-02,Delhi,Fashion,Levi's Jeans,1,2499,5,2374.05
ORD004134,2025-04-05,Delhi,Electronics,Sony WH-1000XM5,1,29999,5,28499.05
ORD004135,2024-06-25,Bengaluru,Electronics,Sony WH-1000XM5,1,29999,0,29999.0
ORD004136,2026-03-30,Mumbai,Electronics,Samsung Galaxy S24,4,74999,15,254996.6
ORD004137,2025-04-17,Delhi,Home,Philips Air Fryer,3,8999,5,25647.15
ORD004138,2025-02-09,Delhi,Electronics,OnePlus 12,1,64999,0,64999.0
ORD004139,2026-01-31,Pune,Electronics,OnePlus 12,1,64999,0,64999.0
ORD004140,2025-03-22,Mumbai,Electronics,Apple iPhone 15,1,79999,5,75999.05
ORD004141,2024-09-01,Kolkata,Electronics,Apple iPhone 15,1,79999,15,67999.15
ORD004142,2025-11-04,Mumbai,Home,Philips Air Fryer,1,8999,0,8999.0
ORD004143,2024-07-02,Mumbai,Home,IKEA Study Table,2,12999,0,25998.0
ORD004144,2025-03-06,Chennai,Electronics,Samsung Galaxy S24,2,74999,5,142498.1
ORD004145,2025-07-22,Mumbai,Home,Philips Air Fryer,2,8999,10,16198.2
ORD004146,2025-02-04,Chennai,Electronics,Sony WH-1000XM5,3,29999,10,80997.3
ORD004147,2026-01-20,Mumbai,Electronics,Sony WH-1000XM5,2,29999,0,59998.0
ORD004148,2024-10-07,Delhi,Home,IKEA Study Table,1,12999,5,12349.05
ORD004149,2025-12-28,Pune,Fashion,Nike Air Max,1,6999,10,6299.1
ORD004150,2024-08-31,Kolkata,Electronics,Apple iPhone 15,1,79999,0,79999.0
ORD004151,2025-07-16,Chennai,Home,Philips Air Fryer,3,8999,0,26997.0
ORD004152,2024-09-04,Kolkata,Fashion,Levi's Jeans,3,2499,15,6372.45
ORD004153,2026-02-15,Ahmedabad,Electronics,Samsung Galaxy S24,1,74999,0,74999.0
ORD004154,2026-04-03,Ahmedabad,Home,Philips Air Fryer,4,8999,15,30596.6
ORD004155,2025-02-19,Ahmedabad,Fashion,Levi's Jeans,1,2499,0,2499.0
ORD004156,2024-07-31,Pune,Fashion,Nike Air Max,1,6999,0,6999.0
ORD004157,2026-02-12,Kolkata,Electronics,Sony WH-1000XM5,4,29999,0,119996.0
ORD004158,2025-07-14,Kolkata,Fashion,Nike Air Max,1,6999,10,6299.1
ORD004159,2026-04-25,Chennai,Electronics,Apple iPhone 15,1,79999,0,79999.0
ORD004160,2025-10-31,Hyderabad,Electronics,Sony WH-1000XM5,1,29999,5,28499.05
ORD004161,2024-08-21,Bengaluru,Electronics,OnePlus 12,1,64999,15,55249.15
ORD004162,2025-07-19,Delhi,Home,Philips Air Fryer,2,8999,0,17998.0
ORD004163,2024-07-17,Kolkata,Home,Philips Air Fryer,1,8999,0,8999.0
ORD004164,2025-11-28,Chennai,Home,IKEA Study Table,2,12999,0,25998.0
ORD004165,2025-03-12,Bengaluru,Electronics,Apple iPhone 15,1,79999,15,67999.15
ORD004166,2025-12-14,Kolkata,Fashion,Nike Air Max,1,6999,0,6999.0
ORD004167,2024-07-04,Bengaluru,Home,Philips Air Fryer,1,8999,5,8549.05
ORD004168,2026-01-04,Ahmedabad,Electronics,Apple iPhone 15,3,79999,5,227997.15
ORD004169,2025-04-10,Ahmedabad,Fashion,Nike Air Max,1,6999,5,6649.05
ORD004170,2025-08-04,Mumbai,Electronics,Apple iPhone 15,1,79999,0,79999.0
ORD004171,2025-11-23,Kolkata,Fashion,Nike Air Max,3,6999,0,20997.0
ORD004172,2025-11-30,Pune,Fashion,Nike Air Max,1,6999,10,6299.1
ORD004173,2026-04-04,Pune,Home,IKEA Study Table,1,12999,10,11699.1
ORD004174,2024-08-19,Bengaluru,Electronics,OnePlus 12,1,64999,15,55249.15
ORD004175,2026-03-02,Hyderabad,Electronics,Samsung Galaxy S24,1,74999,5,71249.05
ORD004176,2026-03-05,Bengaluru,Electronics,Samsung Galaxy S24,2,74999,15,127498.3
ORD004177,2024-07-26,Bengaluru,Home,Philips Air Fryer,1,8999,5,8549.05
ORD004178,2025-05-17,Kolkata,Home,IKEA Study Table,1,12999,0,12999.0
ORD004179,2024-12-21,Chennai,Electronics,Apple iPhone 15,2,79999,10,143998.2
ORD004180,2026-02-03,Chennai,Fashion,Levi's Jeans,3,2499,0,7497.0
ORD004181,2025-08-17,Chennai,Fashion,Levi's Jeans,1,2499,0,2499.0
ORD004182,2026-01-16,Mumbai,Home,Philips Air Fryer,2,8999,5,17098.1
ORD004183,2025-12-18,Kolkata,Electronics,OnePlus 12,1,64999,10,58499.1
ORD004184,2025-07-17,Mumbai,Electronics,Apple iPhone 15,2,79999,0,159998.0
ORD004185,2024-10-04,Chennai,Electronics,Samsung Galaxy S24,2,74999,5,142498.1
ORD004186,2026-04-28,Kolkata,Home,Philips Air Fryer,1,8999,0,8999.0
ORD004187,2026-01-02,Hyderabad,Electronics,OnePlus 12,1,64999,5,61749.05
ORD004188,2025-01-24,Chennai,Home,IKEA Study Table,4,12999,5,49396.2
ORD004189,2024-08-08,Kolkata,Fashion,Levi's Jeans,1,2499,0,2499.0
ORD004190,2025-08-21,Kolkata,Electronics,OnePlus 12,1,64999,10,58499.1
ORD004191,2025-06-23,Pune,Electronics,Sony WH-1000XM5,1,29999,15,25499.15
ORD004192,2025-06-24,Mumbai,Home,Philips Air Fryer,3,8999,10,24297.3
ORD004193,2024-06-19,Mumbai,Home,IKEA Study Table,1,12999,10,11699.1
ORD004194,2026-03-24,Mumbai,Electronics,Samsung Galaxy S24,1,74999,10,67499.1
ORD004195,2025-01-01,Pune,Electronics,OnePlus 12,2,64999,0,129998.0
ORD004196,2025-05-07,Mumbai,Fashion,Nike Air Max,1,6999,0,6999.0
ORD004197,2026-06-02,Mumbai,Fashion,Nike Air Max,1,6999,15,5949.15
ORD004198,2025-12-08,Kolkata,Electronics,OnePlus 12,1,64999,0,64999.0
ORD004199,2025-10-18,Mumbai,Electronics,Samsung Galaxy S24,2,74999,10,134998.2
ORD004200,2024-06-23,Pune,Electronics,Apple iPhone 15,4,79999,10,287996.4
ORD004201,2025-02-03,Hyderabad,Fashion,Levi's Jeans,1,2499,10,2249.1
ORD004202,2024-10-12,Kolkata,Electronics,Sony WH-1000XM5,2,29999,5,56998.1
ORD004203,2024-06-18,Ahmedabad,Home,Philips Air Fryer,1,8999,5,8549.05
ORD004204,2024-09-28,Hyderabad,Fashion,Nike Air Max,1,6999,10,6299.1
ORD004205,2024-06-11,Pune,Home,IKEA Study Table,2,12999,15,22098.3
ORD004206,2025-11-15,Hyderabad,Electronics,OnePlus 12,4,64999,5,246996.2
ORD004207,2025-10-11,Mumbai,Electronics,Samsung Galaxy S24,1,74999,0,74999.0
ORD004208,2025-06-10,Chennai,Fashion,Levi's Jeans,1,2499,5,2374.05
ORD004209,2025-01-22,Pune,Home,Philips Air Fryer,1,8999,5,8549.05
ORD004210,2025-03-31,Chennai,Home,IKEA Study Table,3,12999,5,37047.15
ORD004211,2025-10-04,Chennai,Home,IKEA Study Table,1,12999,5,12349.05
ORD004212,2025-02-18,Ahmedabad,Electronics,OnePlus 12,1,64999,0,64999.0
ORD004213,2024-10-10,Mumbai,Fashion,Levi's Jeans,4,2499,15,8496.6
ORD004214,2025-02-01,Hyderabad,Home,Philips Air Fryer,1,8999,5,8549.05
ORD004215,2025-08-03,Hyderabad,Fashion,Levi's Jeans,3,2499,5,7122.15
ORD004216,2024-06-21,Ahmedabad,Electronics,OnePlus 12,1,64999,5,61749.05
ORD004217,2026-02-17,Mumbai,Fashion,Levi's Jeans,1,2499,5,2374.05
ORD004218,2025-04-07,Kolkata,Fashion,Nike Air Max,1,6999,15,5949.15
ORD004219,2026-04-11,Chennai,Fashion,Levi's Jeans,2,2499,15,4248.3
ORD004220,2024-08-23,Pune,Home,IKEA Study Table,2,12999,10,23398.2
ORD004221,2025-08-14,Delhi,Fashion,Nike Air Max,4,6999,5,26596.2
ORD004222,2025-09-12,Mumbai,Electronics,OnePlus 12,2,64999,0,129998.0
ORD004223,2025-01-01,Pune,Fashion,Nike Air Max,3,6999,10,18897.3
ORD004224,2024-12-27,Mumbai,Electronics,Apple iPhone 15,1,79999,10,71999.1
ORD004225,2025-08-03,Pune,Electronics,Samsung Galaxy S24,3,74999,0,224997.0
ORD004226,2025-08-23,Pune,Electronics,Samsung Galaxy S24,1,74999,15,63749.15
ORD004227,2025-09-05,Kolkata,Electronics,Apple iPhone 15,1,79999,10,71999.1
ORD004228,2024-11-16,Bengaluru,Home,Philips Air Fryer,1,8999,5,8549.05
ORD004229,2024-09-06,Delhi,Electronics,Apple iPhone 15,1,79999,10,71999.1
ORD004230,2024-06-23,Pune,Fashion,Nike Air Max,2,6999,10,12598.2
ORD004231,2025-01-21,Bengaluru,Electronics,OnePlus 12,4,64999,0,259996.0
ORD004232,2024-12-06,Chennai,Electronics,OnePlus 12,1,64999,10,58499.1
ORD004233,2025-09-30,Mumbai,Electronics,Apple iPhone 15,1,79999,15,67999.15
ORD004234,2024-09-11,Delhi,Electronics,Samsung Galaxy S24,1,74999,10,67499.1
ORD004235,2024-09-11,Hyderabad,Electronics,OnePlus 12,3,64999,10,175497.3
ORD004236,2025-12-13,Mumbai,Home,IKEA Study Table,2,12999,10,23398.2
ORD004237,2025-12-26,Pune,Home,IKEA Study Table,1,12999,15,11049.15
ORD004238,2025-08-27,Kolkata,Home,IKEA Study Table,2,12999,5,24698.1
ORD004239,2024-10-16,Mumbai,Electronics,Apple iPhone 15,3,79999,10,215997.3
ORD004240,2025-03-01,Mumbai,Electronics,Sony WH-1000XM5,2,29999,0,59998.0
ORD004241,2025-01-31,Delhi,Electronics,Apple iPhone 15,4,79999,10,287996.4
ORD004242,2026-05-21,Delhi,Fashion,Levi's Jeans,2,2499,0,4998.0
ORD004243,2026-05-13,Bengaluru,Electronics,Samsung Galaxy S24,1,74999,10,67499.1
ORD004244,2026-04-16,Mumbai,Electronics,Apple iPhone 15,3,79999,15,203997.45
ORD004245,2024-09-02,Pune,Fashion,Levi's Jeans,1,2499,10,2249.1
ORD004246,2025-11-19,Bengaluru,Electronics,Sony WH-1000XM5,4,29999,10,107996.4
ORD004247,2024-10-24,Chennai,Fashion,Nike Air Max,1,6999,5,6649.05
ORD004248,2025-07-10,Ahmedabad,Fashion,Nike Air Max,1,6999,10,6299.1
ORD004249,2025-02-27,Kolkata,Electronics,Samsung Galaxy S24,1,74999,15,63749.15
ORD004250,2026-02-19,Ahmedabad,Electronics,Apple iPhone 15,2,79999,15,135998.3
ORD004251,2025-08-12,Kolkata,Electronics,Apple iPhone 15,1,79999,15,67999.15
ORD004252,2026-05-31,Kolkata,Home,IKEA Study Table,1,12999,5,12349.05
ORD004253,2026-04-16,Delhi,Fashion,Levi's Jeans,2,2499,5,4748.1
ORD004254,2026-01-20,Hyderabad,Electronics,Sony WH-1000XM5,1,29999,10,26999.1
ORD004255,2026-02-17,Mumbai,Fashion,Nike Air Max,3,6999,0,20997.0
ORD004256,2024-07-17,Bengaluru,Home,Philips Air Fryer,1,8999,15,7649.15
ORD004257,2026-04-05,Bengaluru,Fashion,Nike Air Max,1,6999,5,6649.05
ORD004258,2026-04-17,Kolkata,Fashion,Nike Air Max,2,6999,0,13998.0
ORD004259,2024-06-24,Hyderabad,Electronics,Sony WH-1000XM5,4,29999,10,107996.4
ORD004260,2025-10-15,Hyderabad,Electronics,OnePlus 12,3,64999,5,185247.15
ORD004261,2026-03-19,Bengaluru,Electronics,Samsung Galaxy S24,1,74999,10,67499.1
ORD004262,2025-09-05,Delhi,Electronics,Apple iPhone 15,2,79999,5,151998.1
ORD004263,2024-10-12,Pune,Electronics,Sony WH-1000XM5,1,29999,0,29999.0
ORD004264,2026-02-03,Mumbai,Electronics,Apple iPhone 15,2,79999,0,159998.0
ORD004265,2026-02-14,Chennai,Home,Philips Air Fryer,2,8999,0,17998.0
ORD004266,2025-04-26,Hyderabad,Electronics,Sony WH-1000XM5,1,29999,15,25499.15
ORD004267,2026-04-22,Pune,Electronics,Sony WH-1000XM5,1,29999,0,29999.0
ORD004268,2025-06-16,Bengaluru,Home,Philips Air Fryer,1,8999,5,8549.05
ORD004269,2026-01-20,Kolkata,Electronics,Apple iPhone 15,1,79999,10,71999.1
ORD004270,2025-05-19,Chennai,Fashion,Nike Air Max,2,6999,15,11898.3
ORD004271,2024-08-14,Hyderabad,Electronics,OnePlus 12,1,64999,15,55249.15
ORD004272,2025-06-16,Delhi,Electronics,OnePlus 12,1,64999,5,61749.05
ORD004273,2025-03-12,Mumbai,Home,Philips Air Fryer,2,8999,5,17098.1
ORD004274,2026-01-13,Bengaluru,Electronics,OnePlus 12,1,64999,10,58499.1
ORD004275,2025-12-16,Mumbai,Electronics,Samsung Galaxy S24,1,74999,15,63749.15
ORD004276,2025-03-14,Pune,Electronics,OnePlus 12,1,64999,15,55249.15
ORD004277,2024-06-17,Delhi,Electronics,Samsung Galaxy S24,2,74999,5,142498.1
ORD004278,2024-06-22,Bengaluru,Electronics,Apple iPhone 15,1,79999,15,67999.15
ORD004279,2024-07-03,Pune,Electronics,Samsung Galaxy S24,2,74999,5,142498.1
ORD004280,2025-10-08,Kolkata,Fashion,Nike Air Max,3,6999,0,20997.0
ORD004281,2024-09-13,Ahmedabad,Electronics,Apple iPhone 15,2,79999,0,159998.0
ORD004282,2025-11-18,Delhi,Electronics,Samsung Galaxy S24,2,74999,15,127498.3
ORD004283,2024-11-01,Chennai,Fashion,Nike Air Max,1,6999,0,6999.0
ORD004284,2026-03-10,Bengaluru,Home,IKEA Study Table,2,12999,15,22098.3
ORD004285,2025-02-24,Mumbai,Electronics,Samsung Galaxy S24,1,74999,0,74999.0
ORD004286,2025-10-04,Delhi,Fashion,Nike Air Max,3,6999,15,17847.45
ORD004287,2024-07-01,Bengaluru,Electronics,Samsung Galaxy S24,1,74999,15,63749.15
ORD004288,2025-08-24,Chennai,Home,IKEA Study Table,3,12999,10,35097.3
ORD004289,2026-02-12,Bengaluru,Fashion,Levi's Jeans,3,2499,0,7497.0
ORD004290,2024-09-04,Bengaluru,Electronics,OnePlus 12,2,64999,15,110498.3
ORD004291,2025-12-23,Hyderabad,Electronics,Apple iPhone 15,1,79999,5,75999.05
ORD004292,2025-02-21,Bengaluru,Electronics,OnePlus 12,2,64999,5,123498.1
ORD004293,2024-10-22,Hyderabad,Electronics,OnePlus 12,1,64999,0,64999.0
ORD004294,2026-05-06,Delhi,Fashion,Levi's Jeans,1,2499,10,2249.1
ORD004295,2025-05-16,Pune,Electronics,OnePlus 12,3,64999,0,194997.0
ORD004296,2025-04-06,Delhi,Home,Philips Air Fryer,4,8999,10,32396.4
ORD004297,2026-01-15,Bengaluru,Electronics,Apple iPhone 15,2,79999,0,159998.0
ORD004298,2024-06-08,Hyderabad,Electronics,Apple iPhone 15,2,79999,0,159998.0
ORD004299,2026-04-02,Bengaluru,Electronics,OnePlus 12,1,64999,5,61749.05
ORD004300,2025-08-21,Pune,Home,IKEA Study Table,1,12999,5,12349.05
ORD004301,2025-05-31,Mumbai,Electronics,Sony WH-1000XM5,1,29999,5,28499.05
ORD004302,2026-01-11,Chennai,Electronics,OnePlus 12,1,64999,15,55249.15
ORD004303,2026-02-14,Delhi,Electronics,Apple iPhone 15,1,79999,15,67999.15
ORD004304,2026-02-12,Chennai,Electronics,Apple iPhone 15,2,79999,0,159998.0
ORD004305,2026-03-20,Kolkata,Electronics,Sony WH-1000XM5,3,29999,15,76497.45
ORD004306,2024-11-11,Delhi,Home,IKEA Study Table,1,12999,0,12999.0
ORD004307,2026-02-18,Bengaluru,Electronics,OnePlus 12,2,64999,0,129998.0
ORD004308,2026-03-07,Kolkata,Electronics,Samsung Galaxy S24,1,74999,0,74999.0
ORD004309,2025-11-16,Bengaluru,Fashion,Levi's Jeans,1,2499,0,2499.0
ORD004310,2025-01-01,Hyderabad,Electronics,Sony WH-1000XM5,1,29999,0,29999.0
ORD004311,2025-08-04,Pune,Electronics,Sony WH-1000XM5,2,29999,10,53998.2
ORD004312,2025-09-13,Pune,Home,Philips Air Fryer,1,8999,5,8549.05
ORD004313,2026-02-15,Kolkata,Electronics,Sony WH-1000XM5,3,29999,15,76497.45
ORD004314,2026-04-04,Ahmedabad,Electronics,Apple iPhone 15,1,79999,10,71999.1
ORD004315,2025-02-12,Ahmedabad,Fashion,Nike Air Max,4,6999,15,23796.6
ORD004316,2025-11-02,Ahmedabad,Home,IKEA Study Table,4,12999,0,51996.0
ORD004317,2025-02-18,Pune,Electronics,Sony WH-1000XM5,2,29999,5,56998.1
ORD004318,2024-09-28,Hyderabad,Home,Philips Air Fryer,1,8999,0,8999.0
ORD004319,2025-01-18,Hyderabad,Fashion,Levi's Jeans,2,2499,10,4498.2
ORD004320,2025-06-27,Ahmedabad,Electronics,Apple iPhone 15,1,79999,15,67999.15
ORD004321,2025-11-26,Delhi,Electronics,Sony WH-1000XM5,2,29999,5,56998.1
ORD004322,2025-10-08,Ahmedabad,Home,Philips Air Fryer,1,8999,10,8099.1
ORD004323,2025-08-27,Bengaluru,Electronics,OnePlus 12,1,64999,5,61749.05
ORD004324,2024-09-18,Pune,Home,Philips Air Fryer,1,8999,0,8999.0
ORD004325,2025-06-10,Delhi,Fashion,Levi's Jeans,4,2499,10,8996.4
ORD004326,2024-09-23,Chennai,Home,Philips Air Fryer,2,8999,10,16198.2
ORD004327,2024-12-01,Mumbai,Fashion,Levi's Jeans,2,2499,0,4998.0
ORD004328,2025-01-21,Ahmedabad,Home,IKEA Study Table,3,12999,0,38997.0
ORD004329,2025-01-22,Pune,Electronics,OnePlus 12,2,64999,10,116998.2
ORD004330,2024-12-16,Chennai,Home,Philips Air Fryer,1,8999,5,8549.05
ORD004331,2026-04-01,Kolkata,Electronics,Sony WH-1000XM5,3,29999,10,80997.3
ORD004332,2025-07-15,Chennai,Electronics,OnePlus 12,3,64999,0,194997.0
ORD004333,2024-07-13,Delhi,Electronics,Sony WH-1000XM5,1,29999,10,26999.1
ORD004334,2025-02-22,Pune,Electronics,Apple iPhone 15,2,79999,5,151998.1
ORD004335,2025-01-14,Kolkata,Electronics,Samsung Galaxy S24,2,74999,10,134998.2
ORD004336,2024-07-13,Chennai,Home,Philips Air Fryer,1,8999,10,8099.1
ORD004337,2025-03-21,Hyderabad,Home,IKEA Study Table,2,12999,15,22098.3
ORD004338,2026-01-04,Ahmedabad,Home,IKEA Study Table,1,12999,15,11049.15
ORD004339,2025-03-13,Delhi,Fashion,Levi's Jeans,2,2499,10,4498.2
ORD004340,2025-09-10,Chennai,Fashion,Nike Air Max,4,6999,15,23796.6
ORD004341,2026-04-28,Ahmedabad,Home,IKEA Study Table,4,12999,10,46796.4
ORD004342,2025-08-11,Pune,Home,Philips Air Fryer,3,8999,15,22947.45
ORD004343,2026-01-06,Bengaluru,Home,Philips Air Fryer,1,8999,10,8099.1
ORD004344,2024-09-09,Chennai,Electronics,Samsung Galaxy S24,1,74999,10,67499.1
ORD004345,2026-04-19,Chennai,Electronics,Apple iPhone 15,1,79999,0,79999.0
ORD004346,2024-10-25,Bengaluru,Fashion,Levi's Jeans,1,2499,10,2249.1
ORD004347,2026-03-20,Chennai,Home,Philips Air Fryer,1,8999,10,8099.1
ORD004348,2025-06-08,Bengaluru,Home,Philips Air Fryer,1,8999,15,7649.15
ORD004349,2026-05-22,Mumbai,Electronics,Samsung Galaxy S24,3,74999,5,213747.15
ORD004350,2026-05-31,Bengaluru,Home,IKEA Study Table,3,12999,10,35097.3
ORD004351,2024-11-30,Hyderabad,Electronics,Sony WH-1000XM5,1,29999,0,29999.0
ORD004352,2025-10-04,Mumbai,Electronics,OnePlus 12,1,64999,10,58499.1
ORD004353,2026-02-26,Delhi,Fashion,Levi's Jeans,2,2499,5,4748.1
ORD004354,2024-09-02,Hyderabad,Electronics,OnePlus 12,3,64999,0,194997.0
ORD004355,2025-12-11,Mumbai,Fashion,Nike Air Max,3,6999,5,19947.15
ORD004356,2026-01-31,Kolkata,Home,IKEA Study Table,1,12999,5,12349.05
ORD004357,2024-08-16,Mumbai,Electronics,Sony WH-1000XM5,1,29999,0,29999.0
ORD004358,2025-05-22,Bengaluru,Electronics,Samsung Galaxy S24,1,74999,10,67499.1
ORD004359,2025-09-01,Chennai,Electronics,OnePlus 12,3,64999,0,194997.0
ORD004360,2025-06-12,Chennai,Home,IKEA Study Table,1,12999,10,11699.1
ORD004361,2024-10-07,Bengaluru,Electronics,OnePlus 12,1,64999,10,58499.1
ORD004362,2025-12-08,Hyderabad,Home,Philips Air Fryer,3,8999,15,22947.45
ORD004363,2024-07-13,Mumbai,Fashion,Levi's Jeans,2,2499,15,4248.3
ORD004364,2025-09-25,Mumbai,Electronics,Samsung Galaxy S24,1,74999,5,71249.05
ORD004365,2026-02-23,Delhi,Home,Philips Air Fryer,2,8999,5,17098.1
ORD004366,2024-10-25,Ahmedabad,Home,IKEA Study Table,1,12999,5,12349.05
ORD004367,2025-11-21,Delhi,Home,Philips Air Fryer,2,8999,15,15298.3
ORD004368,2025-02-04,Hyderabad,Electronics,Sony WH-1000XM5,1,29999,0,29999.0
ORD004369,2025-09-30,Chennai,Electronics,Apple iPhone 15,2,79999,0,159998.0
ORD004370,2025-03-07,Mumbai,Electronics,OnePlus 12,2,64999,0,129998.0
ORD004371,2025-06-05,Mumbai,Fashion,Nike Air Max,1,6999,0,6999.0
ORD004372,2025-12-03,Bengaluru,Electronics,Apple iPhone 15,3,79999,15,203997.45
ORD004373,2026-04-02,Chennai,Electronics,OnePlus 12,1,64999,5,61749.05
ORD004374,2025-01-25,Pune,Home,IKEA Study Table,2,12999,5,24698.1
ORD004375,2024-09-03,Delhi,Home,Philips Air Fryer,1,8999,10,8099.1
ORD004376,2024-07-19,Ahmedabad,Electronics,Samsung Galaxy S24,2,74999,5,142498.1
ORD004377,2025-08-18,Mumbai,Electronics,Samsung Galaxy S24,1,74999,5,71249.05
ORD004378,2026-06-02,Chennai,Electronics,Sony WH-1000XM5,1,29999,15,25499.15
ORD004379,2025-08-15,Bengaluru,Fashion,Nike Air Max,2,6999,15,11898.3
ORD004380,2024-12-26,Kolkata,Electronics,Apple iPhone 15,2,79999,5,151998.1
ORD004381,2026-02-19,Chennai,Electronics,Sony WH-1000XM5,1,29999,10,26999.1
ORD004382,2025-08-22,Bengaluru,Electronics,Sony WH-1000XM5,3,29999,5,85497.15
ORD004383,2025-07-31,Delhi,Electronics,OnePlus 12,2,64999,15,110498.3
ORD004384,2026-01-18,Mumbai,Electronics,Sony WH-1000XM5,3,29999,5,85497.15
ORD004385,2025-01-23,Delhi,Fashion,Levi's Jeans,1,2499,15,2124.15
ORD004386,2024-07-25,Ahmedabad,Fashion,Nike Air Max,1,6999,5,6649.05
ORD004387,2025-07-13,Mumbai,Home,Philips Air Fryer,1,8999,10,8099.1
ORD004388,2025-06-14,Kolkata,Home,IKEA Study Table,1,12999,0,12999.0
ORD004389,2026-01-20,Kolkata,Electronics,Apple iPhone 15,1,79999,15,67999.15
ORD004390,2026-05-23,Delhi,Electronics,Samsung Galaxy S24,2,74999,5,142498.1
ORD004391,2025-08-12,Kolkata,Home,Philips Air Fryer,1,8999,0,8999.0
ORD004392,2025-11-13,Chennai,Electronics,Samsung Galaxy S24,1,74999,0,74999.0
ORD004393,2025-08-26,Pune,Electronics,Sony WH-1000XM5,3,29999,5,85497.15
ORD004394,2024-12-31,Hyderabad,Home,IKEA Study Table,2,12999,15,22098.3
ORD004395,2024-09-10,Delhi,Fashion,Levi's Jeans,2,2499,15,4248.3
ORD004396,2024-08-28,Bengaluru,Fashion,Nike Air Max,1,6999,10,6299.1
ORD004397,2026-03-15,Bengaluru,Electronics,OnePlus 12,1,64999,5,61749.05
ORD004398,2026-03-27,Pune,Electronics,OnePlus 12,4,64999,0,259996.0
ORD004399,2026-02-04,Chennai,Fashion,Levi's Jeans,1,2499,5,2374.05
ORD004400,2025-07-08,Bengaluru,Electronics,OnePlus 12,2,64999,5,123498.1
ORD004401,2026-02-17,Bengaluru,Fashion,Nike Air Max,1,6999,15,5949.15
ORD004402,2025-09-12,Ahmedabad,Fashion,Nike Air Max,1,6999,0,6999.0
ORD004403,2025-01-26,Delhi,Electronics,Sony WH-1000XM5,2,29999,15,50998.3
ORD004404,2026-02-28,Mumbai,Electronics,Samsung Galaxy S24,3,74999,0,224997.0
ORD004405,2025-11-27,Hyderabad,Fashion,Levi's Jeans,1,2499,15,2124.15
ORD004406,2025-09-18,Kolkata,Electronics,Samsung Galaxy S24,2,74999,0,149998.0
ORD004407,2025-04-27,Pune,Fashion,Nike Air Max,1,6999,10,6299.1
ORD004408,2025-07-16,Delhi,Fashion,Nike Air Max,1,6999,0,6999.0
ORD004409,2025-10-31,Hyderabad,Home,Philips Air Fryer,1,8999,0,8999.0
ORD004410,2025-10-01,Chennai,Home,Philips Air Fryer,1,8999,15,7649.15
ORD004411,2026-02-22,Kolkata,Home,Philips Air Fryer,1,8999,10,8099.1
ORD004412,2024-10-18,Pune,Electronics,Apple iPhone 15,1,79999,10,71999.1
ORD004413,2026-01-28,Chennai,Electronics,OnePlus 12,3,64999,0,194997.0
ORD004414,2025-05-05,Pune,Electronics,Samsung Galaxy S24,1,74999,10,67499.1
ORD004415,2025-06-18,Chennai,Electronics,Samsung Galaxy S24,1,74999,10,67499.1
ORD004416,2024-09-01,Ahmedabad,Home,Philips Air Fryer,1,8999,0,8999.0
ORD004417,2025-04-24,Kolkata,Electronics,Sony WH-1000XM5,1,29999,15,25499.15
ORD004418,2024-12-11,Kolkata,Fashion,Nike Air Max,2,6999,0,13998.0
ORD004419,2024-06-20,Hyderabad,Electronics,Apple iPhone 15,2,79999,0,159998.0
ORD004420,2024-12-19,Mumbai,Electronics,OnePlus 12,1,64999,5,61749.05
ORD004421,2025-07-26,Pune,Electronics,Samsung Galaxy S24,2,74999,15,127498.3
ORD004422,2024-12-17,Bengaluru,Electronics,OnePlus 12,2,64999,0,129998.0
ORD004423,2024-07-08,Delhi,Fashion,Levi's Jeans,1,2499,5,2374.05
ORD004424,2025-04-10,Kolkata,Home,Philips Air Fryer,3,8999,15,22947.45
ORD004425,2025-01-27,Delhi,Home,IKEA Study Table,1,12999,15,11049.15
ORD004426,2025-03-16,Kolkata,Electronics,Samsung Galaxy S24,1,74999,15,63749.15
ORD004427,2025-10-29,Bengaluru,Electronics,Sony WH-1000XM5,1,29999,5,28499.05
ORD004428,2025-02-09,Kolkata,Home,IKEA Study Table,2,12999,0,25998.0
ORD004429,2024-08-01,Ahmedabad,Fashion,Nike Air Max,2,6999,15,11898.3
ORD004430,2024-09-14,Hyderabad,Fashion,Nike Air Max,1,6999,5,6649.05
ORD004431,2024-11-19,Ahmedabad,Electronics,Sony WH-1000XM5,1,29999,0,29999.0
ORD004432,2026-01-15,Chennai,Fashion,Nike Air Max,1,6999,0,6999.0
ORD004433,2026-01-30,Mumbai,Electronics,OnePlus 12,1,64999,5,61749.05
ORD004434,2025-11-21,Chennai,Electronics,OnePlus 12,1,64999,0,64999.0
ORD004435,2026-05-24,Ahmedabad,Electronics,Apple iPhone 15,2,79999,15,135998.3
ORD004436,2026-03-05,Hyderabad,Fashion,Levi's Jeans,4,2499,15,8496.6
ORD004437,2025-05-25,Mumbai,Home,IKEA Study Table,1,12999,0,12999.0
ORD004438,2025-03-04,Ahmedabad,Electronics,OnePlus 12,1,64999,15,55249.15
ORD004439,2026-06-01,Kolkata,Fashion,Levi's Jeans,1,2499,15,2124.15
ORD004440,2024-10-09,Kolkata,Home,Philips Air Fryer,1,8999,15,7649.15
ORD004441,2026-01-17,Ahmedabad,Fashion,Levi's Jeans,3,2499,0,7497.0
ORD004442,2024-10-01,Ahmedabad,Electronics,Sony WH-1000XM5,1,29999,10,26999.1
ORD004443,2026-05-03,Mumbai,Electronics,Apple iPhone 15,1,79999,10,71999.1
ORD004444,2026-01-03,Chennai,Electronics,Apple iPhone 15,1,79999,10,71999.1
ORD004445,2025-09-16,Ahmedabad,Electronics,Sony WH-1000XM5,1,29999,0,29999.0
ORD004446,2024-10-08,Kolkata,Fashion,Levi's Jeans,1,2499,5,2374.05
ORD004447,2024-06-15,Bengaluru,Home,IKEA Study Table,1,12999,10,11699.1
ORD004448,2024-12-24,Mumbai,Home,Philips Air Fryer,1,8999,5,8549.05
ORD004449,2025-06-11,Bengaluru,Fashion,Nike Air Max,1,6999,0,6999.0
ORD004450,2026-02-15,Bengaluru,Fashion,Nike Air Max,1,6999,5,6649.05
ORD004451,2025-03-17,Ahmedabad,Home,IKEA Study Table,1,12999,5,12349.05
ORD004452,2024-12-17,Chennai,Fashion,Levi's Jeans,1,2499,0,2499.0
ORD004453,2025-04-02,Ahmedabad,Fashion,Levi's Jeans,3,2499,10,6747.3
ORD004454,2025-08-24,Ahmedabad,Fashion,Nike Air Max,3,6999,15,17847.45
ORD004455,2026-04-12,Hyderabad,Electronics,Sony WH-1000XM5,1,29999,10,26999.1
ORD004456,2024-12-24,Hyderabad,Fashion,Levi's Jeans,2,2499,10,4498.2
ORD004457,2026-03-16,Pune,Electronics,Samsung Galaxy S24,2,74999,10,134998.2
ORD004458,2025-02-08,Delhi,Home,Philips Air Fryer,1,8999,5,8549.05
ORD004459,2025-05-29,Hyderabad,Fashion,Levi's Jeans,1,2499,15,2124.15
ORD004460,2024-10-29,Ahmedabad,Electronics,Sony WH-1000XM5,1,29999,10,26999.1
ORD004461,2024-11-07,Bengaluru,Fashion,Levi's Jeans,1,2499,5,2374.05
ORD004462,2025-10-10,Ahmedabad,Electronics,Sony WH-1000XM5,1,29999,10,26999.1
ORD004463,2024-06-17,Delhi,Electronics,OnePlus 12,2,64999,15,110498.3
ORD004464,2025-09-27,Pune,Fashion,Levi's Jeans,1,2499,5,2374.05
ORD004465,2025-03-27,Bengaluru,Electronics,Apple iPhone 15,4,79999,15,271996.6
ORD004466,2024-07-02,Kolkata,Electronics,Apple iPhone 15,2,79999,0,159998.0
ORD004467,2024-12-16,Chennai,Electronics,Apple iPhone 15,1,79999,10,71999.1
ORD004468,2026-04-19,Chennai,Electronics,Sony WH-1000XM5,1,29999,15,25499.15
ORD004469,2026-03-28,Bengaluru,Fashion,Nike Air Max,1,6999,5,6649.05
ORD004470,2024-09-14,Hyderabad,Electronics,Apple iPhone 15,1,79999,0,79999.0
ORD004471,2024-08-25,Ahmedabad,Fashion,Levi's Jeans,1,2499,10,2249.1
ORD004472,2026-04-21,Mumbai,Electronics,Samsung Galaxy S24,1,74999,5,71249.05
ORD004473,2024-07-11,Pune,Electronics,Apple iPhone 15,1,79999,10,71999.1
ORD004474,2024-11-11,Kolkata,Electronics,OnePlus 12,2,64999,5,123498.1
ORD004475,2025-10-06,Ahmedabad,Fashion,Nike Air Max,3,6999,10,18897.3
ORD004476,2026-02-28,Kolkata,Electronics,Sony WH-1000XM5,1,29999,10,26999.1
ORD004477,2025-04-01,Pune,Electronics,Apple iPhone 15,1,79999,15,67999.15
ORD004478,2024-08-20,Chennai,Electronics,Sony WH-1000XM5,3,29999,10,80997.3
ORD004479,2025-06-30,Ahmedabad,Fashion,Levi's Jeans,1,2499,10,2249.1
ORD004480,2026-03-19,Delhi,Home,Philips Air Fryer,1,8999,0,8999.0
ORD004481,2026-05-26,Hyderabad,Fashion,Nike Air Max,1,6999,5,6649.05
ORD004482,2025-05-10,Bengaluru,Electronics,OnePlus 12,1,64999,15,55249.15
ORD004483,2026-02-22,Delhi,Electronics,OnePlus 12,1,64999,5,61749.05
ORD004484,2025-04-19,Hyderabad,Fashion,Levi's Jeans,1,2499,5,2374.05
ORD004485,2024-07-18,Mumbai,Home,Philips Air Fryer,1,8999,0,8999.0
ORD004486,2024-11-24,Ahmedabad,Fashion,Levi's Jeans,1,2499,15,2124.15
ORD004487,2024-07-16,Mumbai,Home,Philips Air Fryer,2,8999,0,17998.0
ORD004488,2025-01-01,Hyderabad,Fashion,Nike Air Max,2,6999,5,13298.1
ORD004489,2026-03-14,Bengaluru,Home,Philips Air Fryer,2,8999,0,17998.0
ORD004490,2026-05-22,Kolkata,Electronics,Samsung Galaxy S24,2,74999,15,127498.3
ORD004491,2024-11-10,Delhi,Fashion,Levi's Jeans,1,2499,10,2249.1
ORD004492,2026-05-22,Mumbai,Electronics,Apple iPhone 15,1,79999,10,71999.1
ORD004493,2025-01-29,Mumbai,Electronics,OnePlus 12,1,64999,10,58499.1
ORD004494,2024-11-21,Ahmedabad,Electronics,OnePlus 12,1,64999,10,58499.1
ORD004495,2024-07-13,Chennai,Home,Philips Air Fryer,1,8999,15,7649.15
ORD004496,2025-08-25,Bengaluru,Electronics,OnePlus 12,1,64999,5,61749.05
ORD004497,2025-09-24,Bengaluru,Electronics,Sony WH-1000XM5,1,29999,0,29999.0
ORD004498,2024-12-14,Delhi,Fashion,Nike Air Max,1,6999,0,6999.0
ORD004499,2024-08-14,Mumbai,Electronics,Sony WH-1000XM5,3,29999,5,85497.15
ORD004500,2024-12-27,Kolkata,Electronics,Sony WH-1000XM5,1,29999,15,25499.15
ORD004501,2025-08-08,Ahmedabad,Home,IKEA Study Table,1,12999,0,12999.0
ORD004502,2025-10-21,Kolkata,Home,IKEA Study Table,1,12999,0,12999.0
ORD004503,2026-06-04,Chennai,Home,Philips Air Fryer,1,8999,15,7649.15
ORD004504,2025-03-28,Bengaluru,Fashion,Nike Air Max,1,6999,0,6999.0
ORD004505,2024-07-24,Mumbai,Fashion,Levi's Jeans,2,2499,5,4748.1
ORD004506,2025-04-20,Delhi,Electronics,Samsung Galaxy S24,3,74999,5,213747.15
ORD004507,2025-04-23,Delhi,Fashion,Levi's Jeans,2,2499,5,4748.1
ORD004508,2024-10-13,Mumbai,Electronics,Apple iPhone 15,1,79999,5,75999.05
ORD004509,2025-04-05,Pune,Electronics,OnePlus 12,1,64999,15,55249.15
ORD004510,2025-10-28,Bengaluru,Electronics,Apple iPhone 15,1,79999,5,75999.05
ORD004511,2024-08-07,Mumbai,Electronics,OnePlus 12,1,64999,10,58499.1
ORD004512,2025-11-18,Hyderabad,Home,IKEA Study Table,2,12999,15,22098.3
ORD004513,2026-03-16,Kolkata,Home,IKEA Study Table,2,12999,0,25998.0
ORD004514,2025-03-30,Ahmedabad,Home,IKEA Study Table,1,12999,10,11699.1
ORD004515,2024-12-15,Hyderabad,Electronics,Samsung Galaxy S24,2,74999,5,142498.1
ORD004516,2025-02-27,Kolkata,Electronics,Apple iPhone 15,1,79999,5,75999.05
ORD004517,2025-09-28,Bengaluru,Electronics,OnePlus 12,2,64999,15,110498.3
ORD004518,2026-03-27,Bengaluru,Fashion,Nike Air Max,1,6999,0,6999.0
ORD004519,2025-02-23,Chennai,Electronics,OnePlus 12,1,64999,0,64999.0
ORD004520,2026-04-03,Hyderabad,Home,Philips Air Fryer,1,8999,10,8099.1
ORD004521,2025-02-04,Delhi,Electronics,OnePlus 12,3,64999,15,165747.45
ORD004522,2025-02-16,Bengaluru,Electronics,Sony WH-1000XM5,1,29999,0,29999.0
ORD004523,2026-03-11,Mumbai,Electronics,Samsung Galaxy S24,1,74999,0,74999.0
ORD004524,2026-02-27,Delhi,Electronics,Samsung Galaxy S24,1,74999,0,74999.0
ORD004525,2026-01-23,Mumbai,Fashion,Nike Air Max,4,6999,15,23796.6
ORD004526,2025-07-06,Kolkata,Electronics,Samsung Galaxy S24,1,74999,0,74999.0
ORD004527,2026-02-23,Bengaluru,Fashion,Levi's Jeans,2,2499,5,4748.1
ORD004528,2024-12-23,Chennai,Fashion,Nike Air Max,1,6999,10,6299.1
ORD004529,2024-07-14,Kolkata,Electronics,OnePlus 12,1,64999,0,64999.0
ORD004530,2025-09-29,Kolkata,Electronics,Samsung Galaxy S24,1,74999,5,71249.05
ORD004531,2024-12-15,Delhi,Home,Philips Air Fryer,2,8999,5,17098.1
ORD004532,2025-04-07,Chennai,Home,IKEA Study Table,1,12999,0,12999.0
ORD004533,2026-05-06,Ahmedabad,Fashion,Levi's Jeans,1,2499,0,2499.0
ORD004534,2025-01-07,Hyderabad,Electronics,OnePlus 12,1,64999,10,58499.1
ORD004535,2024-09-21,Delhi,Home,Philips Air Fryer,2,8999,5,17098.1
ORD004536,2025-09-01,Delhi,Electronics,Apple iPhone 15,2,79999,5,151998.1
ORD004537,2024-10-27,Mumbai,Fashion,Levi's Jeans,1,2499,15,2124.15
ORD004538,2024-12-11,Chennai,Fashion,Levi's Jeans,1,2499,15,2124.15
ORD004539,2025-10-13,Bengaluru,Electronics,Apple iPhone 15,1,79999,0,79999.0
ORD004540,2024-07-31,Chennai,Electronics,Apple iPhone 15,3,79999,15,203997.45
ORD004541,2026-05-09,Delhi,Electronics,Samsung Galaxy S24,2,74999,10,134998.2
ORD004542,2024-06-16,Ahmedabad,Home,IKEA Study Table,1,12999,5,12349.05
ORD004543,2025-09-22,Bengaluru,Home,Philips Air Fryer,2,8999,5,17098.1
ORD004544,2025-12-04,Bengaluru,Fashion,Nike Air Max,1,6999,10,6299.1
ORD004545,2025-07-16,Chennai,Home,IKEA Study Table,3,12999,15,33147.45
ORD004546,2025-06-21,Bengaluru,Electronics,OnePlus 12,1,64999,10,58499.1
ORD004547,2025-04-15,Chennai,Electronics,Apple iPhone 15,1,79999,15,67999.15
ORD004548,2024-09-30,Mumbai,Electronics,Samsung Galaxy S24,1,74999,5,71249.05
ORD004549,2024-11-15,Bengaluru,Fashion,Nike Air Max,1,6999,5,6649.05
ORD004550,2026-06-01,Ahmedabad,Fashion,Levi's Jeans,1,2499,10,2249.1
ORD004551,2024-11-17,Chennai,Electronics,Sony WH-1000XM5,1,29999,10,26999.1
ORD004552,2025-09-07,Kolkata,Home,Philips Air Fryer,1,8999,5,8549.05
ORD004553,2025-01-13,Hyderabad,Electronics,OnePlus 12,2,64999,5,123498.1
ORD004554,2025-12-01,Pune,Electronics,OnePlus 12,1,64999,15,55249.15
ORD004555,2025-01-26,Chennai,Fashion,Nike Air Max,2,6999,0,13998.0
ORD004556,2025-07-19,Delhi,Electronics,Samsung Galaxy S24,1,74999,0,74999.0
ORD004557,2025-06-15,Bengaluru,Electronics,Apple iPhone 15,1,79999,5,75999.05
ORD004558,2026-03-04,Bengaluru,Electronics,Samsung Galaxy S24,2,74999,0,149998.0
ORD004559,2025-10-28,Pune,Electronics,OnePlus 12,1,64999,5,61749.05
ORD004560,2025-10-19,Chennai,Fashion,Nike Air Max,2,6999,0,13998.0
ORD004561,2024-12-28,Kolkata,Electronics,OnePlus 12,3,64999,15,165747.45
ORD004562,2024-07-17,Pune,Home,Philips Air Fryer,1,8999,0,8999.0
ORD004563,2025-08-28,Mumbai,Electronics,Samsung Galaxy S24,1,74999,10,67499.1
ORD004564,2025-10-02,Bengaluru,Home,Philips Air Fryer,1,8999,10,8099.1
ORD004565,2026-05-02,Bengaluru,Electronics,Apple iPhone 15,1,79999,15,67999.15
ORD004566,2025-10-06,Delhi,Home,IKEA Study Table,1,12999,15,11049.15
ORD004567,2024-07-15,Ahmedabad,Fashion,Nike Air Max,1,6999,15,5949.15
ORD004568,2025-10-27,Hyderabad,Fashion,Levi's Jeans,3,2499,15,6372.45
ORD004569,2024-12-22,Delhi,Electronics,Samsung Galaxy S24,1,74999,5,71249.05
ORD004570,2025-10-08,Bengaluru,Fashion,Levi's Jeans,2,2499,0,4998.0
ORD004571,2025-06-11,Pune,Home,Philips Air Fryer,2,8999,5,17098.1
ORD004572,2026-01-15,Pune,Electronics,Sony WH-1000XM5,1,29999,10,26999.1
ORD004573,2024-12-07,Delhi,Electronics,Apple iPhone 15,1,79999,10,71999.1
ORD004574,2026-02-20,Pune,Electronics,Samsung Galaxy S24,1,74999,15,63749.15
ORD004575,2025-03-30,Bengaluru,Electronics,Samsung Galaxy S24,1,74999,15,63749.15
ORD004576,2025-01-30,Pune,Home,Philips Air Fryer,1,8999,10,8099.1
ORD004577,2025-11-06,Pune,Electronics,OnePlus 12,1,64999,5,61749.05
ORD004578,2024-11-08,Ahmedabad,Electronics,Apple iPhone 15,1,79999,15,67999.15
ORD004579,2024-07-21,Mumbai,Home,Philips Air Fryer,1,8999,5,8549.05
ORD004580,2024-07-23,Bengaluru,Electronics,Apple iPhone 15,1,79999,5,75999.05
ORD004581,2026-02-24,Delhi,Fashion,Nike Air Max,1,6999,15,5949.15
ORD004582,2024-12-08,Chennai,Electronics,Samsung Galaxy S24,1,74999,0,74999.0
ORD004583,2025-04-02,Mumbai,Electronics,OnePlus 12,1,64999,5,61749.05
ORD004584,2025-12-23,Ahmedabad,Fashion,Nike Air Max,1,6999,5,6649.05
ORD004585,2025-05-03,Mumbai,Electronics,OnePlus 12,2,64999,0,129998.0
ORD004586,2025-01-15,Bengaluru,Home,IKEA Study Table,1,12999,15,11049.15
ORD004587,2026-04-15,Delhi,Home,IKEA Study Table,2,12999,5,24698.1
ORD004588,2026-03-10,Ahmedabad,Electronics,OnePlus 12,2,64999,5,123498.1
ORD004589,2026-04-29,Ahmedabad,Electronics,Sony WH-1000XM5,1,29999,15,25499.15
ORD004590,2024-09-15,Ahmedabad,Electronics,Samsung Galaxy S24,1,74999,0,74999.0
ORD004591,2024-11-14,Delhi,Electronics,OnePlus 12,1,64999,0,64999.0
ORD004592,2026-05-04,Mumbai,Home,Philips Air Fryer,1,8999,0,8999.0
ORD004593,2025-09-10,Delhi,Electronics,Samsung Galaxy S24,1,74999,5,71249.05
ORD004594,2025-11-04,Pune,Electronics,Sony WH-1000XM5,2,29999,5,56998.1
ORD004595,2026-05-24,Kolkata,Electronics,Sony WH-1000XM5,1,29999,5,28499.05
ORD004596,2025-10-18,Mumbai,Electronics,Samsung Galaxy S24,1,74999,10,67499.1
ORD004597,2025-08-31,Kolkata,Home,Philips Air Fryer,4,8999,15,30596.6
ORD004598,2025-09-12,Ahmedabad,Home,Philips Air Fryer,1,8999,0,8999.0
ORD004599,2025-11-20,Mumbai,Fashion,Nike Air Max,2,6999,5,13298.1
ORD004600,2024-06-18,Delhi,Electronics,Samsung Galaxy S24,3,74999,10,202497.3
ORD004601,2025-08-04,Kolkata,Electronics,Samsung Galaxy S24,2,74999,15,127498.3
ORD004602,2025-03-30,Chennai,Home,Philips Air Fryer,1,8999,0,8999.0
ORD004603,2025-01-21,Hyderabad,Home,Philips Air Fryer,1,8999,5,8549.05
ORD004604,2026-04-12,Mumbai,Fashion,Nike Air Max,2,6999,5,13298.1
ORD004605,2025-09-18,Chennai,Electronics,OnePlus 12,2,64999,15,110498.3
ORD004606,2025-06-01,Chennai,Home,Philips Air Fryer,1,8999,5,8549.05
ORD004607,2025-08-27,Delhi,Electronics,Samsung Galaxy S24,1,74999,15,63749.15
ORD004608,2026-01-24,Chennai,Fashion,Levi's Jeans,2,2499,5,4748.1
ORD004609,2025-02-26,Ahmedabad,Fashion,Nike Air Max,1,6999,10,6299.1
ORD004610,2025-12-13,Bengaluru,Electronics,Apple iPhone 15,2,79999,10,143998.2
ORD004611,2025-04-22,Bengaluru,Electronics,Apple iPhone 15,1,79999,15,67999.15
ORD004612,2026-03-23,Pune,Home,Philips Air Fryer,1,8999,10,8099.1
ORD004613,2025-06-28,Kolkata,Home,IKEA Study Table,1,12999,15,11049.15
ORD004614,2025-03-02,Hyderabad,Electronics,Apple iPhone 15,1,79999,15,67999.15
ORD004615,2026-04-14,Hyderabad,Home,IKEA Study Table,1,12999,10,11699.1
ORD004616,2026-01-25,Hyderabad,Home,Philips Air Fryer,1,8999,5,8549.05
ORD004617,2024-09-20,Hyderabad,Electronics,Samsung Galaxy S24,1,74999,5,71249.05
ORD004618,2025-02-24,Delhi,Home,IKEA Study Table,1,12999,10,11699.1
ORD004619,2025-02-10,Ahmedabad,Home,Philips Air Fryer,2,8999,0,17998.0
ORD004620,2025-05-20,Hyderabad,Fashion,Levi's Jeans,2,2499,0,4998.0
ORD004621,2026-05-10,Ahmedabad,Fashion,Levi's Jeans,1,2499,5,2374.05
ORD004622,2025-03-18,Pune,Electronics,Apple iPhone 15,1,79999,5,75999.05
ORD004623,2025-04-25,Kolkata,Electronics,Apple iPhone 15,1,79999,5,75999.05
ORD004624,2025-10-01,Mumbai,Electronics,Apple iPhone 15,1,79999,10,71999.1
ORD004625,2025-11-21,Hyderabad,Electronics,Apple iPhone 15,2,79999,5,151998.1
ORD004626,2025-08-17,Delhi,Fashion,Levi's Jeans,1,2499,0,2499.0
ORD004627,2025-08-09,Mumbai,Electronics,Apple iPhone 15,1,79999,5,75999.05
ORD004628,2025-09-17,Kolkata,Fashion,Nike Air Max,1,6999,5,6649.05
ORD004629,2025-09-20,Chennai,Fashion,Levi's Jeans,2,2499,0,4998.0
ORD004630,2025-03-31,Mumbai,Home,Philips Air Fryer,4,8999,5,34196.2
ORD004631,2025-12-11,Chennai,Electronics,OnePlus 12,3,64999,15,165747.45
ORD004632,2024-11-14,Mumbai,Electronics,Apple iPhone 15,1,79999,5,75999.05
ORD004633,2026-04-16,Pune,Fashion,Nike Air Max,2,6999,15,11898.3
ORD004634,2026-03-04,Chennai,Fashion,Nike Air Max,2,6999,0,13998.0
ORD004635,2024-07-06,Delhi,Home,Philips Air Fryer,1,8999,10,8099.1
ORD004636,2025-11-24,Ahmedabad,Home,IKEA Study Table,4,12999,10,46796.4
ORD004637,2026-01-30,Mumbai,Home,IKEA Study Table,1,12999,15,11049.15
ORD004638,2024-07-24,Ahmedabad,Electronics,Samsung Galaxy S24,1,74999,5,71249.05
ORD004639,2026-03-10,Ahmedabad,Electronics,Apple iPhone 15,1,79999,5,75999.05
ORD004640,2026-02-02,Mumbai,Fashion,Nike Air Max,3,6999,0,20997.0
ORD004641,2025-09-29,Hyderabad,Electronics,Sony WH-1000XM5,1,29999,10,26999.1
ORD004642,2026-03-28,Ahmedabad,Fashion,Levi's Jeans,1,2499,0,2499.0
ORD004643,2024-08-09,Ahmedabad,Home,IKEA Study Table,1,12999,10,11699.1
ORD004644,2024-07-27,Bengaluru,Home,Philips Air Fryer,2,8999,10,16198.2
ORD004645,2026-02-26,Bengaluru,Fashion,Levi's Jeans,3,2499,15,6372.45
ORD004646,2024-08-06,Ahmedabad,Electronics,OnePlus 12,1,64999,10,58499.1
ORD004647,2025-07-30,Bengaluru,Home,IKEA Study Table,1,12999,15,11049.15
ORD004648,2025-09-11,Pune,Electronics,OnePlus 12,3,64999,5,185247.15
ORD004649,2025-09-25,Hyderabad,Electronics,Apple iPhone 15,1,79999,5,75999.05
ORD004650,2025-11-25,Kolkata,Home,IKEA Study Table,2,12999,10,23398.2
ORD004651,2025-01-07,Hyderabad,Fashion,Levi's Jeans,1,2499,15,2124.15
ORD004652,2026-03-16,Chennai,Fashion,Levi's Jeans,2,2499,10,4498.2
ORD004653,2024-07-21,Bengaluru,Electronics,Sony WH-1000XM5,2,29999,10,53998.2
ORD004654,2025-12-21,Delhi,Electronics,Samsung Galaxy S24,2,74999,5,142498.1
ORD004655,2024-07-16,Bengaluru,Fashion,Nike Air Max,1,6999,0,6999.0
ORD004656,2026-04-05,Delhi,Fashion,Levi's Jeans,1,2499,10,2249.1
ORD004657,2024-12-31,Mumbai,Electronics,Samsung Galaxy S24,1,74999,0,74999.0
ORD004658,2025-10-22,Pune,Electronics,Sony WH-1000XM5,1,29999,5,28499.05
ORD004659,2024-09-18,Delhi,Electronics,Samsung Galaxy S24,3,74999,15,191247.45
ORD004660,2024-08-27,Kolkata,Electronics,OnePlus 12,2,64999,15,110498.3
ORD004661,2025-01-18,Delhi,Electronics,OnePlus 12,1,64999,10,58499.1
ORD004662,2025-01-29,Chennai,Fashion,Nike Air Max,1,6999,10,6299.1
ORD004663,2025-05-03,Bengaluru,Electronics,OnePlus 12,1,64999,10,58499.1
ORD004664,2025-04-19,Pune,Fashion,Nike Air Max,1,6999,10,6299.1
ORD004665,2025-07-12,Kolkata,Home,Philips Air Fryer,1,8999,10,8099.1
ORD004666,2024-10-25,Pune,Fashion,Nike Air Max,2,6999,15,11898.3
ORD004667,2025-07-05,Mumbai,Electronics,Apple iPhone 15,1,79999,0,79999.0
ORD004668,2025-06-04,Hyderabad,Fashion,Nike Air Max,1,6999,0,6999.0
ORD004669,2025-12-04,Kolkata,Home,IKEA Study Table,1,12999,10,11699.1
ORD004670,2026-05-22,Chennai,Electronics,Sony WH-1000XM5,2,29999,5,56998.1
ORD004671,2025-08-26,Pune,Electronics,OnePlus 12,1,64999,10,58499.1
ORD004672,2026-05-29,Kolkata,Home,IKEA Study Table,1,12999,10,11699.1
ORD004673,2026-01-18,Mumbai,Electronics,Sony WH-1000XM5,1,29999,5,28499.05
ORD004674,2026-03-30,Delhi,Fashion,Nike Air Max,1,6999,0,6999.0
ORD004675,2025-01-08,Ahmedabad,Electronics,Sony WH-1000XM5,1,29999,5,28499.05
ORD004676,2026-02-19,Delhi,Electronics,Samsung Galaxy S24,3,74999,0,224997.0
ORD004677,2025-05-22,Ahmedabad,Electronics,Sony WH-1000XM5,2,29999,5,56998.1
ORD004678,2026-04-23,Pune,Electronics,Apple iPhone 15,1,79999,5,75999.05
ORD004679,2025-08-20,Kolkata,Fashion,Nike Air Max,2,6999,15,11898.3
ORD004680,2025-09-09,Bengaluru,Electronics,Sony WH-1000XM5,1,29999,15,25499.15
ORD004681,2024-12-10,Bengaluru,Fashion,Nike Air Max,2,6999,10,12598.2
ORD004682,2025-10-03,Ahmedabad,Electronics,Samsung Galaxy S24,1,74999,10,67499.1
ORD004683,2025-02-18,Chennai,Fashion,Nike Air Max,2,6999,5,13298.1
ORD004684,2024-11-06,Pune,Electronics,Sony WH-1000XM5,1,29999,0,29999.0
ORD004685,2024-09-10,Delhi,Electronics,Samsung Galaxy S24,1,74999,15,63749.15
ORD004686,2025-02-01,Kolkata,Fashion,Levi's Jeans,1,2499,15,2124.15
ORD004687,2024-06-21,Ahmedabad,Electronics,Samsung Galaxy S24,2,74999,15,127498.3
ORD004688,2024-12-20,Pune,Electronics,OnePlus 12,1,64999,15,55249.15
ORD004689,2025-07-06,Bengaluru,Fashion,Levi's Jeans,1,2499,15,2124.15
ORD004690,2025-07-02,Hyderabad,Fashion,Levi's Jeans,3,2499,15,6372.45
ORD004691,2025-07-19,Mumbai,Fashion,Nike Air Max,1,6999,0,6999.0
ORD004692,2025-12-05,Kolkata,Electronics,Samsung Galaxy S24,1,74999,10,67499.1
ORD004693,2024-10-30,Chennai,Electronics,Sony WH-1000XM5,1,29999,5,28499.05
ORD004694,2025-10-03,Ahmedabad,Electronics,OnePlus 12,1,64999,0,64999.0
ORD004695,2025-05-05,Hyderabad,Fashion,Levi's Jeans,3,2499,5,7122.15
ORD004696,2024-09-29,Kolkata,Home,Philips Air Fryer,1,8999,10,8099.1
ORD004697,2026-05-10,Kolkata,Fashion,Nike Air Max,1,6999,10,6299.1
ORD004698,2024-10-26,Bengaluru,Fashion,Nike Air Max,2,6999,10,12598.2
ORD004699,2025-01-07,Bengaluru,Electronics,Samsung Galaxy S24,2,74999,0,149998.0
ORD004700,2026-03-17,Pune,Electronics,OnePlus 12,1,64999,15,55249.15
ORD004701,2024-07-14,Kolkata,Electronics,OnePlus 12,1,64999,5,61749.05
ORD004702,2024-10-28,Hyderabad,Electronics,Samsung Galaxy S24,1,74999,10,67499.1
ORD004703,2026-04-02,Hyderabad,Fashion,Levi's Jeans,3,2499,0,7497.0
ORD004704,2024-12-13,Ahmedabad,Electronics,Sony WH-1000XM5,1,29999,5,28499.05
ORD004705,2025-05-02,Mumbai,Electronics,Samsung Galaxy S24,1,74999,5,71249.05
ORD004706,2025-03-12,Ahmedabad,Electronics,Sony WH-1000XM5,1,29999,10,26999.1
ORD004707,2025-02-09,Kolkata,Electronics,Samsung Galaxy S24,2,74999,5,142498.1
ORD004708,2026-02-02,Mumbai,Electronics,Samsung Galaxy S24,1,74999,10,67499.1
ORD004709,2025-10-29,Pune,Electronics,Apple iPhone 15,2,79999,5,151998.1
ORD004710,2025-07-22,Chennai,Home,IKEA Study Table,1,12999,0,12999.0
ORD004711,2024-11-09,Ahmedabad,Fashion,Nike Air Max,1,6999,15,5949.15
ORD004712,2025-08-01,Pune,Electronics,Sony WH-1000XM5,1,29999,10,26999.1
ORD004713,2024-07-10,Kolkata,Fashion,Nike Air Max,2,6999,0,13998.0
ORD004714,2024-06-16,Delhi,Electronics,Apple iPhone 15,2,79999,10,143998.2
ORD004715,2025-11-28,Pune,Electronics,OnePlus 12,2,64999,0,129998.0
ORD004716,2024-11-02,Mumbai,Electronics,Samsung Galaxy S24,1,74999,0,74999.0
ORD004717,2025-04-14,Kolkata,Electronics,Sony WH-1000XM5,4,29999,5,113996.2
ORD004718,2025-04-19,Chennai,Fashion,Levi's Jeans,1,2499,10,2249.1
ORD004719,2025-09-20,Mumbai,Electronics,Samsung Galaxy S24,1,74999,15,63749.15
ORD004720,2026-02-10,Pune,Electronics,Apple iPhone 15,2,79999,10,143998.2
ORD004721,2025-07-18,Mumbai,Electronics,Samsung Galaxy S24,1,74999,10,67499.1
ORD004722,2026-04-08,Delhi,Electronics,OnePlus 12,1,64999,15,55249.15
ORD004723,2025-12-04,Kolkata,Home,Philips Air Fryer,1,8999,10,8099.1
ORD004724,2026-01-07,Bengaluru,Electronics,Sony WH-1000XM5,1,29999,15,25499.15
ORD004725,2024-11-14,Ahmedabad,Home,IKEA Study Table,1,12999,10,11699.1
ORD004726,2025-10-06,Mumbai,Electronics,Sony WH-1000XM5,1,29999,5,28499.05
ORD004727,2025-01-23,Ahmedabad,Electronics,Apple iPhone 15,2,79999,10,143998.2
ORD004728,2025-07-31,Kolkata,Electronics,Samsung Galaxy S24,1,74999,10,67499.1
ORD004729,2026-05-25,Ahmedabad,Electronics,Sony WH-1000XM5,1,29999,10,26999.1
ORD004730,2025-07-29,Bengaluru,Home,Philips Air Fryer,1,8999,15,7649.15
ORD004731,2024-08-19,Pune,Fashion,Nike Air Max,1,6999,0,6999.0
ORD004732,2026-01-13,Mumbai,Home,Philips Air Fryer,1,8999,15,7649.15
ORD004733,2025-10-25,Kolkata,Electronics,OnePlus 12,2,64999,5,123498.1
ORD004734,2025-01-28,Bengaluru,Home,IKEA Study Table,1,12999,0,12999.0
ORD004735,2024-06-13,Ahmedabad,Home,Philips Air Fryer,4,8999,15,30596.6
ORD004736,2026-04-30,Hyderabad,Electronics,Apple iPhone 15,1,79999,5,75999.05
ORD004737,2024-07-11,Hyderabad,Electronics,OnePlus 12,1,64999,15,55249.15
ORD004738,2025-01-22,Pune,Fashion,Levi's Jeans,1,2499,15,2124.15
ORD004739,2024-08-20,Chennai,Electronics,Apple iPhone 15,3,79999,15,203997.45
ORD004740,2026-02-28,Ahmedabad,Electronics,Sony WH-1000XM5,1,29999,10,26999.1
ORD004741,2025-05-22,Pune,Fashion,Levi's Jeans,1,2499,10,2249.1
ORD004742,2024-07-24,Bengaluru,Electronics,Apple iPhone 15,1,79999,0,79999.0
ORD004743,2025-08-19,Hyderabad,Home,IKEA Study Table,4,12999,0,51996.0
ORD004744,2024-11-04,Ahmedabad,Electronics,OnePlus 12,1,64999,5,61749.05
ORD004745,2024-10-09,Hyderabad,Electronics,OnePlus 12,3,64999,0,194997.0
ORD004746,2024-07-12,Pune,Fashion,Levi's Jeans,2,2499,15,4248.3
ORD004747,2025-09-08,Mumbai,Electronics,Sony WH-1000XM5,1,29999,5,28499.05
ORD004748,2025-01-15,Ahmedabad,Home,Philips Air Fryer,1,8999,0,8999.0
ORD004749,2025-01-28,Bengaluru,Home,IKEA Study Table,1,12999,0,12999.0
ORD004750,2026-04-22,Kolkata,Electronics,OnePlus 12,1,64999,10,58499.1
ORD004751,2024-09-14,Pune,Fashion,Levi's Jeans,3,2499,10,6747.3
ORD004752,2024-12-12,Kolkata,Electronics,Sony WH-1000XM5,2,29999,10,53998.2
ORD004753,2024-09-08,Kolkata,Electronics,OnePlus 12,2,64999,0,129998.0
ORD004754,2026-03-27,Ahmedabad,Fashion,Levi's Jeans,3,2499,0,7497.0
ORD004755,2025-07-26,Hyderabad,Electronics,Samsung Galaxy S24,2,74999,15,127498.3
ORD004756,2025-12-08,Pune,Electronics,Apple iPhone 15,1,79999,5,75999.05
ORD004757,2024-07-08,Kolkata,Home,IKEA Study Table,1,12999,15,11049.15
ORD004758,2025-03-01,Delhi,Fashion,Nike Air Max,4,6999,5,26596.2
ORD004759,2025-02-13,Kolkata,Electronics,Sony WH-1000XM5,1,29999,15,25499.15
ORD004760,2025-05-13,Delhi,Electronics,Apple iPhone 15,2,79999,0,159998.0
ORD004761,2025-07-14,Chennai,Electronics,Apple iPhone 15,2,79999,0,159998.0
ORD004762,2026-06-04,Mumbai,Electronics,Sony WH-1000XM5,1,29999,15,25499.15
ORD004763,2024-08-07,Bengaluru,Electronics,OnePlus 12,1,64999,15,55249.15
ORD004764,2026-01-17,Mumbai,Fashion,Nike Air Max,1,6999,5,6649.05
ORD004765,2025-05-04,Delhi,Fashion,Levi's Jeans,1,2499,5,2374.05
ORD004766,2026-02-16,Kolkata,Electronics,Samsung Galaxy S24,2,74999,10,134998.2
ORD004767,2026-01-10,Hyderabad,Home,IKEA Study Table,1,12999,10,11699.1
ORD004768,2025-09-26,Hyderabad,Electronics,Samsung Galaxy S24,1,74999,15,63749.15
ORD004769,2024-11-09,Hyderabad,Electronics,Samsung Galaxy S24,1,74999,5,71249.05
ORD004770,2025-04-23,Pune,Fashion,Nike Air Max,4,6999,5,26596.2
ORD004771,2025-06-17,Pune,Electronics,Apple iPhone 15,2,79999,10,143998.2
ORD004772,2024-06-30,Kolkata,Electronics,OnePlus 12,1,64999,10,58499.1
ORD004773,2025-12-19,Bengaluru,Electronics,Apple iPhone 15,1,79999,15,67999.15
ORD004774,2025-07-21,Delhi,Home,Philips Air Fryer,4,8999,15,30596.6
ORD004775,2024-12-31,Kolkata,Electronics,OnePlus 12,1,64999,0,64999.0
ORD004776,2024-08-16,Hyderabad,Fashion,Levi's Jeans,2,2499,5,4748.1
ORD004777,2025-08-16,Bengaluru,Electronics,Apple iPhone 15,1,79999,5,75999.05
ORD004778,2025-12-18,Mumbai,Home,Philips Air Fryer,1,8999,0,8999.0
ORD004779,2024-06-14,Pune,Electronics,Sony WH-1000XM5,1,29999,15,25499.15
ORD004780,2026-04-01,Mumbai,Home,Philips Air Fryer,1,8999,15,7649.15
ORD004781,2026-04-21,Bengaluru,Electronics,OnePlus 12,1,64999,15,55249.15
ORD004782,2025-03-06,Mumbai,Electronics,Apple iPhone 15,3,79999,5,227997.15
ORD004783,2025-05-02,Ahmedabad,Electronics,Apple iPhone 15,1,79999,5,75999.05
ORD004784,2025-04-08,Chennai,Home,Philips Air Fryer,2,8999,0,17998.0
ORD004785,2025-03-21,Mumbai,Electronics,Sony WH-1000XM5,1,29999,0,29999.0
ORD004786,2024-09-02,Mumbai,Fashion,Nike Air Max,1,6999,10,6299.1
ORD004787,2025-12-15,Bengaluru,Electronics,Apple iPhone 15,1,79999,5,75999.05
ORD004788,2024-10-27,Mumbai,Fashion,Nike Air Max,4,6999,0,27996.0
ORD004789,2025-02-04,Pune,Home,IKEA Study Table,1,12999,15,11049.15
ORD004790,2025-09-21,Kolkata,Electronics,Sony WH-1000XM5,2,29999,0,59998.0
ORD004791,2025-03-18,Delhi,Electronics,OnePlus 12,1,64999,0,64999.0
ORD004792,2024-08-17,Pune,Home,Philips Air Fryer,1,8999,15,7649.15
ORD004793,2025-10-25,Pune,Home,Philips Air Fryer,1,8999,5,8549.05
ORD004794,2024-07-17,Chennai,Electronics,Apple iPhone 15,2,79999,10,143998.2
ORD004795,2025-07-18,Kolkata,Fashion,Levi's Jeans,2,2499,0,4998.0
ORD004796,2025-12-05,Kolkata,Electronics,Samsung Galaxy S24,1,74999,0,74999.0
ORD004797,2024-10-25,Delhi,Electronics,Apple iPhone 15,1,79999,10,71999.1
ORD004798,2025-04-06,Delhi,Home,Philips Air Fryer,1,8999,5,8549.05
ORD004799,2024-07-13,Bengaluru,Fashion,Levi's Jeans,1,2499,5,2374.05
ORD004800,2024-10-20,Mumbai,Fashion,Nike Air Max,1,6999,15,5949.15
ORD004801,2025-04-27,Hyderabad,Electronics,OnePlus 12,1,64999,5,61749.05
ORD004802,2025-04-02,Hyderabad,Electronics,Samsung Galaxy S24,1,74999,0,74999.0
ORD004803,2024-06-22,Kolkata,Fashion,Levi's Jeans,2,2499,15,4248.3
ORD004804,2026-01-24,Delhi,Electronics,OnePlus 12,1,64999,0,64999.0
ORD004805,2025-07-29,Chennai,Electronics,OnePlus 12,1,64999,10,58499.1
ORD004806,2025-08-05,Kolkata,Electronics,Samsung Galaxy S24,1,74999,5,71249.05
ORD004807,2025-01-21,Hyderabad,Home,Philips Air Fryer,1,8999,15,7649.15
ORD004808,2025-08-22,Hyderabad,Electronics,Apple iPhone 15,4,79999,5,303996.2
ORD004809,2024-11-03,Chennai,Fashion,Nike Air Max,2,6999,10,12598.2
ORD004810,2025-07-11,Pune,Electronics,Samsung Galaxy S24,1,74999,5,71249.05
ORD004811,2026-04-17,Chennai,Electronics,Samsung Galaxy S24,1,74999,0,74999.0
ORD004812,2024-06-25,Ahmedabad,Electronics,Samsung Galaxy S24,1,74999,15,63749.15
ORD004813,2025-03-09,Hyderabad,Fashion,Levi's Jeans,2,2499,15,4248.3
ORD004814,2025-06-19,Bengaluru,Home,IKEA Study Table,1,12999,15,11049.15
ORD004815,2026-01-21,Mumbai,Electronics,Sony WH-1000XM5,1,29999,0,29999.0
ORD004816,2024-06-23,Mumbai,Fashion,Levi's Jeans,1,2499,10,2249.1
ORD004817,2024-11-07,Pune,Electronics,Sony WH-1000XM5,1,29999,0,29999.0
ORD004818,2025-05-17,Pune,Electronics,Apple iPhone 15,1,79999,5,75999.05
ORD004819,2024-11-11,Ahmedabad,Home,Philips Air Fryer,1,8999,0,8999.0
ORD004820,2025-02-26,Delhi,Electronics,Sony WH-1000XM5,1,29999,5,28499.05
ORD004821,2025-10-30,Hyderabad,Fashion,Nike Air Max,4,6999,10,25196.4
ORD004822,2026-06-03,Bengaluru,Home,Philips Air Fryer,1,8999,0,8999.0
ORD004823,2025-07-27,Chennai,Electronics,Samsung Galaxy S24,1,74999,15,63749.15
ORD004824,2026-05-30,Mumbai,Fashion,Levi's Jeans,1,2499,5,2374.05
ORD004825,2024-09-02,Delhi,Electronics,OnePlus 12,1,64999,5,61749.05
ORD004826,2024-12-27,Mumbai,Home,IKEA Study Table,2,12999,5,24698.1
ORD004827,2026-01-23,Delhi,Fashion,Nike Air Max,3,6999,0,20997.0
ORD004828,2025-05-16,Mumbai,Electronics,Sony WH-1000XM5,1,29999,0,29999.0
ORD004829,2024-12-02,Ahmedabad,Home,Philips Air Fryer,1,8999,10,8099.1
ORD004830,2025-04-06,Mumbai,Home,IKEA Study Table,1,12999,0,12999.0
ORD004831,2026-01-17,Pune,Electronics,Apple iPhone 15,1,79999,0,79999.0
ORD004832,2024-12-28,Mumbai,Fashion,Levi's Jeans,1,2499,0,2499.0
ORD004833,2024-08-03,Delhi,Electronics,Samsung Galaxy S24,1,74999,5,71249.05
ORD004834,2024-07-15,Kolkata,Electronics,OnePlus 12,2,64999,5,123498.1
ORD004835,2026-02-23,Ahmedabad,Home,IKEA Study Table,2,12999,0,25998.0
ORD004836,2026-05-10,Hyderabad,Electronics,Apple iPhone 15,1,79999,10,71999.1
ORD004837,2025-02-16,Kolkata,Electronics,Samsung Galaxy S24,3,74999,15,191247.45
ORD004838,2026-01-12,Mumbai,Fashion,Levi's Jeans,1,2499,0,2499.0
ORD004839,2025-08-22,Delhi,Electronics,Apple iPhone 15,3,79999,10,215997.3
ORD004840,2025-03-27,Delhi,Electronics,Sony WH-1000XM5,1,29999,0,29999.0
ORD004841,2025-06-15,Pune,Home,IKEA Study Table,1,12999,0,12999.0
ORD004842,2024-07-30,Hyderabad,Fashion,Nike Air Max,1,6999,10,6299.1
ORD004843,2024-09-18,Bengaluru,Fashion,Nike Air Max,1,6999,10,6299.1
ORD004844,2024-09-11,Mumbai,Electronics,Apple iPhone 15,1,79999,10,71999.1
ORD004845,2025-01-26,Delhi,Electronics,Samsung Galaxy S24,1,74999,10,67499.1
ORD004846,2025-08-25,Kolkata,Fashion,Levi's Jeans,1,2499,0,2499.0
ORD004847,2024-08-16,Hyderabad,Fashion,Nike Air Max,1,6999,10,6299.1
ORD004848,2026-02-07,Kolkata,Fashion,Levi's Jeans,3,2499,15,6372.45
ORD004849,2024-12-06,Mumbai,Electronics,OnePlus 12,2,64999,0,129998.0
ORD004850,2025-01-08,Bengaluru,Electronics,OnePlus 12,1,64999,0,64999.0
ORD004851,2026-03-31,Bengaluru,Electronics,Samsung Galaxy S24,2,74999,5,142498.1
ORD004852,2025-07-28,Mumbai,Electronics,Sony WH-1000XM5,1,29999,10,26999.1
ORD004853,2024-07-17,Bengaluru,Electronics,OnePlus 12,4,64999,15,220996.6
ORD004854,2024-10-15,Kolkata,Electronics,Apple iPhone 15,1,79999,0,79999.0
ORD004855,2025-01-16,Kolkata,Fashion,Levi's Jeans,2,2499,5,4748.1
ORD004856,2025-05-24,Delhi,Electronics,Sony WH-1000XM5,2,29999,10,53998.2
ORD004857,2025-10-25,Chennai,Home,Philips Air Fryer,1,8999,5,8549.05
ORD004858,2025-08-31,Pune,Home,IKEA Study Table,1,12999,10,11699.1
ORD004859,2024-12-05,Chennai,Electronics,OnePlus 12,2,64999,5,123498.1
ORD004860,2024-11-15,Pune,Electronics,Samsung Galaxy S24,1,74999,15,63749.15
ORD004861,2024-10-19,Chennai,Electronics,OnePlus 12,2,64999,10,116998.2
ORD004862,2024-08-28,Pune,Electronics,Apple iPhone 15,1,79999,15,67999.15
ORD004863,2025-06-06,Delhi,Electronics,Apple iPhone 15,1,79999,5,75999.05
ORD004864,2025-06-13,Mumbai,Electronics,Apple iPhone 15,1,79999,15,67999.15
ORD004865,2026-05-22,Bengaluru,Electronics,Apple iPhone 15,1,79999,5,75999.05
ORD004866,2025-11-18,Bengaluru,Home,IKEA Study Table,1,12999,0,12999.0
ORD004867,2024-10-09,Ahmedabad,Electronics,Sony WH-1000XM5,4,29999,5,113996.2
ORD004868,2025-05-29,Mumbai,Electronics,Samsung Galaxy S24,1,74999,5,71249.05
ORD004869,2024-06-18,Mumbai,Fashion,Levi's Jeans,3,2499,10,6747.3
ORD004870,2025-07-29,Chennai,Home,IKEA Study Table,2,12999,15,22098.3
ORD004871,2026-04-16,Hyderabad,Electronics,Sony WH-1000XM5,4,29999,10,107996.4
ORD004872,2024-06-10,Bengaluru,Home,Philips Air Fryer,2,8999,10,16198.2
ORD004873,2025-12-11,Delhi,Electronics,OnePlus 12,4,64999,15,220996.6
ORD004874,2025-05-31,Pune,Fashion,Levi's Jeans,1,2499,0,2499.0
ORD004875,2024-12-22,Chennai,Electronics,Samsung Galaxy S24,1,74999,0,74999.0
ORD004876,2025-02-03,Hyderabad,Home,IKEA Study Table,2,12999,5,24698.1
ORD004877,2026-01-13,Delhi,Home,IKEA Study Table,2,12999,10,23398.2
ORD004878,2024-10-12,Pune,Fashion,Nike Air Max,1,6999,15,5949.15
ORD004879,2024-11-30,Bengaluru,Home,IKEA Study Table,4,12999,5,49396.2
ORD004880,2025-12-20,Kolkata,Fashion,Nike Air Max,2,6999,5,13298.1
ORD004881,2026-02-20,Ahmedabad,Electronics,OnePlus 12,1,64999,0,64999.0
ORD004882,2026-06-02,Chennai,Home,Philips Air Fryer,2,8999,15,15298.3
ORD004883,2024-07-25,Hyderabad,Home,Philips Air Fryer,4,8999,5,34196.2
ORD004884,2025-04-15,Ahmedabad,Electronics,Samsung Galaxy S24,4,74999,15,254996.6
ORD004885,2025-12-31,Hyderabad,Home,IKEA Study Table,1,12999,10,11699.1
ORD004886,2024-06-27,Bengaluru,Home,IKEA Study Table,1,12999,0,12999.0
ORD004887,2026-03-07,Mumbai,Electronics,Apple iPhone 15,2,79999,10,143998.2
ORD004888,2026-04-26,Hyderabad,Electronics,Apple iPhone 15,1,79999,0,79999.0
ORD004889,2025-02-22,Bengaluru,Home,IKEA Study Table,4,12999,5,49396.2
ORD004890,2025-02-25,Delhi,Electronics,Sony WH-1000XM5,1,29999,10,26999.1
ORD004891,2026-03-08,Ahmedabad,Fashion,Levi's Jeans,1,2499,15,2124.15
ORD004892,2026-05-27,Pune,Electronics,OnePlus 12,3,64999,5,185247.15
ORD004893,2024-09-25,Hyderabad,Fashion,Nike Air Max,2,6999,15,11898.3
ORD004894,2025-10-18,Bengaluru,Fashion,Nike Air Max,1,6999,10,6299.1
ORD004895,2024-07-21,Hyderabad,Electronics,Apple iPhone 15,4,79999,10,287996.4
ORD004896,2025-04-05,Kolkata,Electronics,Samsung Galaxy S24,2,74999,0,149998.0
ORD004897,2025-03-29,Bengaluru,Electronics,Sony WH-1000XM5,1,29999,0,29999.0
ORD004898,2026-03-30,Delhi,Home,IKEA Study Table,1,12999,15,11049.15
ORD004899,2026-01-15,Bengaluru,Fashion,Levi's Jeans,1,2499,10,2249.1
ORD004900,2025-12-28,Ahmedabad,Electronics,Samsung Galaxy S24,1,74999,10,67499.1
ORD004901,2025-12-21,Hyderabad,Electronics,Apple iPhone 15,4,79999,15,271996.6
ORD004902,2025-05-09,Pune,Electronics,Apple iPhone 15,1,79999,0,79999.0
ORD004903,2025-10-28,Chennai,Electronics,Apple iPhone 15,1,79999,5,75999.05
ORD004904,2025-03-31,Pune,Fashion,Levi's Jeans,1,2499,10,2249.1
ORD004905,2025-01-20,Pune,Electronics,OnePlus 12,1,64999,0,64999.0
ORD004906,2024-08-01,Mumbai,Home,Philips Air Fryer,1,8999,15,7649.15
ORD004907,2026-03-01,Ahmedabad,Electronics,Sony WH-1000XM5,1,29999,0,29999.0
ORD004908,2025-07-03,Bengaluru,Electronics,Apple iPhone 15,4,79999,5,303996.2
ORD004909,2025-10-03,Pune,Electronics,Apple iPhone 15,4,79999,5,303996.2
ORD004910,2025-08-24,Pune,Home,IKEA Study Table,1,12999,0,12999.0
ORD004911,2026-02-10,Mumbai,Electronics,Samsung Galaxy S24,2,74999,0,149998.0
ORD004912,2024-07-07,Pune,Electronics,Sony WH-1000XM5,1,29999,15,25499.15
ORD004913,2026-04-16,Pune,Electronics,Sony WH-1000XM5,1,29999,15,25499.15
ORD004914,2025-04-18,Mumbai,Home,IKEA Study Table,2,12999,15,22098.3
ORD004915,2024-11-10,Bengaluru,Electronics,Samsung Galaxy S24,3,74999,15,191247.45
ORD004916,2025-10-18,Hyderabad,Fashion,Nike Air Max,2,6999,0,13998.0
ORD004917,2025-04-21,Kolkata,Electronics,Samsung Galaxy S24,1,74999,10,67499.1
ORD004918,2025-04-11,Pune,Fashion,Nike Air Max,3,6999,0,20997.0
ORD004919,2026-03-20,Chennai,Electronics,Samsung Galaxy S24,1,74999,15,63749.15
ORD004920,2025-07-01,Pune,Electronics,Sony WH-1000XM5,1,29999,5,28499.05
ORD004921,2025-07-18,Kolkata,Electronics,Apple iPhone 15,1,79999,5,75999.05
ORD004922,2025-04-13,Mumbai,Electronics,Apple iPhone 15,1,79999,15,67999.15
ORD004923,2024-07-04,Pune,Electronics,Sony WH-1000XM5,1,29999,15,25499.15
ORD004924,2026-01-18,Kolkata,Home,Philips Air Fryer,1,8999,0,8999.0
ORD004925,2026-01-14,Ahmedabad,Electronics,OnePlus 12,1,64999,5,61749.05
ORD004926,2024-07-13,Delhi,Fashion,Levi's Jeans,1,2499,0,2499.0
ORD004927,2026-03-10,Mumbai,Home,IKEA Study Table,1,12999,5,12349.05
ORD004928,2025-12-17,Mumbai,Home,IKEA Study Table,3,12999,0,38997.0
ORD004929,2025-03-09,Chennai,Electronics,OnePlus 12,2,64999,0,129998.0
ORD004930,2026-01-17,Mumbai,Fashion,Nike Air Max,1,6999,0,6999.0
ORD004931,2025-05-18,Delhi,Electronics,OnePlus 12,2,64999,10,116998.2
ORD004932,2026-04-23,Bengaluru,Electronics,OnePlus 12,1,64999,15,55249.15
ORD004933,2025-07-16,Ahmedabad,Electronics,OnePlus 12,4,64999,0,259996.0
ORD004934,2024-10-08,Ahmedabad,Electronics,Apple iPhone 15,2,79999,15,135998.3
ORD004935,2025-03-27,Ahmedabad,Fashion,Nike Air Max,2,6999,10,12598.2
ORD004936,2025-10-19,Chennai,Home,IKEA Study Table,1,12999,15,11049.15
ORD004937,2024-06-30,Delhi,Electronics,Samsung Galaxy S24,1,74999,0,74999.0
ORD004938,2024-10-29,Pune,Fashion,Nike Air Max,2,6999,5,13298.1
ORD004939,2026-03-26,Ahmedabad,Fashion,Nike Air Max,1,6999,0,6999.0
ORD004940,2025-09-30,Pune,Fashion,Levi's Jeans,2,2499,15,4248.3
ORD004941,2025-02-01,Delhi,Electronics,Apple iPhone 15,1,79999,0,79999.0
ORD004942,2025-05-29,Bengaluru,Electronics,Sony WH-1000XM5,1,29999,10,26999.1
ORD004943,2025-12-24,Delhi,Fashion,Levi's Jeans,2,2499,0,4998.0
ORD004944,2025-08-11,Pune,Electronics,OnePlus 12,1,64999,10,58499.1
ORD004945,2024-10-15,Pune,Electronics,Sony WH-1000XM5,1,29999,10,26999.1
ORD004946,2025-01-06,Mumbai,Home,Philips Air Fryer,2,8999,0,17998.0
ORD004947,2025-08-26,Bengaluru,Fashion,Nike Air Max,3,6999,0,20997.0
ORD004948,2025-08-21,Ahmedabad,Electronics,Samsung Galaxy S24,1,74999,0,74999.0
ORD004949,2026-02-24,Hyderabad,Home,IKEA Study Table,2,12999,15,22098.3
ORD004950,2024-12-08,Delhi,Home,Philips Air Fryer,2,8999,5,17098.1
ORD004951,2025-01-12,Pune,Fashion,Nike Air Max,1,6999,0,6999.0
ORD004952,2025-01-20,Hyderabad,Electronics,Apple iPhone 15,1,79999,0,79999.0
ORD004953,2025-01-10,Kolkata,Home,IKEA Study Table,1,12999,5,12349.05
ORD004954,2026-05-09,Chennai,Home,Philips Air Fryer,3,8999,0,26997.0
ORD004955,2024-08-10,Chennai,Home,IKEA Study Table,1,12999,10,11699.1
ORD004956,2025-09-05,Kolkata,Electronics,Samsung Galaxy S24,1,74999,0,74999.0
ORD004957,2024-09-11,Bengaluru,Home,IKEA Study Table,1,12999,0,12999.0
ORD004958,2026-03-09,Pune,Electronics,Sony WH-1000XM5,1,29999,15,25499.15
ORD004959,2026-04-05,Ahmedabad,Fashion,Nike Air Max,1,6999,5,6649.05
ORD004960,2025-05-17,Bengaluru,Electronics,Apple iPhone 15,2,79999,15,135998.3
ORD004961,2025-10-28,Bengaluru,Electronics,Sony WH-1000XM5,2,29999,0,59998.0
ORD004962,2024-11-05,Chennai,Fashion,Levi's Jeans,2,2499,15,4248.3
ORD004963,2025-03-25,Kolkata,Fashion,Levi's Jeans,1,2499,15,2124.15
ORD004964,2026-02-03,Kolkata,Electronics,OnePlus 12,1,64999,0,64999.0
ORD004965,2026-04-12,Mumbai,Electronics,Samsung Galaxy S24,1,74999,5,71249.05
ORD004966,2025-08-29,Hyderabad,Home,IKEA Study Table,1,12999,15,11049.15
ORD004967,2026-01-03,Kolkata,Home,IKEA Study Table,1,12999,5,12349.05
ORD004968,2025-09-20,Chennai,Electronics,Apple iPhone 15,1,79999,15,67999.15
ORD004969,2024-10-20,Bengaluru,Fashion,Levi's Jeans,4,2499,0,9996.0
ORD004970,2025-04-08,Hyderabad,Home,IKEA Study Table,1,12999,0,12999.0
ORD004971,2025-05-08,Ahmedabad,Fashion,Nike Air Max,2,6999,5,13298.1
ORD004972,2025-12-09,Chennai,Electronics,Apple iPhone 15,1,79999,5,75999.05
ORD004973,2024-12-19,Ahmedabad,Fashion,Levi's Jeans,2,2499,15,4248.3
ORD004974,2024-06-17,Hyderabad,Electronics,OnePlus 12,3,64999,5,185247.15
ORD004975,2025-10-15,Hyderabad,Electronics,Apple iPhone 15,1,79999,15,67999.15
ORD004976,2026-01-21,Delhi,Electronics,OnePlus 12,1,64999,15,55249.15
ORD004977,2026-01-06,Delhi,Electronics,OnePlus 12,1,64999,0,64999.0
ORD004978,2025-07-11,Kolkata,Fashion,Nike Air Max,1,6999,15,5949.15
ORD004979,2025-07-09,Bengaluru,Home,Philips Air Fryer,2,8999,10,16198.2
ORD004980,2026-01-13,Kolkata,Electronics,Sony WH-1000XM5,3,29999,15,76497.45
ORD004981,2024-11-28,Hyderabad,Electronics,Apple iPhone 15,1,79999,0,79999.0
ORD004982,2025-06-06,Bengaluru,Home,Philips Air Fryer,1,8999,5,8549.05
ORD004983,2024-12-12,Delhi,Electronics,Apple iPhone 15,2,79999,10,143998.2
ORD004984,2024-12-23,Bengaluru,Fashion,Levi's Jeans,1,2499,0,2499.0
ORD004985,2026-02-28,Pune,Home,IKEA Study Table,1,12999,15,11049.15
ORD004986,2025-03-03,Ahmedabad,Fashion,Nike Air Max,1,6999,15,5949.15
ORD004987,2024-08-10,Delhi,Fashion,Levi's Jeans,2,2499,10,4498.2
ORD004988,2026-03-27,Kolkata,Fashion,Nike Air Max,1,6999,0,6999.0
ORD004989,2024-10-13,Chennai,Home,IKEA Study Table,1,12999,10,11699.1
ORD004990,2025-04-13,Mumbai,Fashion,Levi's Jeans,1,2499,0,2499.0
ORD004991,2025-07-09,Bengaluru,Electronics,Sony WH-1000XM5,2,29999,10,53998.2
ORD004992,2025-08-04,Bengaluru,Electronics,OnePlus 12,1,64999,15,55249.15
ORD004993,2026-05-30,Mumbai,Home,IKEA Study Table,2,12999,5,24698.1
ORD004994,2026-03-05,Kolkata,Electronics,OnePlus 12,1,64999,5,61749.05
ORD004995,2025-08-24,Kolkata,Electronics,Samsung Galaxy S24,1,74999,0,74999.0
ORD004996,2024-09-25,Ahmedabad,Fashion,Nike Air Max,2,6999,15,11898.3
ORD004997,2025-01-14,Ahmedabad,Electronics,Samsung Galaxy S24,4,74999,0,299996.0
ORD004998,2025-09-06,Bengaluru,Electronics,OnePlus 12,1,64999,10,58499.1
ORD004999,2026-01-03,Ahmedabad,Fashion,Nike Air Max,1,6999,10,6299.1
ORD005000,2026-03-13,Pune,Electronics,Sony WH-1000XM5,1,29999,5,28499.05
ORD005001,2024-08-01,Delhi,Home,Philips Air Fryer,4,8999,0,35996.0
ORD005002,2024-07-23,Ahmedabad,Electronics,OnePlus 12,1,64999,5,61749.05
ORD005003,2026-02-12,Bengaluru,Electronics,Apple iPhone 15,1,79999,10,71999.1
ORD005004,2025-06-06,Mumbai,Home,Philips Air Fryer,1,8999,0,8999.0
ORD005005,2025-02-11,Kolkata,Home,Philips Air Fryer,1,8999,0,8999.0
ORD005006,2025-04-23,Delhi,Home,IKEA Study Table,3,12999,0,38997.0
ORD005007,2025-10-17,Kolkata,Electronics,Samsung Galaxy S24,1,74999,5,71249.05
ORD005008,2024-10-11,Mumbai,Electronics,Apple iPhone 15,3,79999,0,239997.0
ORD005009,2026-05-18,Bengaluru,Fashion,Levi's Jeans,1,2499,5,2374.05
ORD005010,2026-03-27,Hyderabad,Home,Philips Air Fryer,2,8999,5,17098.1
ORD005011,2025-01-31,Pune,Fashion,Levi's Jeans,1,2499,5,2374.05
ORD005012,2024-09-19,Kolkata,Home,IKEA Study Table,1,12999,10,11699.1
ORD005013,2024-10-06,Delhi,Home,Philips Air Fryer,4,8999,0,35996.0
ORD005014,2025-02-20,Hyderabad,Electronics,Apple iPhone 15,2,79999,10,143998.2
ORD005015,2025-05-24,Chennai,Electronics,Apple iPhone 15,1,79999,10,71999.1
ORD005016,2025-02-02,Delhi,Electronics,Samsung Galaxy S24,2,74999,5,142498.1
ORD005017,2025-04-29,Kolkata,Electronics,OnePlus 12,1,64999,5,61749.05
ORD005018,2024-09-28,Bengaluru,Electronics,OnePlus 12,1,64999,0,64999.0
ORD005019,2025-04-27,Chennai,Electronics,Samsung Galaxy S24,2,74999,5,142498.1
ORD005020,2025-08-27,Mumbai,Electronics,Apple iPhone 15,1,79999,15,67999.15
ORD005021,2026-03-10,Kolkata,Electronics,OnePlus 12,2,64999,15,110498.3
ORD005022,2025-12-05,Kolkata,Home,Philips Air Fryer,2,8999,5,17098.1
ORD005023,2025-05-17,Chennai,Electronics,OnePlus 12,1,64999,10,58499.1
ORD005024,2024-11-08,Chennai,Electronics,Sony WH-1000XM5,1,29999,10,26999.1
ORD005025,2026-04-06,Ahmedabad,Electronics,Apple iPhone 15,1,79999,0,79999.0
ORD005026,2026-01-28,Kolkata,Fashion,Levi's Jeans,2,2499,15,4248.3
ORD005027,2026-02-08,Bengaluru,Fashion,Nike Air Max,2,6999,0,13998.0
ORD005028,2026-01-14,Bengaluru,Electronics,Apple iPhone 15,1,79999,0,79999.0
ORD005029,2026-04-19,Chennai,Electronics,Apple iPhone 15,1,79999,0,79999.0
ORD005030,2025-02-11,Mumbai,Fashion,Levi's Jeans,3,2499,5,7122.15
ORD005031,2025-08-06,Delhi,Fashion,Levi's Jeans,1,2499,0,2499.0
ORD005032,2025-11-13,Delhi,Electronics,OnePlus 12,3,64999,10,175497.3
ORD005033,2025-10-24,Bengaluru,Electronics,Sony WH-1000XM5,1,29999,0,29999.0
ORD005034,2025-12-29,Bengaluru,Electronics,Sony WH-1000XM5,1,29999,0,29999.0
ORD005035,2025-08-21,Chennai,Fashion,Nike Air Max,3,6999,10,18897.3
ORD005036,2025-07-26,Chennai,Electronics,Apple iPhone 15,1,79999,5,75999.05
ORD005037,2025-10-02,Delhi,Fashion,Levi's Jeans,1,2499,0,2499.0
ORD005038,2025-02-15,Delhi,Home,Philips Air Fryer,1,8999,10,8099.1
ORD005039,2024-12-22,Delhi,Electronics,Sony WH-1000XM5,2,29999,5,56998.1
ORD005040,2025-10-05,Ahmedabad,Electronics,OnePlus 12,1,64999,5,61749.05
ORD005041,2026-03-18,Mumbai,Electronics,OnePlus 12,1,64999,5,61749.05
ORD005042,2024-12-21,Pune,Electronics,Apple iPhone 15,1,79999,5,75999.05
ORD005043,2026-02-05,Hyderabad,Electronics,OnePlus 12,2,64999,10,116998.2
ORD005044,2025-05-03,Kolkata,Electronics,Samsung Galaxy S24,1,74999,0,74999.0
ORD005045,2026-01-28,Chennai,Fashion,Nike Air Max,2,6999,15,11898.3
ORD005046,2025-05-31,Bengaluru,Electronics,OnePlus 12,4,64999,0,259996.0
ORD005047,2025-06-04,Delhi,Electronics,Sony WH-1000XM5,4,29999,15,101996.6
ORD005048,2024-06-20,Chennai,Electronics,Samsung Galaxy S24,1,74999,10,67499.1
ORD005049,2025-06-18,Ahmedabad,Fashion,Levi's Jeans,1,2499,0,2499.0
ORD005050,2025-06-16,Pune,Electronics,OnePlus 12,1,64999,10,58499.1
ORD005051,2025-04-27,Pune,Electronics,Sony WH-1000XM5,3,29999,10,80997.3
ORD005052,2024-08-12,Pune,Electronics,OnePlus 12,1,64999,15,55249.15
ORD005053,2025-05-18,Delhi,Electronics,Sony WH-1000XM5,1,29999,10,26999.1
ORD005054,2026-02-27,Hyderabad,Home,Philips Air Fryer,1,8999,15,7649.15
ORD005055,2024-10-04,Hyderabad,Home,IKEA Study Table,1,12999,15,11049.15
ORD005056,2024-11-04,Mumbai,Home,Philips Air Fryer,1,8999,5,8549.05
ORD005057,2025-06-25,Mumbai,Home,Philips Air Fryer,1,8999,5,8549.05
ORD005058,2025-04-27,Hyderabad,Electronics,Apple iPhone 15,1,79999,5,75999.05
ORD005059,2026-03-03,Mumbai,Fashion,Nike Air Max,3,6999,10,18897.3
ORD005060,2026-05-20,Pune,Electronics,Sony WH-1000XM5,1,29999,0,29999.0
ORD005061,2024-11-09,Chennai,Fashion,Nike Air Max,2,6999,10,12598.2
ORD005062,2025-04-24,Delhi,Electronics,Apple iPhone 15,1,79999,10,71999.1
ORD005063,2024-09-08,Hyderabad,Electronics,OnePlus 12,1,64999,0,64999.0
ORD005064,2025-12-02,Kolkata,Electronics,Sony WH-1000XM5,2,29999,0,59998.0
ORD005065,2025-10-20,Bengaluru,Home,IKEA Study Table,3,12999,15,33147.45
ORD005066,2026-05-09,Chennai,Fashion,Levi's Jeans,1,2499,5,2374.05
ORD005067,2026-01-20,Pune,Fashion,Levi's Jeans,3,2499,5,7122.15
ORD005068,2025-06-27,Chennai,Electronics,Sony WH-1000XM5,2,29999,10,53998.2
ORD005069,2026-01-22,Hyderabad,Electronics,Samsung Galaxy S24,1,74999,0,74999.0
ORD005070,2026-03-13,Kolkata,Home,IKEA Study Table,1,12999,15,11049.15
ORD005071,2024-09-03,Delhi,Home,Philips Air Fryer,2,8999,5,17098.1
ORD005072,2025-05-17,Chennai,Electronics,Sony WH-1000XM5,2,29999,15,50998.3
ORD005073,2026-03-07,Bengaluru,Electronics,Samsung Galaxy S24,1,74999,0,74999.0
ORD005074,2026-03-01,Ahmedabad,Fashion,Nike Air Max,1,6999,10,6299.1
ORD005075,2025-06-14,Chennai,Fashion,Levi's Jeans,1,2499,10,2249.1
ORD005076,2026-02-07,Chennai,Electronics,Sony WH-1000XM5,2,29999,5,56998.1
ORD005077,2025-09-08,Bengaluru,Home,Philips Air Fryer,2,8999,15,15298.3
ORD005078,2026-03-29,Hyderabad,Home,Philips Air Fryer,2,8999,0,17998.0
ORD005079,2025-03-05,Chennai,Home,Philips Air Fryer,1,8999,5,8549.05
ORD005080,2025-10-12,Chennai,Fashion,Levi's Jeans,3,2499,10,6747.3
ORD005081,2025-04-02,Bengaluru,Electronics,Samsung Galaxy S24,2,74999,15,127498.3
ORD005082,2025-08-14,Mumbai,Electronics,OnePlus 12,1,64999,10,58499.1
ORD005083,2025-02-15,Ahmedabad,Electronics,Samsung Galaxy S24,1,74999,10,67499.1
ORD005084,2024-12-10,Kolkata,Electronics,OnePlus 12,2,64999,10,116998.2
ORD005085,2026-01-30,Hyderabad,Electronics,OnePlus 12,1,64999,5,61749.05
ORD005086,2026-04-15,Bengaluru,Electronics,OnePlus 12,2,64999,0,129998.0
ORD005087,2024-06-19,Pune,Electronics,OnePlus 12,1,64999,10,58499.1
ORD005088,2025-05-03,Mumbai,Fashion,Levi's Jeans,1,2499,5,2374.05
ORD005089,2026-02-08,Ahmedabad,Electronics,Apple iPhone 15,2,79999,15,135998.3
ORD005090,2025-09-10,Mumbai,Electronics,OnePlus 12,2,64999,15,110498.3
ORD005091,2025-04-04,Hyderabad,Electronics,OnePlus 12,1,64999,0,64999.0
ORD005092,2026-04-15,Chennai,Fashion,Nike Air Max,2,6999,0,13998.0
ORD005093,2025-12-20,Kolkata,Home,Philips Air Fryer,1,8999,0,8999.0
ORD005094,2025-11-26,Delhi,Fashion,Levi's Jeans,2,2499,0,4998.0
ORD005095,2025-04-01,Delhi,Electronics,Samsung Galaxy S24,1,74999,0,74999.0
ORD005096,2024-10-03,Bengaluru,Electronics,Sony WH-1000XM5,1,29999,5,28499.05
ORD005097,2026-05-19,Pune,Electronics,OnePlus 12,1,64999,15,55249.15
ORD005098,2025-03-19,Ahmedabad,Electronics,Samsung Galaxy S24,3,74999,5,213747.15
ORD005099,2024-10-12,Mumbai,Electronics,Apple iPhone 15,2,79999,15,135998.3
ORD005100,2024-11-17,Chennai,Electronics,OnePlus 12,1,64999,0,64999.0
ORD005101,2025-03-02,Ahmedabad,Home,Philips Air Fryer,1,8999,0,8999.0
ORD005102,2024-09-29,Bengaluru,Electronics,Apple iPhone 15,1,79999,15,67999.15
ORD005103,2026-02-27,Mumbai,Home,Philips Air Fryer,1,8999,10,8099.1
ORD005104,2024-11-28,Kolkata,Electronics,Apple iPhone 15,1,79999,5,75999.05
ORD005105,2025-01-05,Pune,Electronics,OnePlus 12,1,64999,15,55249.15
ORD005106,2025-07-14,Delhi,Home,IKEA Study Table,2,12999,5,24698.1
ORD005107,2025-07-30,Ahmedabad,Electronics,Samsung Galaxy S24,1,74999,5,71249.05
ORD005108,2026-02-26,Hyderabad,Electronics,Samsung Galaxy S24,1,74999,10,67499.1
ORD005109,2025-03-22,Bengaluru,Electronics,Samsung Galaxy S24,4,74999,10,269996.4
ORD005110,2026-01-31,Chennai,Electronics,Sony WH-1000XM5,2,29999,15,50998.3
ORD005111,2025-12-12,Pune,Fashion,Levi's Jeans,3,2499,10,6747.3
ORD005112,2025-03-11,Kolkata,Electronics,Sony WH-1000XM5,1,29999,15,25499.15
ORD005113,2025-09-03,Ahmedabad,Home,Philips Air Fryer,1,8999,15,7649.15
ORD005114,2025-09-04,Hyderabad,Electronics,Apple iPhone 15,1,79999,5,75999.05
ORD005115,2025-11-21,Hyderabad,Fashion,Levi's Jeans,1,2499,0,2499.0
ORD005116,2025-04-09,Chennai,Home,Philips Air Fryer,2,8999,15,15298.3
ORD005117,2025-08-09,Mumbai,Fashion,Nike Air Max,1,6999,15,5949.15
ORD005118,2026-03-22,Delhi,Electronics,Samsung Galaxy S24,2,74999,15,127498.3
ORD005119,2026-03-07,Mumbai,Electronics,OnePlus 12,1,64999,5,61749.05
ORD005120,2024-08-06,Kolkata,Electronics,OnePlus 12,1,64999,5,61749.05
ORD005121,2025-01-27,Pune,Fashion,Levi's Jeans,1,2499,10,2249.1
ORD005122,2024-09-24,Chennai,Home,IKEA Study Table,1,12999,10,11699.1
ORD005123,2025-08-31,Ahmedabad,Home,Philips Air Fryer,2,8999,5,17098.1
ORD005124,2026-06-03,Bengaluru,Fashion,Levi's Jeans,1,2499,0,2499.0
ORD005125,2024-11-16,Delhi,Fashion,Nike Air Max,3,6999,10,18897.3
ORD005126,2025-08-10,Ahmedabad,Home,Philips Air Fryer,2,8999,5,17098.1
ORD005127,2025-11-23,Bengaluru,Electronics,Apple iPhone 15,1,79999,15,67999.15
ORD005128,2026-05-13,Pune,Electronics,Sony WH-1000XM5,1,29999,10,26999.1
ORD005129,2026-05-23,Chennai,Electronics,Apple iPhone 15,4,79999,0,319996.0
ORD005130,2025-02-22,Chennai,Electronics,Sony WH-1000XM5,1,29999,10,26999.1
ORD005131,2024-07-31,Bengaluru,Home,IKEA Study Table,2,12999,10,23398.2
ORD005132,2024-09-11,Delhi,Electronics,Samsung Galaxy S24,1,74999,10,67499.1
ORD005133,2026-05-27,Mumbai,Fashion,Nike Air Max,2,6999,0,13998.0
ORD005134,2026-06-03,Hyderabad,Electronics,Sony WH-1000XM5,1,29999,0,29999.0
ORD005135,2025-04-16,Ahmedabad,Home,Philips Air Fryer,1,8999,15,7649.15
ORD005136,2025-10-20,Hyderabad,Electronics,Samsung Galaxy S24,1,74999,15,63749.15
ORD005137,2026-01-02,Ahmedabad,Fashion,Levi's Jeans,1,2499,0,2499.0
ORD005138,2025-07-31,Chennai,Home,Philips Air Fryer,1,8999,15,7649.15
ORD005139,2025-01-03,Kolkata,Home,Philips Air Fryer,1,8999,15,7649.15
ORD005140,2025-03-18,Delhi,Electronics,OnePlus 12,2,64999,15,110498.3
ORD005141,2024-08-19,Chennai,Home,Philips Air Fryer,1,8999,0,8999.0
ORD005142,2024-11-28,Chennai,Fashion,Levi's Jeans,3,2499,0,7497.0
ORD005143,2026-03-16,Kolkata,Electronics,Apple iPhone 15,3,79999,5,227997.15
ORD005144,2024-10-11,Pune,Home,IKEA Study Table,3,12999,5,37047.15
ORD005145,2025-11-30,Chennai,Electronics,Apple iPhone 15,2,79999,10,143998.2
ORD005146,2026-04-24,Mumbai,Electronics,Apple iPhone 15,2,79999,15,135998.3
ORD005147,2025-05-19,Ahmedabad,Fashion,Levi's Jeans,4,2499,10,8996.4
ORD005148,2024-08-02,Delhi,Home,Philips Air Fryer,1,8999,0,8999.0
ORD005149,2024-10-12,Delhi,Electronics,Sony WH-1000XM5,1,29999,15,25499.15
ORD005150,2025-12-22,Kolkata,Electronics,Sony WH-1000XM5,1,29999,15,25499.15
ORD005151,2026-02-25,Kolkata,Electronics,Sony WH-1000XM5,1,29999,15,25499.15
ORD005152,2024-08-19,Bengaluru,Electronics,Samsung Galaxy S24,1,74999,5,71249.05
ORD005153,2025-07-14,Hyderabad,Electronics,OnePlus 12,1,64999,15,55249.15
ORD005154,2025-09-11,Ahmedabad,Electronics,Samsung Galaxy S24,2,74999,15,127498.3
ORD005155,2025-05-23,Mumbai,Fashion,Nike Air Max,1,6999,10,6299.1
ORD005156,2025-08-17,Ahmedabad,Home,Philips Air Fryer,1,8999,5,8549.05
ORD005157,2025-06-22,Kolkata,Electronics,Sony WH-1000XM5,1,29999,5,28499.05
ORD005158,2024-06-14,Chennai,Home,Philips Air Fryer,1,8999,10,8099.1
ORD005159,2025-12-19,Bengaluru,Electronics,Apple iPhone 15,2,79999,10,143998.2
ORD005160,2024-07-23,Mumbai,Electronics,OnePlus 12,2,64999,15,110498.3
ORD005161,2024-07-02,Pune,Fashion,Levi's Jeans,2,2499,15,4248.3
ORD005162,2024-07-19,Mumbai,Home,Philips Air Fryer,2,8999,15,15298.3
ORD005163,2025-02-03,Mumbai,Home,Philips Air Fryer,1,8999,5,8549.05
ORD005164,2024-08-16,Mumbai,Electronics,Samsung Galaxy S24,1,74999,5,71249.05
ORD005165,2025-07-11,Pune,Home,IKEA Study Table,1,12999,5,12349.05
ORD005166,2024-06-20,Ahmedabad,Electronics,OnePlus 12,1,64999,5,61749.05
ORD005167,2025-03-17,Delhi,Fashion,Nike Air Max,4,6999,5,26596.2
ORD005168,2025-06-07,Ahmedabad,Home,IKEA Study Table,1,12999,0,12999.0
ORD005169,2025-02-22,Ahmedabad,Fashion,Levi's Jeans,2,2499,5,4748.1
ORD005170,2026-01-20,Delhi,Fashion,Levi's Jeans,1,2499,5,2374.05
ORD005171,2025-05-23,Chennai,Electronics,Samsung Galaxy S24,2,74999,5,142498.1
ORD005172,2024-12-11,Pune,Fashion,Levi's Jeans,2,2499,0,4998.0
ORD005173,2024-10-05,Kolkata,Fashion,Levi's Jeans,1,2499,15,2124.15
ORD005174,2024-08-09,Pune,Electronics,Apple iPhone 15,4,79999,5,303996.2
ORD005175,2025-12-29,Delhi,Fashion,Nike Air Max,2,6999,15,11898.3
ORD005176,2025-07-18,Hyderabad,Electronics,Apple iPhone 15,1,79999,5,75999.05
ORD005177,2024-09-19,Delhi,Electronics,Sony WH-1000XM5,1,29999,10,26999.1
ORD005178,2025-02-24,Kolkata,Electronics,Apple iPhone 15,2,79999,0,159998.0
ORD005179,2024-08-28,Ahmedabad,Electronics,Samsung Galaxy S24,1,74999,0,74999.0
ORD005180,2025-06-07,Delhi,Home,Philips Air Fryer,4,8999,10,32396.4
ORD005181,2024-12-13,Pune,Electronics,Samsung Galaxy S24,1,74999,0,74999.0
ORD005182,2024-11-03,Bengaluru,Home,Philips Air Fryer,2,8999,10,16198.2
ORD005183,2025-11-14,Kolkata,Electronics,Samsung Galaxy S24,1,74999,5,71249.05
ORD005184,2026-04-07,Bengaluru,Electronics,Apple iPhone 15,1,79999,0,79999.0
ORD005185,2026-03-12,Kolkata,Home,Philips Air Fryer,2,8999,0,17998.0
ORD005186,2024-12-08,Pune,Electronics,Apple iPhone 15,1,79999,0,79999.0
ORD005187,2025-04-15,Bengaluru,Home,IKEA Study Table,1,12999,5,12349.05
ORD005188,2024-08-18,Hyderabad,Home,Philips Air Fryer,1,8999,10,8099.1
ORD005189,2025-02-09,Mumbai,Fashion,Nike Air Max,2,6999,0,13998.0
ORD005190,2026-05-18,Bengaluru,Home,IKEA Study Table,1,12999,10,11699.1
ORD005191,2026-03-29,Pune,Home,IKEA Study Table,2,12999,0,25998.0
ORD005192,2025-03-21,Pune,Home,Philips Air Fryer,1,8999,15,7649.15
ORD005193,2024-12-12,Kolkata,Home,Philips Air Fryer,3,8999,5,25647.15
ORD005194,2024-12-04,Mumbai,Home,Philips Air Fryer,1,8999,0,8999.0
ORD005195,2025-11-30,Pune,Electronics,OnePlus 12,2,64999,5,123498.1
ORD005196,2024-11-16,Ahmedabad,Home,IKEA Study Table,1,12999,5,12349.05
ORD005197,2026-03-03,Hyderabad,Electronics,Sony WH-1000XM5,2,29999,10,53998.2
ORD005198,2024-08-29,Bengaluru,Fashion,Levi's Jeans,1,2499,15,2124.15
ORD005199,2024-10-01,Mumbai,Fashion,Levi's Jeans,1,2499,15,2124.15
ORD005200,2025-01-06,Bengaluru,Electronics,Samsung Galaxy S24,1,74999,10,67499.1
ORD005201,2025-01-05,Delhi,Fashion,Levi's Jeans,1,2499,10,2249.1
ORD005202,2025-11-02,Bengaluru,Home,Philips Air Fryer,1,8999,0,8999.0
ORD005203,2025-03-26,Mumbai,Electronics,Sony WH-1000XM5,1,29999,5,28499.05
ORD005204,2025-09-21,Kolkata,Electronics,OnePlus 12,1,64999,10,58499.1
ORD005205,2026-02-20,Delhi,Home,Philips Air Fryer,2,8999,0,17998.0
ORD005206,2026-01-05,Mumbai,Home,Philips Air Fryer,2,8999,15,15298.3
ORD005207,2026-03-24,Delhi,Electronics,OnePlus 12,3,64999,10,175497.3
ORD005208,2024-06-30,Mumbai,Home,Philips Air Fryer,1,8999,10,8099.1
ORD005209,2025-04-20,Hyderabad,Fashion,Nike Air Max,1,6999,15,5949.15
ORD005210,2025-06-14,Chennai,Electronics,Samsung Galaxy S24,2,74999,15,127498.3
ORD005211,2025-06-25,Ahmedabad,Fashion,Levi's Jeans,2,2499,5,4748.1
ORD005212,2025-02-18,Pune,Fashion,Levi's Jeans,2,2499,5,4748.1
ORD005213,2024-06-28,Kolkata,Fashion,Nike Air Max,3,6999,15,17847.45
ORD005214,2024-12-07,Ahmedabad,Electronics,Sony WH-1000XM5,1,29999,10,26999.1
ORD005215,2025-11-20,Bengaluru,Home,Philips Air Fryer,1,8999,5,8549.05
ORD005216,2026-01-15,Ahmedabad,Electronics,Sony WH-1000XM5,1,29999,15,25499.15
ORD005217,2026-05-04,Hyderabad,Home,IKEA Study Table,2,12999,15,22098.3
ORD005218,2026-05-29,Kolkata,Electronics,Samsung Galaxy S24,1,74999,10,67499.1
ORD005219,2025-04-04,Hyderabad,Electronics,OnePlus 12,1,64999,0,64999.0
ORD005220,2026-01-22,Bengaluru,Electronics,OnePlus 12,2,64999,15,110498.3
ORD005221,2025-06-29,Mumbai,Electronics,OnePlus 12,4,64999,5,246996.2
ORD005222,2025-01-20,Kolkata,Home,Philips Air Fryer,1,8999,0,8999.0
ORD005223,2025-07-01,Ahmedabad,Home,Philips Air Fryer,1,8999,10,8099.1
ORD005224,2024-10-30,Delhi,Electronics,OnePlus 12,1,64999,5,61749.05
ORD005225,2024-10-23,Ahmedabad,Fashion,Nike Air Max,2,6999,15,11898.3
ORD005226,2026-01-14,Bengaluru,Home,IKEA Study Table,2,12999,15,22098.3
ORD005227,2024-08-27,Mumbai,Fashion,Nike Air Max,3,6999,15,17847.45
ORD005228,2026-04-23,Bengaluru,Fashion,Levi's Jeans,1,2499,10,2249.1
ORD005229,2025-07-27,Delhi,Electronics,Apple iPhone 15,1,79999,10,71999.1
ORD005230,2025-05-16,Pune,Electronics,Samsung Galaxy S24,1,74999,5,71249.05
ORD005231,2024-10-06,Mumbai,Electronics,OnePlus 12,4,64999,15,220996.6
ORD005232,2025-12-26,Hyderabad,Electronics,Apple iPhone 15,1,79999,0,79999.0
ORD005233,2025-09-24,Ahmedabad,Fashion,Levi's Jeans,1,2499,15,2124.15
ORD005234,2024-07-07,Hyderabad,Electronics,OnePlus 12,2,64999,0,129998.0
ORD005235,2024-10-25,Pune,Electronics,Sony WH-1000XM5,3,29999,10,80997.3
ORD005236,2025-08-23,Delhi,Electronics,Sony WH-1000XM5,1,29999,0,29999.0
ORD005237,2025-05-29,Bengaluru,Home,IKEA Study Table,1,12999,15,11049.15
ORD005238,2025-03-04,Chennai,Electronics,Apple iPhone 15,1,79999,15,67999.15
ORD005239,2025-06-11,Hyderabad,Home,Philips Air Fryer,1,8999,5,8549.05
ORD005240,2025-02-22,Mumbai,Electronics,Apple iPhone 15,1,79999,5,75999.05
ORD005241,2024-06-19,Mumbai,Electronics,OnePlus 12,1,64999,5,61749.05
ORD005242,2024-12-21,Pune,Home,IKEA Study Table,4,12999,15,44196.6
ORD005243,2025-08-12,Bengaluru,Fashion,Levi's Jeans,1,2499,15,2124.15
ORD005244,2025-08-23,Ahmedabad,Electronics,Apple iPhone 15,2,79999,10,143998.2
ORD005245,2025-02-16,Kolkata,Electronics,OnePlus 12,3,64999,0,194997.0
ORD005246,2024-09-01,Kolkata,Fashion,Nike Air Max,1,6999,0,6999.0
ORD005247,2026-03-17,Chennai,Home,Philips Air Fryer,1,8999,15,7649.15
ORD005248,2025-04-18,Mumbai,Home,IKEA Study Table,1,12999,10,11699.1
ORD005249,2024-06-25,Kolkata,Fashion,Levi's Jeans,1,2499,10,2249.1
ORD005250,2024-09-08,Chennai,Fashion,Levi's Jeans,1,2499,5,2374.05
ORD005251,2026-02-13,Kolkata,Electronics,Sony WH-1000XM5,4,29999,5,113996.2
ORD005252,2025-07-23,Mumbai,Fashion,Nike Air Max,3,6999,0,20997.0
ORD005253,2025-02-09,Delhi,Electronics,Apple iPhone 15,1,79999,15,67999.15
ORD005254,2025-09-02,Mumbai,Electronics,OnePlus 12,1,64999,10,58499.1
ORD005255,2025-01-06,Mumbai,Electronics,Sony WH-1000XM5,1,29999,5,28499.05
ORD005256,2026-05-31,Delhi,Electronics,OnePlus 12,2,64999,0,129998.0
ORD005257,2025-02-06,Mumbai,Home,IKEA Study Table,1,12999,15,11049.15
ORD005258,2025-11-26,Hyderabad,Electronics,Sony WH-1000XM5,1,29999,5,28499.05
ORD005259,2024-08-22,Hyderabad,Fashion,Levi's Jeans,1,2499,15,2124.15
ORD005260,2024-09-07,Ahmedabad,Electronics,Apple iPhone 15,2,79999,15,135998.3
ORD005261,2024-08-12,Bengaluru,Electronics,Apple iPhone 15,1,79999,15,67999.15
ORD005262,2025-01-30,Mumbai,Electronics,Sony WH-1000XM5,1,29999,0,29999.0
ORD005263,2026-03-26,Pune,Home,IKEA Study Table,1,12999,0,12999.0
ORD005264,2024-07-22,Pune,Home,IKEA Study Table,2,12999,10,23398.2
ORD005265,2026-02-15,Chennai,Home,IKEA Study Table,2,12999,5,24698.1
ORD005266,2025-10-07,Delhi,Electronics,Samsung Galaxy S24,1,74999,15,63749.15
ORD005267,2024-07-04,Chennai,Fashion,Levi's Jeans,1,2499,0,2499.0
ORD005268,2024-06-12,Pune,Electronics,Apple iPhone 15,1,79999,0,79999.0
ORD005269,2025-12-08,Hyderabad,Fashion,Nike Air Max,3,6999,15,17847.45
ORD005270,2026-03-28,Chennai,Fashion,Levi's Jeans,2,2499,15,4248.3
ORD005271,2025-06-25,Ahmedabad,Electronics,Sony WH-1000XM5,2,29999,0,59998.0
ORD005272,2024-08-29,Mumbai,Electronics,Apple iPhone 15,2,79999,15,135998.3
ORD005273,2025-06-23,Mumbai,Electronics,Apple iPhone 15,1,79999,5,75999.05
ORD005274,2024-10-22,Pune,Fashion,Levi's Jeans,1,2499,10,2249.1
ORD005275,2024-10-01,Bengaluru,Fashion,Levi's Jeans,4,2499,5,9496.2
ORD005276,2025-06-10,Delhi,Electronics,OnePlus 12,1,64999,0,64999.0
ORD005277,2025-09-17,Mumbai,Home,Philips Air Fryer,1,8999,5,8549.05
ORD005278,2025-01-26,Hyderabad,Electronics,Sony WH-1000XM5,1,29999,15,25499.15
ORD005279,2025-03-17,Bengaluru,Electronics,Apple iPhone 15,2,79999,0,159998.0
ORD005280,2025-12-01,Pune,Home,Philips Air Fryer,1,8999,10,8099.1
ORD005281,2025-10-09,Delhi,Home,Philips Air Fryer,1,8999,15,7649.15
ORD005282,2025-04-23,Ahmedabad,Electronics,Sony WH-1000XM5,2,29999,10,53998.2
ORD005283,2025-09-06,Kolkata,Electronics,OnePlus 12,1,64999,5,61749.05
ORD005284,2026-03-04,Mumbai,Fashion,Levi's Jeans,1,2499,0,2499.0
ORD005285,2026-06-01,Mumbai,Home,Philips Air Fryer,1,8999,15,7649.15
ORD005286,2025-10-20,Pune,Electronics,OnePlus 12,1,64999,0,64999.0
ORD005287,2024-11-22,Pune,Fashion,Levi's Jeans,3,2499,0,7497.0
ORD005288,2025-08-06,Ahmedabad,Electronics,Sony WH-1000XM5,2,29999,5,56998.1
ORD005289,2026-05-09,Hyderabad,Home,Philips Air Fryer,1,8999,10,8099.1
ORD005290,2025-09-22,Bengaluru,Fashion,Nike Air Max,1,6999,10,6299.1
ORD005291,2025-07-09,Pune,Home,Philips Air Fryer,1,8999,0,8999.0
ORD005292,2025-01-06,Bengaluru,Home,Philips Air Fryer,1,8999,15,7649.15
ORD005293,2025-01-31,Kolkata,Electronics,OnePlus 12,1,64999,5,61749.05
ORD005294,2025-04-22,Chennai,Electronics,Apple iPhone 15,1,79999,10,71999.1
ORD005295,2025-06-21,Bengaluru,Fashion,Levi's Jeans,1,2499,0,2499.0
ORD005296,2025-07-31,Hyderabad,Electronics,Sony WH-1000XM5,1,29999,0,29999.0
ORD005297,2025-08-31,Delhi,Home,Philips Air Fryer,2,8999,10,16198.2
ORD005298,2024-09-22,Ahmedabad,Fashion,Levi's Jeans,1,2499,15,2124.15
ORD005299,2025-06-13,Bengaluru,Home,Philips Air Fryer,1,8999,15,7649.15
ORD005300,2025-04-16,Mumbai,Electronics,Sony WH-1000XM5,1,29999,15,25499.15
ORD005301,2024-10-18,Bengaluru,Fashion,Nike Air Max,1,6999,0,6999.0
ORD005302,2026-03-15,Mumbai,Home,Philips Air Fryer,1,8999,10,8099.1
ORD005303,2025-09-19,Mumbai,Electronics,OnePlus 12,1,64999,15,55249.15
ORD005304,2025-01-22,Mumbai,Electronics,Sony WH-1000XM5,3,29999,15,76497.45
ORD005305,2024-07-14,Ahmedabad,Fashion,Nike Air Max,3,6999,0,20997.0
ORD005306,2025-11-18,Delhi,Electronics,Sony WH-1000XM5,1,29999,15,25499.15
ORD005307,2025-06-11,Mumbai,Home,Philips Air Fryer,2,8999,10,16198.2
ORD005308,2024-06-16,Ahmedabad,Electronics,OnePlus 12,2,64999,0,129998.0
ORD005309,2026-02-03,Mumbai,Fashion,Levi's Jeans,2,2499,0,4998.0
ORD005310,2026-05-04,Bengaluru,Electronics,Sony WH-1000XM5,1,29999,0,29999.0
ORD005311,2026-02-12,Mumbai,Electronics,Apple iPhone 15,2,79999,5,151998.1
ORD005312,2024-12-21,Hyderabad,Electronics,OnePlus 12,1,64999,0,64999.0
ORD005313,2024-11-05,Kolkata,Fashion,Nike Air Max,1,6999,5,6649.05
ORD005314,2025-02-13,Delhi,Fashion,Nike Air Max,1,6999,10,6299.1
ORD005315,2024-09-11,Ahmedabad,Electronics,Samsung Galaxy S24,1,74999,5,71249.05
ORD005316,2026-06-08,Mumbai,Electronics,Apple iPhone 15,1,79999,15,67999.15
ORD005317,2025-02-21,Chennai,Electronics,OnePlus 12,3,64999,15,165747.45
ORD005318,2024-12-16,Hyderabad,Home,IKEA Study Table,3,12999,10,35097.3
ORD005319,2025-03-15,Mumbai,Fashion,Levi's Jeans,4,2499,5,9496.2
ORD005320,2025-09-10,Hyderabad,Fashion,Nike Air Max,1,6999,10,6299.1
ORD005321,2026-04-19,Pune,Fashion,Nike Air Max,1,6999,0,6999.0
ORD005322,2024-06-18,Ahmedabad,Electronics,Apple iPhone 15,2,79999,0,159998.0
ORD005323,2025-09-23,Hyderabad,Fashion,Nike Air Max,2,6999,5,13298.1
ORD005324,2025-04-28,Ahmedabad,Fashion,Levi's Jeans,2,2499,15,4248.3
ORD005325,2025-05-24,Bengaluru,Electronics,OnePlus 12,3,64999,10,175497.3
ORD005326,2025-03-30,Mumbai,Electronics,Samsung Galaxy S24,1,74999,15,63749.15
ORD005327,2025-11-14,Mumbai,Fashion,Nike Air Max,2,6999,15,11898.3
ORD005328,2024-12-13,Pune,Electronics,Sony WH-1000XM5,4,29999,15,101996.6
ORD005329,2024-07-13,Ahmedabad,Home,Philips Air Fryer,2,8999,10,16198.2
ORD005330,2026-02-27,Kolkata,Electronics,Apple iPhone 15,1,79999,10,71999.1
ORD005331,2025-04-21,Mumbai,Electronics,OnePlus 12,2,64999,15,110498.3
ORD005332,2026-04-24,Chennai,Electronics,OnePlus 12,1,64999,0,64999.0
ORD005333,2025-07-19,Delhi,Fashion,Nike Air Max,1,6999,10,6299.1
ORD005334,2026-03-21,Pune,Electronics,Apple iPhone 15,1,79999,5,75999.05
ORD005335,2025-12-01,Chennai,Home,Philips Air Fryer,1,8999,0,8999.0
ORD005336,2026-01-31,Mumbai,Home,Philips Air Fryer,1,8999,15,7649.15
ORD005337,2025-12-11,Hyderabad,Fashion,Nike Air Max,1,6999,10,6299.1
ORD005338,2024-08-27,Hyderabad,Electronics,Samsung Galaxy S24,1,74999,10,67499.1
ORD005339,2024-10-07,Ahmedabad,Home,IKEA Study Table,1,12999,0,12999.0
ORD005340,2024-09-20,Delhi,Fashion,Levi's Jeans,2,2499,10,4498.2
ORD005341,2025-12-21,Kolkata,Electronics,Samsung Galaxy S24,2,74999,10,134998.2
ORD005342,2025-06-23,Pune,Electronics,Apple iPhone 15,1,79999,15,67999.15
ORD005343,2025-10-26,Ahmedabad,Electronics,Samsung Galaxy S24,2,74999,15,127498.3
ORD005344,2024-11-13,Delhi,Fashion,Levi's Jeans,2,2499,15,4248.3
ORD005345,2024-07-21,Delhi,Home,Philips Air Fryer,1,8999,0,8999.0
ORD005346,2024-11-15,Hyderabad,Electronics,Sony WH-1000XM5,3,29999,15,76497.45
ORD005347,2025-11-22,Chennai,Home,IKEA Study Table,1,12999,0,12999.0
ORD005348,2025-07-17,Delhi,Home,IKEA Study Table,1,12999,5,12349.05
ORD005349,2024-10-27,Hyderabad,Home,IKEA Study Table,2,12999,0,25998.0
ORD005350,2026-03-08,Bengaluru,Electronics,Sony WH-1000XM5,3,29999,0,89997.0
ORD005351,2024-08-19,Ahmedabad,Electronics,OnePlus 12,1,64999,10,58499.1
ORD005352,2026-02-10,Bengaluru,Home,IKEA Study Table,1,12999,5,12349.05
ORD005353,2026-03-15,Delhi,Home,IKEA Study Table,1,12999,5,12349.05
ORD005354,2025-11-23,Bengaluru,Home,Philips Air Fryer,1,8999,0,8999.0
ORD005355,2026-02-17,Ahmedabad,Electronics,OnePlus 12,1,64999,5,61749.05
ORD005356,2025-05-31,Hyderabad,Home,IKEA Study Table,1,12999,5,12349.05
ORD005357,2025-07-20,Bengaluru,Electronics,OnePlus 12,1,64999,5,61749.05
ORD005358,2024-08-24,Bengaluru,Electronics,Sony WH-1000XM5,2,29999,10,53998.2
ORD005359,2024-06-19,Mumbai,Electronics,Apple iPhone 15,1,79999,5,75999.05
ORD005360,2024-07-28,Pune,Electronics,Samsung Galaxy S24,1,74999,0,74999.0
ORD005361,2025-01-31,Bengaluru,Home,Philips Air Fryer,2,8999,5,17098.1
ORD005362,2025-09-27,Hyderabad,Fashion,Levi's Jeans,1,2499,5,2374.05
ORD005363,2024-08-25,Mumbai,Home,IKEA Study Table,2,12999,5,24698.1
ORD005364,2025-04-23,Pune,Home,IKEA Study Table,1,12999,10,11699.1
ORD005365,2026-02-08,Bengaluru,Fashion,Nike Air Max,2,6999,10,12598.2
ORD005366,2025-05-14,Chennai,Home,Philips Air Fryer,1,8999,15,7649.15
ORD005367,2025-08-09,Delhi,Home,Philips Air Fryer,1,8999,0,8999.0
ORD005368,2025-06-04,Ahmedabad,Electronics,Sony WH-1000XM5,1,29999,0,29999.0
ORD005369,2025-06-24,Bengaluru,Fashion,Levi's Jeans,4,2499,5,9496.2
ORD005370,2026-01-01,Bengaluru,Electronics,OnePlus 12,2,64999,15,110498.3
ORD005371,2025-08-09,Kolkata,Electronics,OnePlus 12,1,64999,15,55249.15
ORD005372,2024-11-19,Ahmedabad,Electronics,Sony WH-1000XM5,1,29999,0,29999.0
ORD005373,2024-11-05,Hyderabad,Electronics,Apple iPhone 15,4,79999,15,271996.6
ORD005374,2026-05-12,Mumbai,Home,IKEA Study Table,1,12999,15,11049.15
ORD005375,2024-07-28,Delhi,Electronics,Sony WH-1000XM5,1,29999,0,29999.0
ORD005376,2026-03-13,Chennai,Home,Philips Air Fryer,2,8999,10,16198.2
ORD005377,2025-08-02,Bengaluru,Electronics,OnePlus 12,2,64999,10,116998.2
ORD005378,2025-07-31,Kolkata,Fashion,Levi's Jeans,1,2499,0,2499.0
ORD005379,2024-07-20,Kolkata,Fashion,Levi's Jeans,2,2499,5,4748.1
ORD005380,2024-12-31,Kolkata,Fashion,Levi's Jeans,1,2499,15,2124.15
ORD005381,2025-08-15,Kolkata,Fashion,Nike Air Max,1,6999,15,5949.15
ORD005382,2026-04-08,Ahmedabad,Home,Philips Air Fryer,1,8999,0,8999.0
ORD005383,2025-12-08,Delhi,Electronics,OnePlus 12,1,64999,0,64999.0
ORD005384,2026-01-16,Ahmedabad,Home,Philips Air Fryer,1,8999,10,8099.1
ORD005385,2025-10-30,Hyderabad,Fashion,Levi's Jeans,3,2499,0,7497.0
ORD005386,2024-12-02,Delhi,Home,IKEA Study Table,1,12999,15,11049.15
ORD005387,2026-05-12,Kolkata,Electronics,Samsung Galaxy S24,1,74999,5,71249.05
ORD005388,2025-01-06,Hyderabad,Fashion,Levi's Jeans,2,2499,0,4998.0
ORD005389,2025-12-11,Chennai,Home,Philips Air Fryer,1,8999,10,8099.1
ORD005390,2026-01-19,Bengaluru,Electronics,Apple iPhone 15,3,79999,5,227997.15
ORD005391,2025-09-16,Hyderabad,Home,Philips Air Fryer,2,8999,15,15298.3
ORD005392,2026-03-25,Hyderabad,Electronics,Sony WH-1000XM5,1,29999,5,28499.05
ORD005393,2024-12-11,Bengaluru,Home,Philips Air Fryer,1,8999,0,8999.0
ORD005394,2025-02-10,Chennai,Electronics,Samsung Galaxy S24,2,74999,0,149998.0
ORD005395,2025-07-20,Delhi,Fashion,Levi's Jeans,1,2499,10,2249.1
ORD005396,2025-11-26,Bengaluru,Fashion,Levi's Jeans,1,2499,0,2499.0
ORD005397,2024-10-09,Bengaluru,Home,IKEA Study Table,1,12999,5,12349.05
ORD005398,2024-06-15,Kolkata,Electronics,Sony WH-1000XM5,2,29999,10,53998.2
ORD005399,2025-01-13,Chennai,Fashion,Levi's Jeans,1,2499,5,2374.05
ORD005400,2026-02-27,Pune,Home,Philips Air Fryer,2,8999,15,15298.3
ORD005401,2026-04-03,Delhi,Electronics,OnePlus 12,3,64999,5,185247.15
ORD005402,2026-05-18,Mumbai,Home,IKEA Study Table,1,12999,15,11049.15
ORD005403,2025-04-15,Pune,Fashion,Nike Air Max,2,6999,10,12598.2
ORD005404,2025-11-05,Pune,Home,Philips Air Fryer,1,8999,15,7649.15
ORD005405,2025-08-28,Chennai,Electronics,Sony WH-1000XM5,2,29999,10,53998.2
ORD005406,2025-04-19,Ahmedabad,Home,Philips Air Fryer,1,8999,10,8099.1
ORD005407,2026-05-16,Ahmedabad,Electronics,Apple iPhone 15,2,79999,10,143998.2
ORD005408,2025-04-13,Delhi,Home,IKEA Study Table,2,12999,15,22098.3
ORD005409,2026-05-21,Bengaluru,Electronics,Sony WH-1000XM5,4,29999,15,101996.6
ORD005410,2026-01-14,Mumbai,Electronics,Sony WH-1000XM5,1,29999,0,29999.0
ORD005411,2026-05-25,Ahmedabad,Electronics,Apple iPhone 15,1,79999,5,75999.05
ORD005412,2024-08-01,Mumbai,Electronics,Samsung Galaxy S24,1,74999,5,71249.05
ORD005413,2024-07-01,Chennai,Electronics,Samsung Galaxy S24,1,74999,10,67499.1
ORD005414,2025-06-26,Hyderabad,Home,IKEA Study Table,2,12999,15,22098.3
ORD005415,2025-06-06,Chennai,Fashion,Nike Air Max,1,6999,15,5949.15
ORD005416,2026-04-09,Kolkata,Fashion,Nike Air Max,2,6999,10,12598.2
ORD005417,2024-07-31,Hyderabad,Fashion,Nike Air Max,1,6999,5,6649.05
ORD005418,2024-10-04,Mumbai,Home,IKEA Study Table,1,12999,0,12999.0
ORD005419,2025-07-19,Chennai,Electronics,Apple iPhone 15,1,79999,15,67999.15
ORD005420,2025-09-13,Hyderabad,Home,Philips Air Fryer,2,8999,5,17098.1
ORD005421,2025-09-04,Ahmedabad,Electronics,Apple iPhone 15,1,79999,15,67999.15
ORD005422,2024-08-12,Bengaluru,Fashion,Nike Air Max,1,6999,0,6999.0
ORD005423,2026-04-28,Hyderabad,Electronics,OnePlus 12,3,64999,10,175497.3
ORD005424,2025-04-28,Hyderabad,Electronics,Samsung Galaxy S24,2,74999,15,127498.3
ORD005425,2026-03-28,Delhi,Electronics,Apple iPhone 15,1,79999,5,75999.05
ORD005426,2026-03-11,Mumbai,Home,Philips Air Fryer,3,8999,15,22947.45
ORD005427,2024-12-29,Mumbai,Electronics,Sony WH-1000XM5,2,29999,15,50998.3
ORD005428,2024-08-17,Ahmedabad,Electronics,Samsung Galaxy S24,1,74999,5,71249.05
ORD005429,2025-01-18,Hyderabad,Electronics,Sony WH-1000XM5,1,29999,10,26999.1
ORD005430,2025-08-20,Mumbai,Electronics,OnePlus 12,3,64999,15,165747.45
ORD005431,2025-03-10,Mumbai,Electronics,OnePlus 12,1,64999,10,58499.1
ORD005432,2025-06-22,Pune,Electronics,Sony WH-1000XM5,1,29999,10,26999.1
ORD005433,2024-11-19,Ahmedabad,Electronics,Sony WH-1000XM5,1,29999,0,29999.0
ORD005434,2025-06-02,Kolkata,Electronics,Samsung Galaxy S24,2,74999,15,127498.3
ORD005435,2024-10-24,Chennai,Home,IKEA Study Table,1,12999,10,11699.1
ORD005436,2024-10-11,Delhi,Electronics,OnePlus 12,1,64999,0,64999.0
ORD005437,2025-02-07,Mumbai,Fashion,Nike Air Max,1,6999,10,6299.1
ORD005438,2025-05-31,Kolkata,Fashion,Levi's Jeans,1,2499,0,2499.0
ORD005439,2025-06-04,Kolkata,Electronics,Sony WH-1000XM5,1,29999,15,25499.15
ORD005440,2025-02-15,Chennai,Fashion,Levi's Jeans,4,2499,0,9996.0
ORD005441,2025-05-30,Hyderabad,Home,IKEA Study Table,2,12999,5,24698.1
ORD005442,2026-02-17,Bengaluru,Electronics,Apple iPhone 15,3,79999,0,239997.0
ORD005443,2025-01-15,Hyderabad,Home,Philips Air Fryer,1,8999,10,8099.1
ORD005444,2026-01-13,Delhi,Electronics,OnePlus 12,2,64999,0,129998.0
ORD005445,2024-08-30,Chennai,Electronics,Samsung Galaxy S24,1,74999,5,71249.05
ORD005446,2024-09-06,Kolkata,Fashion,Levi's Jeans,2,2499,0,4998.0
ORD005447,2026-05-27,Mumbai,Electronics,Sony WH-1000XM5,2,29999,5,56998.1
ORD005448,2026-02-13,Kolkata,Electronics,Sony WH-1000XM5,1,29999,15,25499.15
ORD005449,2026-04-26,Kolkata,Home,IKEA Study Table,1,12999,15,11049.15
ORD005450,2026-01-07,Hyderabad,Fashion,Nike Air Max,2,6999,0,13998.0
ORD005451,2025-09-20,Hyderabad,Electronics,Samsung Galaxy S24,1,74999,15,63749.15
ORD005452,2024-09-23,Chennai,Electronics,OnePlus 12,1,64999,5,61749.05
ORD005453,2026-04-14,Pune,Home,Philips Air Fryer,2,8999,10,16198.2
ORD005454,2024-06-12,Bengaluru,Home,Philips Air Fryer,1,8999,5,8549.05
ORD005455,2024-06-20,Ahmedabad,Home,Philips Air Fryer,1,8999,10,8099.1
ORD005456,2025-02-25,Kolkata,Fashion,Levi's Jeans,1,2499,15,2124.15
ORD005457,2025-06-19,Pune,Fashion,Levi's Jeans,3,2499,5,7122.15
ORD005458,2025-08-15,Ahmedabad,Home,IKEA Study Table,1,12999,0,12999.0
ORD005459,2025-01-10,Pune,Home,Philips Air Fryer,1,8999,5,8549.05
ORD005460,2026-05-11,Kolkata,Fashion,Nike Air Max,1,6999,0,6999.0
ORD005461,2024-07-10,Ahmedabad,Electronics,OnePlus 12,1,64999,5,61749.05
ORD005462,2025-07-21,Ahmedabad,Fashion,Nike Air Max,2,6999,10,12598.2
ORD005463,2025-09-11,Delhi,Electronics,Apple iPhone 15,3,79999,5,227997.15
ORD005464,2025-09-06,Delhi,Electronics,OnePlus 12,1,64999,5,61749.05
ORD005465,2025-05-25,Bengaluru,Home,IKEA Study Table,1,12999,0,12999.0
ORD005466,2026-01-27,Mumbai,Electronics,OnePlus 12,1,64999,0,64999.0
ORD005467,2026-05-07,Kolkata,Home,Philips Air Fryer,1,8999,10,8099.1
ORD005468,2024-09-29,Kolkata,Electronics,Apple iPhone 15,2,79999,10,143998.2
ORD005469,2026-02-13,Pune,Home,IKEA Study Table,1,12999,10,11699.1
ORD005470,2025-05-11,Chennai,Home,IKEA Study Table,1,12999,10,11699.1
ORD005471,2026-06-04,Mumbai,Electronics,Sony WH-1000XM5,1,29999,0,29999.0
ORD005472,2025-12-30,Pune,Home,IKEA Study Table,2,12999,15,22098.3
ORD005473,2024-11-27,Kolkata,Fashion,Nike Air Max,1,6999,10,6299.1
ORD005474,2025-06-03,Chennai,Electronics,Apple iPhone 15,1,79999,10,71999.1
ORD005475,2025-05-15,Hyderabad,Home,Philips Air Fryer,1,8999,5,8549.05
ORD005476,2025-07-07,Bengaluru,Home,IKEA Study Table,1,12999,0,12999.0
ORD005477,2025-10-15,Pune,Electronics,Apple iPhone 15,2,79999,15,135998.3
ORD005478,2025-11-22,Pune,Electronics,OnePlus 12,1,64999,15,55249.15
ORD005479,2026-03-26,Chennai,Electronics,OnePlus 12,1,64999,0,64999.0
ORD005480,2025-03-19,Bengaluru,Electronics,Samsung Galaxy S24,1,74999,0,74999.0
ORD005481,2025-01-31,Bengaluru,Home,Philips Air Fryer,2,8999,0,17998.0
ORD005482,2026-01-07,Mumbai,Electronics,Apple iPhone 15,2,79999,15,135998.3
ORD005483,2026-01-15,Pune,Home,Philips Air Fryer,1,8999,0,8999.0
ORD005484,2024-11-25,Delhi,Electronics,Apple iPhone 15,1,79999,5,75999.05
ORD005485,2025-05-24,Ahmedabad,Home,IKEA Study Table,2,12999,5,24698.1
ORD005486,2026-02-27,Hyderabad,Electronics,Sony WH-1000XM5,1,29999,15,25499.15
ORD005487,2024-07-03,Chennai,Home,IKEA Study Table,3,12999,5,37047.15
ORD005488,2025-02-13,Kolkata,Electronics,Apple iPhone 15,1,79999,10,71999.1
ORD005489,2025-05-17,Delhi,Home,Philips Air Fryer,3,8999,5,25647.15
ORD005490,2024-10-16,Mumbai,Fashion,Nike Air Max,1,6999,15,5949.15
ORD005491,2025-07-20,Bengaluru,Home,IKEA Study Table,1,12999,0,12999.0
ORD005492,2025-09-09,Chennai,Electronics,Sony WH-1000XM5,1,29999,10,26999.1
ORD005493,2024-12-30,Kolkata,Electronics,Apple iPhone 15,2,79999,10,143998.2
ORD005494,2025-05-17,Kolkata,Electronics,Apple iPhone 15,1,79999,0,79999.0
ORD005495,2024-06-19,Hyderabad,Electronics,Sony WH-1000XM5,1,29999,10,26999.1
ORD005496,2025-08-10,Pune,Electronics,Apple iPhone 15,1,79999,5,75999.05
ORD005497,2024-11-18,Kolkata,Electronics,Samsung Galaxy S24,1,74999,10,67499.1
ORD005498,2024-12-29,Bengaluru,Electronics,Apple iPhone 15,2,79999,0,159998.0
ORD005499,2025-07-13,Mumbai,Electronics,Sony WH-1000XM5,4,29999,10,107996.4
ORD005500,2025-10-05,Pune,Electronics,Sony WH-1000XM5,1,29999,15,25499.15
ORD005501,2026-03-30,Pune,Fashion,Nike Air Max,2,6999,15,11898.3
ORD005502,2026-04-29,Kolkata,Electronics,Apple iPhone 15,1,79999,15,67999.15
ORD005503,2026-05-05,Delhi,Home,IKEA Study Table,1,12999,5,12349.05
ORD005504,2025-02-12,Chennai,Fashion,Levi's Jeans,2,2499,10,4498.2
ORD005505,2024-09-26,Ahmedabad,Home,Philips Air Fryer,1,8999,10,8099.1
ORD005506,2025-12-26,Mumbai,Home,IKEA Study Table,1,12999,10,11699.1
ORD005507,2026-01-02,Ahmedabad,Electronics,Sony WH-1000XM5,2,29999,15,50998.3
ORD005508,2024-12-13,Ahmedabad,Fashion,Levi's Jeans,2,2499,0,4998.0
ORD005509,2025-04-30,Kolkata,Electronics,Sony WH-1000XM5,3,29999,10,80997.3
ORD005510,2025-04-27,Pune,Electronics,Sony WH-1000XM5,2,29999,5,56998.1
ORD005511,2024-11-25,Chennai,Fashion,Nike Air Max,1,6999,15,5949.15
ORD005512,2024-09-18,Bengaluru,Home,IKEA Study Table,2,12999,5,24698.1
ORD005513,2026-05-29,Delhi,Home,IKEA Study Table,1,12999,15,11049.15
ORD005514,2025-06-15,Chennai,Electronics,Apple iPhone 15,1,79999,0,79999.0
ORD005515,2026-01-05,Bengaluru,Fashion,Nike Air Max,3,6999,10,18897.3
ORD005516,2026-05-17,Pune,Electronics,Sony WH-1000XM5,1,29999,10,26999.1
ORD005517,2024-06-26,Pune,Home,Philips Air Fryer,3,8999,10,24297.3
ORD005518,2026-02-23,Delhi,Fashion,Nike Air Max,2,6999,10,12598.2
ORD005519,2025-12-07,Kolkata,Home,Philips Air Fryer,2,8999,0,17998.0
ORD005520,2025-10-07,Kolkata,Electronics,Sony WH-1000XM5,1,29999,15,25499.15
ORD005521,2026-03-18,Chennai,Fashion,Levi's Jeans,1,2499,0,2499.0
ORD005522,2025-09-18,Kolkata,Fashion,Nike Air Max,1,6999,0,6999.0
ORD005523,2025-04-05,Ahmedabad,Fashion,Levi's Jeans,2,2499,0,4998.0
ORD005524,2025-03-09,Mumbai,Electronics,Samsung Galaxy S24,1,74999,10,67499.1
ORD005525,2025-05-11,Pune,Electronics,OnePlus 12,3,64999,0,194997.0
ORD005526,2025-05-10,Hyderabad,Home,Philips Air Fryer,1,8999,0,8999.0
ORD005527,2025-06-13,Hyderabad,Electronics,Samsung Galaxy S24,1,74999,10,67499.1
ORD005528,2026-01-05,Hyderabad,Home,IKEA Study Table,1,12999,0,12999.0
ORD005529,2025-06-30,Hyderabad,Electronics,Sony WH-1000XM5,2,29999,15,50998.3
ORD005530,2024-07-02,Bengaluru,Electronics,Apple iPhone 15,2,79999,5,151998.1
ORD005531,2025-03-21,Delhi,Home,Philips Air Fryer,1,8999,5,8549.05
ORD005532,2024-12-31,Chennai,Electronics,Apple iPhone 15,2,79999,15,135998.3
ORD005533,2025-08-11,Bengaluru,Electronics,Apple iPhone 15,1,79999,15,67999.15
ORD005534,2025-09-04,Ahmedabad,Electronics,Samsung Galaxy S24,1,74999,5,71249.05
ORD005535,2025-12-31,Ahmedabad,Home,Philips Air Fryer,1,8999,0,8999.0
ORD005536,2025-04-24,Mumbai,Home,Philips Air Fryer,1,8999,0,8999.0
ORD005537,2026-01-04,Delhi,Electronics,OnePlus 12,4,64999,15,220996.6
ORD005538,2024-11-26,Bengaluru,Fashion,Levi's Jeans,1,2499,0,2499.0
ORD005539,2025-11-27,Hyderabad,Electronics,OnePlus 12,1,64999,5,61749.05
ORD005540,2025-11-29,Kolkata,Electronics,Apple iPhone 15,1,79999,5,75999.05
ORD005541,2026-03-03,Kolkata,Home,Philips Air Fryer,1,8999,15,7649.15
ORD005542,2024-08-07,Pune,Fashion,Nike Air Max,2,6999,0,13998.0
ORD005543,2024-10-17,Chennai,Home,IKEA Study Table,3,12999,0,38997.0
ORD005544,2025-01-01,Ahmedabad,Electronics,OnePlus 12,2,64999,10,116998.2
ORD005545,2025-05-28,Bengaluru,Electronics,Samsung Galaxy S24,1,74999,0,74999.0
ORD005546,2025-05-04,Pune,Electronics,Sony WH-1000XM5,1,29999,10,26999.1
ORD005547,2026-02-22,Chennai,Home,IKEA Study Table,1,12999,15,11049.15
ORD005548,2025-09-17,Ahmedabad,Home,Philips Air Fryer,3,8999,5,25647.15
ORD005549,2025-11-30,Delhi,Electronics,Apple iPhone 15,1,79999,15,67999.15
ORD005550,2025-10-16,Delhi,Home,IKEA Study Table,2,12999,15,22098.3
ORD005551,2025-09-27,Ahmedabad,Electronics,Samsung Galaxy S24,1,74999,10,67499.1
ORD005552,2024-07-31,Bengaluru,Fashion,Nike Air Max,1,6999,5,6649.05
ORD005553,2025-07-16,Hyderabad,Home,IKEA Study Table,2,12999,15,22098.3
ORD005554,2025-06-05,Mumbai,Electronics,Samsung Galaxy S24,1,74999,0,74999.0
ORD005555,2025-04-18,Mumbai,Electronics,Sony WH-1000XM5,3,29999,10,80997.3
ORD005556,2024-11-09,Chennai,Electronics,OnePlus 12,2,64999,10,116998.2
ORD005557,2024-08-03,Hyderabad,Electronics,Samsung Galaxy S24,2,74999,5,142498.1
ORD005558,2024-08-16,Ahmedabad,Fashion,Levi's Jeans,3,2499,10,6747.3
ORD005559,2025-09-13,Mumbai,Home,IKEA Study Table,1,12999,5,12349.05
ORD005560,2025-04-16,Delhi,Fashion,Levi's Jeans,1,2499,5,2374.05
ORD005561,2026-04-24,Hyderabad,Electronics,Samsung Galaxy S24,1,74999,10,67499.1
ORD005562,2024-12-17,Chennai,Home,Philips Air Fryer,2,8999,0,17998.0
ORD005563,2024-11-09,Bengaluru,Home,IKEA Study Table,1,12999,5,12349.05
ORD005564,2024-10-10,Kolkata,Fashion,Nike Air Max,1,6999,10,6299.1
ORD005565,2025-03-24,Delhi,Home,IKEA Study Table,1,12999,10,11699.1
ORD005566,2025-03-06,Hyderabad,Electronics,Samsung Galaxy S24,1,74999,0,74999.0
ORD005567,2025-08-08,Delhi,Electronics,Apple iPhone 15,1,79999,10,71999.1
ORD005568,2026-01-23,Ahmedabad,Home,IKEA Study Table,1,12999,15,11049.15
ORD005569,2026-01-11,Chennai,Electronics,Samsung Galaxy S24,1,74999,0,74999.0
ORD005570,2025-12-12,Delhi,Electronics,Apple iPhone 15,1,79999,15,67999.15
ORD005571,2024-08-24,Chennai,Electronics,Samsung Galaxy S24,1,74999,0,74999.0
ORD005572,2025-05-09,Delhi,Electronics,Samsung Galaxy S24,3,74999,10,202497.3
ORD005573,2025-12-10,Bengaluru,Home,Philips Air Fryer,1,8999,15,7649.15
ORD005574,2025-10-06,Kolkata,Electronics,Samsung Galaxy S24,3,74999,0,224997.0
ORD005575,2024-09-14,Mumbai,Electronics,Samsung Galaxy S24,1,74999,0,74999.0
ORD005576,2025-06-16,Ahmedabad,Home,Philips Air Fryer,2,8999,10,16198.2
ORD005577,2024-09-11,Mumbai,Fashion,Levi's Jeans,1,2499,15,2124.15
ORD005578,2025-06-27,Bengaluru,Home,Philips Air Fryer,2,8999,0,17998.0
ORD005579,2025-05-30,Delhi,Home,Philips Air Fryer,2,8999,5,17098.1
ORD005580,2024-07-27,Bengaluru,Electronics,Samsung Galaxy S24,1,74999,10,67499.1
ORD005581,2025-08-20,Mumbai,Electronics,Sony WH-1000XM5,1,29999,0,29999.0
ORD005582,2024-12-07,Ahmedabad,Electronics,OnePlus 12,1,64999,5,61749.05
ORD005583,2024-11-22,Mumbai,Fashion,Nike Air Max,4,6999,10,25196.4
ORD005584,2025-12-21,Bengaluru,Fashion,Nike Air Max,3,6999,5,19947.15
ORD005585,2024-11-18,Hyderabad,Fashion,Levi's Jeans,2,2499,0,4998.0
ORD005586,2024-12-08,Kolkata,Electronics,OnePlus 12,1,64999,15,55249.15
ORD005587,2025-07-26,Hyderabad,Electronics,Apple iPhone 15,1,79999,0,79999.0
ORD005588,2025-10-30,Mumbai,Fashion,Nike Air Max,2,6999,5,13298.1
ORD005589,2025-01-24,Ahmedabad,Electronics,Samsung Galaxy S24,4,74999,15,254996.6
ORD005590,2026-05-02,Bengaluru,Electronics,Sony WH-1000XM5,1,29999,5,28499.05
ORD005591,2025-02-27,Mumbai,Electronics,OnePlus 12,3,64999,10,175497.3
ORD005592,2024-10-30,Bengaluru,Electronics,Apple iPhone 15,4,79999,5,303996.2
ORD005593,2025-07-10,Chennai,Electronics,OnePlus 12,2,64999,0,129998.0
ORD005594,2025-03-12,Pune,Home,Philips Air Fryer,1,8999,0,8999.0
ORD005595,2025-11-07,Delhi,Electronics,Apple iPhone 15,3,79999,0,239997.0
ORD005596,2025-01-13,Delhi,Fashion,Levi's Jeans,1,2499,5,2374.05
ORD005597,2024-06-17,Chennai,Electronics,Samsung Galaxy S24,1,74999,5,71249.05
ORD005598,2026-02-21,Delhi,Electronics,OnePlus 12,1,64999,0,64999.0
ORD005599,2024-09-12,Chennai,Electronics,OnePlus 12,1,64999,10,58499.1
ORD005600,2026-05-02,Bengaluru,Home,Philips Air Fryer,2,8999,10,16198.2
ORD005601,2026-04-28,Hyderabad,Electronics,Sony WH-1000XM5,1,29999,15,25499.15
ORD005602,2026-04-04,Mumbai,Fashion,Levi's Jeans,2,2499,15,4248.3
ORD005603,2026-05-02,Ahmedabad,Electronics,OnePlus 12,1,64999,15,55249.15
ORD005604,2026-05-24,Chennai,Electronics,Sony WH-1000XM5,1,29999,0,29999.0
ORD005605,2024-07-07,Kolkata,Electronics,Sony WH-1000XM5,1,29999,15,25499.15
ORD005606,2025-08-29,Bengaluru,Electronics,Sony WH-1000XM5,1,29999,10,26999.1
ORD005607,2025-04-07,Ahmedabad,Home,IKEA Study Table,2,12999,10,23398.2
ORD005608,2025-03-07,Ahmedabad,Electronics,Samsung Galaxy S24,1,74999,5,71249.05
ORD005609,2024-12-22,Pune,Home,Philips Air Fryer,1,8999,10,8099.1
ORD005610,2025-02-26,Bengaluru,Fashion,Levi's Jeans,1,2499,15,2124.15
ORD005611,2025-11-07,Ahmedabad,Fashion,Nike Air Max,2,6999,0,13998.0
ORD005612,2024-06-17,Kolkata,Home,Philips Air Fryer,1,8999,10,8099.1
ORD005613,2025-07-13,Chennai,Fashion,Nike Air Max,1,6999,15,5949.15
ORD005614,2024-09-05,Hyderabad,Electronics,OnePlus 12,1,64999,15,55249.15
ORD005615,2025-05-28,Delhi,Home,Philips Air Fryer,1,8999,10,8099.1
ORD005616,2026-03-15,Bengaluru,Fashion,Nike Air Max,1,6999,15,5949.15
ORD005617,2025-07-16,Hyderabad,Fashion,Nike Air Max,2,6999,5,13298.1
ORD005618,2024-06-16,Kolkata,Electronics,Sony WH-1000XM5,3,29999,15,76497.45
ORD005619,2025-07-10,Kolkata,Electronics,OnePlus 12,1,64999,10,58499.1
ORD005620,2025-03-28,Ahmedabad,Electronics,Samsung Galaxy S24,1,74999,15,63749.15
ORD005621,2024-08-01,Chennai,Electronics,Sony WH-1000XM5,2,29999,5,56998.1
ORD005622,2025-07-13,Ahmedabad,Fashion,Levi's Jeans,1,2499,10,2249.1
ORD005623,2025-04-13,Delhi,Fashion,Nike Air Max,1,6999,15,5949.15
ORD005624,2025-02-21,Ahmedabad,Electronics,Apple iPhone 15,1,79999,0,79999.0
ORD005625,2026-04-12,Delhi,Electronics,OnePlus 12,1,64999,15,55249.15
ORD005626,2025-10-27,Delhi,Electronics,Samsung Galaxy S24,1,74999,10,67499.1
ORD005627,2025-03-03,Kolkata,Electronics,Samsung Galaxy S24,1,74999,5,71249.05
ORD005628,2024-11-04,Kolkata,Electronics,Samsung Galaxy S24,1,74999,0,74999.0
ORD005629,2025-12-08,Mumbai,Electronics,Sony WH-1000XM5,1,29999,15,25499.15
ORD005630,2026-03-13,Pune,Home,IKEA Study Table,2,12999,0,25998.0
ORD005631,2026-06-04,Kolkata,Fashion,Levi's Jeans,1,2499,15,2124.15
ORD005632,2024-10-14,Ahmedabad,Electronics,Apple iPhone 15,1,79999,5,75999.05
ORD005633,2025-07-27,Bengaluru,Fashion,Levi's Jeans,1,2499,0,2499.0
ORD005634,2025-02-09,Delhi,Electronics,Samsung Galaxy S24,4,74999,15,254996.6
ORD005635,2025-11-26,Ahmedabad,Fashion,Levi's Jeans,2,2499,15,4248.3
ORD005636,2024-08-30,Bengaluru,Electronics,OnePlus 12,1,64999,10,58499.1
ORD005637,2025-08-08,Chennai,Electronics,OnePlus 12,1,64999,10,58499.1
ORD005638,2025-05-04,Pune,Home,Philips Air Fryer,1,8999,5,8549.05
ORD005639,2024-06-22,Mumbai,Home,IKEA Study Table,1,12999,10,11699.1
ORD005640,2025-02-15,Pune,Electronics,Sony WH-1000XM5,1,29999,10,26999.1
ORD005641,2026-03-30,Ahmedabad,Electronics,Samsung Galaxy S24,1,74999,15,63749.15
ORD005642,2026-01-02,Ahmedabad,Fashion,Levi's Jeans,1,2499,0,2499.0
ORD005643,2025-11-16,Ahmedabad,Home,IKEA Study Table,4,12999,0,51996.0
ORD005644,2025-01-04,Pune,Electronics,Sony WH-1000XM5,1,29999,5,28499.05
ORD005645,2024-12-07,Pune,Electronics,Apple iPhone 15,1,79999,15,67999.15
ORD005646,2024-06-24,Pune,Electronics,OnePlus 12,1,64999,0,64999.0
ORD005647,2024-12-07,Hyderabad,Home,Philips Air Fryer,2,8999,5,17098.1
ORD005648,2025-12-15,Delhi,Electronics,Apple iPhone 15,2,79999,0,159998.0
ORD005649,2024-11-29,Delhi,Electronics,Sony WH-1000XM5,1,29999,10,26999.1
ORD005650,2026-04-22,Kolkata,Home,IKEA Study Table,3,12999,15,33147.45
ORD005651,2025-02-17,Pune,Electronics,Sony WH-1000XM5,4,29999,10,107996.4
ORD005652,2025-04-01,Pune,Fashion,Levi's Jeans,1,2499,10,2249.1
ORD005653,2026-04-13,Kolkata,Electronics,Apple iPhone 15,4,79999,15,271996.6
ORD005654,2024-11-10,Pune,Electronics,Sony WH-1000XM5,1,29999,10,26999.1
ORD005655,2025-06-22,Pune,Electronics,Samsung Galaxy S24,1,74999,10,67499.1
ORD005656,2025-10-27,Bengaluru,Electronics,Apple iPhone 15,1,79999,10,71999.1
ORD005657,2025-05-13,Ahmedabad,Electronics,Apple iPhone 15,1,79999,15,67999.15
ORD005658,2024-07-28,Pune,Electronics,Samsung Galaxy S24,1,74999,0,74999.0
ORD005659,2025-06-13,Pune,Electronics,Apple iPhone 15,1,79999,5,75999.05
ORD005660,2024-06-23,Hyderabad,Electronics,Sony WH-1000XM5,1,29999,10,26999.1
ORD005661,2025-05-30,Delhi,Fashion,Levi's Jeans,3,2499,0,7497.0
ORD005662,2024-07-18,Mumbai,Fashion,Nike Air Max,1,6999,15,5949.15
ORD005663,2024-10-31,Kolkata,Home,IKEA Study Table,1,12999,0,12999.0
ORD005664,2025-08-03,Mumbai,Electronics,Samsung Galaxy S24,1,74999,15,63749.15
ORD005665,2026-04-19,Pune,Electronics,Samsung Galaxy S24,1,74999,15,63749.15
ORD005666,2026-01-22,Delhi,Electronics,Samsung Galaxy S24,2,74999,0,149998.0
ORD005667,2025-11-25,Hyderabad,Electronics,OnePlus 12,2,64999,0,129998.0
ORD005668,2025-04-02,Kolkata,Electronics,Apple iPhone 15,4,79999,10,287996.4
ORD005669,2024-07-11,Hyderabad,Electronics,Apple iPhone 15,1,79999,0,79999.0
ORD005670,2026-03-20,Hyderabad,Electronics,Samsung Galaxy S24,1,74999,15,63749.15
ORD005671,2025-07-11,Pune,Fashion,Nike Air Max,1,6999,15,5949.15
ORD005672,2026-05-29,Chennai,Electronics,Sony WH-1000XM5,4,29999,15,101996.6
ORD005673,2025-03-15,Delhi,Home,IKEA Study Table,1,12999,15,11049.15
ORD005674,2025-11-11,Mumbai,Electronics,Samsung Galaxy S24,1,74999,0,74999.0
ORD005675,2024-10-06,Ahmedabad,Home,IKEA Study Table,1,12999,0,12999.0
ORD005676,2025-06-15,Bengaluru,Electronics,Samsung Galaxy S24,2,74999,10,134998.2
ORD005677,2024-09-11,Chennai,Electronics,Sony WH-1000XM5,2,29999,0,59998.0
ORD005678,2024-10-03,Delhi,Fashion,Levi's Jeans,3,2499,0,7497.0
ORD005679,2024-06-15,Chennai,Electronics,Samsung Galaxy S24,3,74999,5,213747.15
ORD005680,2026-05-17,Bengaluru,Electronics,Apple iPhone 15,1,79999,15,67999.15
ORD005681,2024-09-20,Chennai,Home,Philips Air Fryer,1,8999,10,8099.1
ORD005682,2025-10-20,Bengaluru,Fashion,Nike Air Max,1,6999,10,6299.1
ORD005683,2026-02-21,Mumbai,Home,IKEA Study Table,2,12999,0,25998.0
ORD005684,2026-01-06,Kolkata,Electronics,OnePlus 12,2,64999,10,116998.2
ORD005685,2025-01-26,Hyderabad,Electronics,Samsung Galaxy S24,3,74999,15,191247.45
ORD005686,2025-10-06,Delhi,Fashion,Nike Air Max,1,6999,10,6299.1
ORD005687,2024-12-07,Chennai,Electronics,Apple iPhone 15,1,79999,0,79999.0
ORD005688,2026-05-14,Delhi,Home,Philips Air Fryer,1,8999,15,7649.15
ORD005689,2025-08-01,Bengaluru,Fashion,Nike Air Max,1,6999,10,6299.1
ORD005690,2025-11-19,Kolkata,Electronics,OnePlus 12,1,64999,0,64999.0
ORD005691,2026-04-16,Chennai,Electronics,OnePlus 12,1,64999,5,61749.05
ORD005692,2026-03-01,Ahmedabad,Home,Philips Air Fryer,1,8999,10,8099.1
ORD005693,2025-02-21,Pune,Electronics,Apple iPhone 15,1,79999,0,79999.0
ORD005694,2025-11-20,Pune,Fashion,Levi's Jeans,3,2499,10,6747.3
ORD005695,2025-01-31,Ahmedabad,Electronics,Sony WH-1000XM5,1,29999,15,25499.15
ORD005696,2025-04-15,Pune,Electronics,OnePlus 12,1,64999,15,55249.15
ORD005697,2026-04-11,Ahmedabad,Electronics,Apple iPhone 15,1,79999,15,67999.15
ORD005698,2024-10-06,Kolkata,Electronics,Apple iPhone 15,2,79999,0,159998.0
ORD005699,2025-04-16,Kolkata,Electronics,OnePlus 12,1,64999,0,64999.0
ORD005700,2024-07-14,Pune,Home,Philips Air Fryer,1,8999,0,8999.0
ORD005701,2026-05-08,Bengaluru,Fashion,Nike Air Max,3,6999,5,19947.15
ORD005702,2026-04-24,Bengaluru,Electronics,Sony WH-1000XM5,1,29999,5,28499.05
ORD005703,2025-07-29,Mumbai,Electronics,OnePlus 12,1,64999,10,58499.1
ORD005704,2025-12-03,Delhi,Fashion,Levi's Jeans,1,2499,5,2374.05
ORD005705,2024-10-06,Mumbai,Fashion,Nike Air Max,4,6999,10,25196.4
ORD005706,2024-08-24,Hyderabad,Electronics,Apple iPhone 15,1,79999,0,79999.0
ORD005707,2024-11-05,Delhi,Home,IKEA Study Table,2,12999,0,25998.0
ORD005708,2025-05-17,Pune,Fashion,Nike Air Max,3,6999,0,20997.0
ORD005709,2025-12-23,Chennai,Electronics,Sony WH-1000XM5,1,29999,0,29999.0
ORD005710,2025-06-06,Bengaluru,Electronics,Sony WH-1000XM5,1,29999,15,25499.15
ORD005711,2024-07-28,Mumbai,Electronics,OnePlus 12,2,64999,5,123498.1
ORD005712,2025-08-15,Kolkata,Home,Philips Air Fryer,1,8999,10,8099.1
ORD005713,2025-04-18,Delhi,Electronics,Apple iPhone 15,1,79999,15,67999.15
ORD005714,2025-08-27,Pune,Electronics,Apple iPhone 15,1,79999,0,79999.0
ORD005715,2026-04-25,Hyderabad,Electronics,Apple iPhone 15,3,79999,0,239997.0
ORD005716,2025-10-06,Chennai,Fashion,Nike Air Max,1,6999,0,6999.0
ORD005717,2025-05-10,Hyderabad,Electronics,OnePlus 12,2,64999,0,129998.0
ORD005718,2025-05-17,Kolkata,Fashion,Levi's Jeans,1,2499,15,2124.15
ORD005719,2025-07-16,Mumbai,Fashion,Levi's Jeans,2,2499,5,4748.1
ORD005720,2026-04-21,Mumbai,Electronics,OnePlus 12,1,64999,5,61749.05
ORD005721,2024-11-16,Kolkata,Home,Philips Air Fryer,1,8999,10,8099.1
ORD005722,2025-07-24,Kolkata,Electronics,Apple iPhone 15,2,79999,5,151998.1
ORD005723,2024-07-19,Delhi,Electronics,Samsung Galaxy S24,2,74999,0,149998.0
ORD005724,2025-07-01,Ahmedabad,Home,IKEA Study Table,1,12999,5,12349.05
ORD005725,2024-07-14,Chennai,Electronics,Apple iPhone 15,1,79999,10,71999.1
ORD005726,2026-06-05,Hyderabad,Fashion,Nike Air Max,3,6999,10,18897.3
ORD005727,2024-11-24,Bengaluru,Electronics,Apple iPhone 15,1,79999,10,71999.1
ORD005728,2025-06-18,Mumbai,Electronics,Apple iPhone 15,2,79999,15,135998.3
ORD005729,2024-10-08,Ahmedabad,Fashion,Levi's Jeans,1,2499,5,2374.05
ORD005730,2025-05-14,Ahmedabad,Electronics,Apple iPhone 15,1,79999,0,79999.0
ORD005731,2026-05-03,Delhi,Fashion,Nike Air Max,1,6999,5,6649.05
ORD005732,2025-04-20,Kolkata,Home,IKEA Study Table,2,12999,10,23398.2
ORD005733,2025-07-12,Bengaluru,Electronics,Apple iPhone 15,1,79999,10,71999.1
ORD005734,2025-06-30,Ahmedabad,Home,IKEA Study Table,1,12999,5,12349.05
ORD005735,2025-04-26,Bengaluru,Electronics,Samsung Galaxy S24,1,74999,0,74999.0
ORD005736,2025-11-23,Hyderabad,Fashion,Nike Air Max,1,6999,0,6999.0
ORD005737,2025-03-14,Bengaluru,Electronics,Sony WH-1000XM5,1,29999,15,25499.15
ORD005738,2024-08-29,Kolkata,Home,Philips Air Fryer,1,8999,10,8099.1
ORD005739,2025-09-10,Chennai,Home,IKEA Study Table,3,12999,5,37047.15
ORD005740,2025-03-13,Delhi,Electronics,Apple iPhone 15,1,79999,5,75999.05
ORD005741,2025-02-01,Delhi,Electronics,OnePlus 12,3,64999,5,185247.15
ORD005742,2026-04-05,Hyderabad,Fashion,Levi's Jeans,1,2499,0,2499.0
ORD005743,2024-11-27,Hyderabad,Electronics,Samsung Galaxy S24,1,74999,5,71249.05
ORD005744,2026-03-20,Delhi,Electronics,Samsung Galaxy S24,2,74999,10,134998.2
ORD005745,2024-10-27,Chennai,Home,Philips Air Fryer,2,8999,10,16198.2
ORD005746,2026-03-14,Ahmedabad,Fashion,Nike Air Max,1,6999,0,6999.0
ORD005747,2026-01-26,Mumbai,Electronics,OnePlus 12,2,64999,15,110498.3
ORD005748,2025-10-27,Kolkata,Electronics,OnePlus 12,1,64999,10,58499.1
ORD005749,2026-04-11,Delhi,Electronics,Apple iPhone 15,1,79999,5,75999.05
ORD005750,2026-03-18,Hyderabad,Electronics,OnePlus 12,2,64999,10,116998.2
ORD005751,2026-03-02,Pune,Fashion,Nike Air Max,1,6999,5,6649.05
ORD005752,2025-06-29,Ahmedabad,Fashion,Nike Air Max,2,6999,5,13298.1
ORD005753,2026-04-04,Bengaluru,Electronics,Sony WH-1000XM5,1,29999,0,29999.0
ORD005754,2026-04-19,Kolkata,Home,Philips Air Fryer,1,8999,0,8999.0
ORD005755,2025-11-28,Bengaluru,Electronics,OnePlus 12,1,64999,10,58499.1
ORD005756,2025-04-08,Hyderabad,Electronics,OnePlus 12,2,64999,0,129998.0
ORD005757,2026-02-10,Pune,Electronics,Samsung Galaxy S24,1,74999,5,71249.05
ORD005758,2026-05-13,Ahmedabad,Fashion,Nike Air Max,2,6999,5,13298.1
ORD005759,2025-10-25,Mumbai,Home,Philips Air Fryer,2,8999,15,15298.3
ORD005760,2026-05-24,Chennai,Home,Philips Air Fryer,1,8999,5,8549.05
ORD005761,2024-12-08,Delhi,Electronics,Apple iPhone 15,4,79999,0,319996.0
ORD005762,2024-07-02,Chennai,Electronics,OnePlus 12,1,64999,10,58499.1
ORD005763,2025-04-29,Ahmedabad,Electronics,Apple iPhone 15,1,79999,0,79999.0
ORD005764,2025-03-08,Pune,Electronics,Samsung Galaxy S24,2,74999,0,149998.0
ORD005765,2026-02-06,Chennai,Electronics,Sony WH-1000XM5,2,29999,5,56998.1
ORD005766,2025-01-28,Pune,Electronics,Sony WH-1000XM5,1,29999,15,25499.15
ORD005767,2024-12-05,Bengaluru,Electronics,Apple iPhone 15,1,79999,0,79999.0
ORD005768,2026-05-09,Bengaluru,Fashion,Nike Air Max,1,6999,15,5949.15
ORD005769,2024-08-09,Hyderabad,Electronics,OnePlus 12,2,64999,15,110498.3
ORD005770,2025-11-16,Chennai,Home,IKEA Study Table,1,12999,10,11699.1
ORD005771,2025-02-07,Bengaluru,Fashion,Levi's Jeans,1,2499,15,2124.15
ORD005772,2025-05-26,Delhi,Electronics,Sony WH-1000XM5,1,29999,10,26999.1
ORD005773,2025-09-01,Ahmedabad,Electronics,OnePlus 12,2,64999,0,129998.0
ORD005774,2024-09-19,Hyderabad,Home,IKEA Study Table,1,12999,0,12999.0
ORD005775,2025-07-18,Hyderabad,Fashion,Nike Air Max,1,6999,15,5949.15
ORD005776,2025-02-13,Hyderabad,Electronics,Sony WH-1000XM5,1,29999,0,29999.0
ORD005777,2024-10-23,Pune,Fashion,Nike Air Max,1,6999,0,6999.0
ORD005778,2025-01-04,Ahmedabad,Home,IKEA Study Table,4,12999,15,44196.6
ORD005779,2025-11-30,Bengaluru,Home,Philips Air Fryer,1,8999,10,8099.1
ORD005780,2026-02-23,Pune,Home,IKEA Study Table,2,12999,15,22098.3
ORD005781,2026-02-24,Pune,Electronics,OnePlus 12,1,64999,5,61749.05
ORD005782,2026-03-21,Ahmedabad,Fashion,Nike Air Max,1,6999,0,6999.0
ORD005783,2026-04-01,Bengaluru,Electronics,Samsung Galaxy S24,2,74999,0,149998.0
ORD005784,2024-12-01,Ahmedabad,Electronics,OnePlus 12,1,64999,0,64999.0
ORD005785,2025-07-03,Mumbai,Home,IKEA Study Table,2,12999,15,22098.3
ORD005786,2025-08-14,Ahmedabad,Home,Philips Air Fryer,2,8999,15,15298.3
ORD005787,2025-12-06,Bengaluru,Electronics,Sony WH-1000XM5,1,29999,5,28499.05
ORD005788,2025-10-28,Chennai,Electronics,Sony WH-1000XM5,2,29999,0,59998.0
ORD005789,2025-01-25,Ahmedabad,Electronics,OnePlus 12,1,64999,5,61749.05
ORD005790,2024-08-12,Ahmedabad,Fashion,Levi's Jeans,2,2499,10,4498.2
ORD005791,2025-11-06,Pune,Electronics,Sony WH-1000XM5,3,29999,0,89997.0
ORD005792,2025-02-02,Delhi,Fashion,Levi's Jeans,2,2499,10,4498.2
ORD005793,2025-09-07,Kolkata,Electronics,Apple iPhone 15,1,79999,5,75999.05
ORD005794,2026-03-04,Bengaluru,Fashion,Nike Air Max,2,6999,5,13298.1
ORD005795,2025-01-31,Delhi,Electronics,Sony WH-1000XM5,2,29999,0,59998.0
ORD005796,2024-10-04,Ahmedabad,Electronics,OnePlus 12,1,64999,10,58499.1
ORD005797,2026-02-25,Kolkata,Home,Philips Air Fryer,2,8999,5,17098.1
ORD005798,2024-11-05,Kolkata,Fashion,Levi's Jeans,1,2499,5,2374.05
ORD005799,2024-12-16,Chennai,Home,Philips Air Fryer,1,8999,0,8999.0
ORD005800,2025-12-24,Mumbai,Electronics,Sony WH-1000XM5,3,29999,5,85497.15
ORD005801,2024-11-18,Mumbai,Electronics,Samsung Galaxy S24,1,74999,10,67499.1
ORD005802,2024-12-13,Ahmedabad,Home,Philips Air Fryer,2,8999,5,17098.1
ORD005803,2026-02-25,Kolkata,Home,Philips Air Fryer,1,8999,15,7649.15
ORD005804,2024-11-17,Pune,Electronics,Sony WH-1000XM5,3,29999,10,80997.3
ORD005805,2025-05-13,Chennai,Electronics,OnePlus 12,1,64999,10,58499.1
ORD005806,2024-06-26,Kolkata,Fashion,Nike Air Max,1,6999,5,6649.05
ORD005807,2025-09-14,Ahmedabad,Fashion,Nike Air Max,2,6999,10,12598.2
ORD005808,2024-10-24,Kolkata,Home,IKEA Study Table,4,12999,10,46796.4
ORD005809,2025-08-06,Bengaluru,Fashion,Levi's Jeans,1,2499,5,2374.05
ORD005810,2026-02-26,Chennai,Fashion,Levi's Jeans,2,2499,10,4498.2
ORD005811,2024-12-02,Bengaluru,Electronics,Samsung Galaxy S24,1,74999,15,63749.15
ORD005812,2026-04-26,Bengaluru,Fashion,Nike Air Max,1,6999,15,5949.15
ORD005813,2026-05-12,Pune,Home,Philips Air Fryer,1,8999,10,8099.1
ORD005814,2026-02-11,Ahmedabad,Electronics,OnePlus 12,2,64999,0,129998.0
ORD005815,2025-09-07,Kolkata,Electronics,OnePlus 12,2,64999,15,110498.3
ORD005816,2025-07-25,Chennai,Electronics,OnePlus 12,1,64999,5,61749.05
ORD005817,2026-02-26,Hyderabad,Electronics,Apple iPhone 15,2,79999,5,151998.1
ORD005818,2024-09-05,Bengaluru,Fashion,Levi's Jeans,3,2499,0,7497.0
ORD005819,2024-10-19,Mumbai,Electronics,Samsung Galaxy S24,1,74999,10,67499.1
ORD005820,2024-08-20,Hyderabad,Electronics,OnePlus 12,1,64999,5,61749.05
ORD005821,2025-10-24,Hyderabad,Home,IKEA Study Table,1,12999,0,12999.0
ORD005822,2025-11-11,Bengaluru,Fashion,Nike Air Max,4,6999,15,23796.6
ORD005823,2024-07-04,Mumbai,Fashion,Nike Air Max,1,6999,10,6299.1
ORD005824,2026-02-21,Bengaluru,Home,IKEA Study Table,1,12999,5,12349.05
ORD005825,2025-03-03,Delhi,Electronics,Samsung Galaxy S24,1,74999,5,71249.05
ORD005826,2025-04-21,Mumbai,Electronics,Sony WH-1000XM5,1,29999,5,28499.05
ORD005827,2024-12-29,Kolkata,Fashion,Levi's Jeans,1,2499,15,2124.15
ORD005828,2026-02-08,Mumbai,Home,Philips Air Fryer,2,8999,15,15298.3
ORD005829,2026-03-29,Bengaluru,Home,Philips Air Fryer,1,8999,5,8549.05
ORD005830,2025-07-16,Pune,Home,Philips Air Fryer,1,8999,0,8999.0
ORD005831,2025-08-28,Mumbai,Electronics,OnePlus 12,3,64999,5,185247.15
ORD005832,2024-07-03,Hyderabad,Electronics,Apple iPhone 15,3,79999,10,215997.3
ORD005833,2024-11-03,Delhi,Electronics,OnePlus 12,1,64999,10,58499.1
ORD005834,2024-08-09,Ahmedabad,Electronics,Sony WH-1000XM5,4,29999,5,113996.2
ORD005835,2025-03-29,Mumbai,Home,IKEA Study Table,2,12999,15,22098.3
ORD005836,2025-04-22,Kolkata,Electronics,OnePlus 12,3,64999,15,165747.45
ORD005837,2025-11-15,Mumbai,Electronics,Samsung Galaxy S24,2,74999,15,127498.3
ORD005838,2025-08-18,Hyderabad,Fashion,Nike Air Max,2,6999,10,12598.2
ORD005839,2024-08-13,Mumbai,Home,Philips Air Fryer,3,8999,5,25647.15
ORD005840,2026-01-09,Mumbai,Fashion,Nike Air Max,3,6999,10,18897.3
ORD005841,2024-08-30,Hyderabad,Electronics,Samsung Galaxy S24,3,74999,5,213747.15
ORD005842,2026-03-25,Delhi,Fashion,Nike Air Max,2,6999,0,13998.0
ORD005843,2025-04-06,Pune,Fashion,Nike Air Max,1,6999,0,6999.0
ORD005844,2024-07-21,Ahmedabad,Electronics,Samsung Galaxy S24,3,74999,10,202497.3
ORD005845,2025-09-25,Mumbai,Electronics,Samsung Galaxy S24,1,74999,0,74999.0
ORD005846,2024-07-14,Hyderabad,Electronics,Sony WH-1000XM5,4,29999,0,119996.0
ORD005847,2025-10-21,Hyderabad,Fashion,Levi's Jeans,2,2499,0,4998.0
ORD005848,2025-10-30,Chennai,Electronics,Apple iPhone 15,1,79999,0,79999.0
ORD005849,2025-03-17,Pune,Home,Philips Air Fryer,1,8999,10,8099.1
ORD005850,2026-02-05,Pune,Electronics,Sony WH-1000XM5,2,29999,5,56998.1
ORD005851,2025-03-12,Kolkata,Fashion,Levi's Jeans,1,2499,5,2374.05
ORD005852,2025-06-02,Mumbai,Fashion,Levi's Jeans,1,2499,10,2249.1
ORD005853,2024-08-16,Pune,Electronics,Sony WH-1000XM5,1,29999,0,29999.0
ORD005854,2026-01-01,Ahmedabad,Home,Philips Air Fryer,1,8999,10,8099.1
ORD005855,2026-04-19,Kolkata,Fashion,Levi's Jeans,1,2499,15,2124.15
ORD005856,2024-10-19,Bengaluru,Fashion,Levi's Jeans,1,2499,0,2499.0
ORD005857,2026-05-19,Ahmedabad,Home,IKEA Study Table,2,12999,0,25998.0
ORD005858,2024-07-13,Ahmedabad,Electronics,Sony WH-1000XM5,1,29999,0,29999.0
ORD005859,2025-01-10,Ahmedabad,Electronics,Samsung Galaxy S24,1,74999,15,63749.15
ORD005860,2026-01-02,Ahmedabad,Home,Philips Air Fryer,1,8999,15,7649.15
ORD005861,2025-08-01,Delhi,Home,IKEA Study Table,1,12999,5,12349.05
ORD005862,2025-05-29,Mumbai,Electronics,OnePlus 12,1,64999,15,55249.15
ORD005863,2025-09-03,Delhi,Fashion,Nike Air Max,3,6999,10,18897.3
ORD005864,2024-11-16,Pune,Fashion,Nike Air Max,1,6999,10,6299.1
ORD005865,2024-10-10,Bengaluru,Fashion,Nike Air Max,1,6999,15,5949.15
ORD005866,2025-12-06,Delhi,Fashion,Nike Air Max,1,6999,5,6649.05
ORD005867,2024-07-19,Ahmedabad,Electronics,OnePlus 12,1,64999,15,55249.15
ORD005868,2024-10-05,Chennai,Electronics,OnePlus 12,1,64999,15,55249.15
ORD005869,2024-09-17,Hyderabad,Electronics,Apple iPhone 15,1,79999,10,71999.1
ORD005870,2025-02-10,Delhi,Home,Philips Air Fryer,1,8999,15,7649.15
ORD005871,2025-07-03,Mumbai,Electronics,Apple iPhone 15,2,79999,5,151998.1
ORD005872,2024-11-16,Delhi,Electronics,OnePlus 12,2,64999,10,116998.2
ORD005873,2024-12-17,Bengaluru,Electronics,OnePlus 12,3,64999,15,165747.45
ORD005874,2024-10-04,Delhi,Home,IKEA Study Table,2,12999,15,22098.3
ORD005875,2025-09-26,Mumbai,Fashion,Levi's Jeans,1,2499,10,2249.1
ORD005876,2024-12-22,Hyderabad,Electronics,OnePlus 12,1,64999,10,58499.1
ORD005877,2025-11-28,Mumbai,Home,Philips Air Fryer,1,8999,5,8549.05
ORD005878,2025-08-31,Kolkata,Home,IKEA Study Table,2,12999,0,25998.0
ORD005879,2024-06-27,Kolkata,Electronics,OnePlus 12,3,64999,0,194997.0
ORD005880,2024-09-25,Kolkata,Electronics,Sony WH-1000XM5,1,29999,5,28499.05
ORD005881,2024-07-04,Pune,Home,IKEA Study Table,1,12999,0,12999.0
ORD005882,2026-04-30,Kolkata,Fashion,Levi's Jeans,1,2499,5,2374.05
ORD005883,2025-05-29,Mumbai,Home,Philips Air Fryer,1,8999,0,8999.0
ORD005884,2026-02-16,Pune,Home,IKEA Study Table,3,12999,5,37047.15
ORD005885,2024-07-17,Bengaluru,Electronics,Apple iPhone 15,2,79999,10,143998.2
ORD005886,2024-11-24,Kolkata,Electronics,Sony WH-1000XM5,1,29999,10,26999.1
ORD005887,2025-05-18,Chennai,Electronics,Sony WH-1000XM5,3,29999,0,89997.0
ORD005888,2025-09-29,Kolkata,Home,IKEA Study Table,2,12999,15,22098.3
ORD005889,2025-05-16,Pune,Electronics,Samsung Galaxy S24,2,74999,15,127498.3
ORD005890,2024-09-22,Ahmedabad,Home,IKEA Study Table,1,12999,10,11699.1
ORD005891,2025-02-24,Kolkata,Fashion,Nike Air Max,2,6999,15,11898.3
ORD005892,2025-07-21,Delhi,Home,Philips Air Fryer,1,8999,15,7649.15
ORD005893,2024-07-20,Mumbai,Electronics,Sony WH-1000XM5,1,29999,10,26999.1
ORD005894,2024-08-26,Bengaluru,Electronics,Apple iPhone 15,2,79999,10,143998.2
ORD005895,2025-12-17,Bengaluru,Electronics,OnePlus 12,3,64999,10,175497.3
ORD005896,2025-07-24,Delhi,Home,Philips Air Fryer,2,8999,10,16198.2
ORD005897,2026-01-06,Bengaluru,Home,IKEA Study Table,2,12999,5,24698.1
ORD005898,2025-10-24,Delhi,Electronics,Samsung Galaxy S24,1,74999,10,67499.1
ORD005899,2024-06-14,Hyderabad,Electronics,Apple iPhone 15,1,79999,10,71999.1
ORD005900,2025-04-30,Mumbai,Home,IKEA Study Table,2,12999,15,22098.3
ORD005901,2026-01-28,Pune,Electronics,Samsung Galaxy S24,1,74999,0,74999.0
ORD005902,2025-01-06,Mumbai,Fashion,Nike Air Max,1,6999,0,6999.0
ORD005903,2024-11-28,Ahmedabad,Electronics,Samsung Galaxy S24,1,74999,5,71249.05
ORD005904,2025-10-31,Bengaluru,Electronics,Apple iPhone 15,1,79999,0,79999.0
ORD005905,2025-02-24,Hyderabad,Home,Philips Air Fryer,1,8999,5,8549.05
ORD005906,2025-10-31,Delhi,Home,IKEA Study Table,3,12999,15,33147.45
ORD005907,2025-02-02,Chennai,Electronics,Sony WH-1000XM5,1,29999,5,28499.05
ORD005908,2024-11-25,Pune,Home,IKEA Study Table,3,12999,5,37047.15
ORD005909,2025-12-24,Pune,Fashion,Levi's Jeans,1,2499,15,2124.15
ORD005910,2025-11-25,Ahmedabad,Fashion,Levi's Jeans,1,2499,15,2124.15
ORD005911,2026-05-27,Bengaluru,Fashion,Levi's Jeans,2,2499,5,4748.1
ORD005912,2025-11-05,Kolkata,Electronics,Apple iPhone 15,3,79999,0,239997.0
ORD005913,2024-11-19,Ahmedabad,Electronics,OnePlus 12,2,64999,15,110498.3
ORD005914,2025-05-17,Hyderabad,Fashion,Nike Air Max,1,6999,5,6649.05
ORD005915,2026-02-08,Bengaluru,Home,Philips Air Fryer,1,8999,10,8099.1
ORD005916,2026-06-08,Mumbai,Home,IKEA Study Table,2,12999,10,23398.2
ORD005917,2024-09-02,Mumbai,Electronics,Apple iPhone 15,2,79999,5,151998.1
ORD005918,2026-04-17,Hyderabad,Home,Philips Air Fryer,2,8999,0,17998.0
ORD005919,2025-06-07,Pune,Home,Philips Air Fryer,2,8999,10,16198.2
ORD005920,2024-07-02,Hyderabad,Electronics,Apple iPhone 15,1,79999,10,71999.1
ORD005921,2025-05-19,Pune,Electronics,Sony WH-1000XM5,2,29999,15,50998.3
ORD005922,2025-12-14,Mumbai,Home,Philips Air Fryer,4,8999,5,34196.2
ORD005923,2026-01-18,Ahmedabad,Electronics,Sony WH-1000XM5,4,29999,10,107996.4
ORD005924,2025-05-15,Mumbai,Electronics,Sony WH-1000XM5,1,29999,5,28499.05
ORD005925,2024-11-16,Mumbai,Electronics,Samsung Galaxy S24,3,74999,0,224997.0
ORD005926,2024-12-16,Pune,Electronics,Apple iPhone 15,1,79999,5,75999.05
ORD005927,2025-11-30,Hyderabad,Home,IKEA Study Table,1,12999,0,12999.0
ORD005928,2025-02-19,Chennai,Electronics,Apple iPhone 15,1,79999,5,75999.05
ORD005929,2025-08-02,Mumbai,Fashion,Levi's Jeans,1,2499,5,2374.05
ORD005930,2024-07-06,Delhi,Electronics,Sony WH-1000XM5,1,29999,10,26999.1
ORD005931,2024-12-27,Delhi,Home,IKEA Study Table,1,12999,0,12999.0
ORD005932,2024-09-23,Pune,Home,Philips Air Fryer,1,8999,0,8999.0
ORD005933,2024-10-22,Pune,Electronics,OnePlus 12,4,64999,15,220996.6
ORD005934,2025-11-30,Kolkata,Fashion,Nike Air Max,3,6999,10,18897.3
ORD005935,2025-04-10,Chennai,Fashion,Levi's Jeans,2,2499,0,4998.0
ORD005936,2026-03-19,Mumbai,Electronics,Sony WH-1000XM5,1,29999,0,29999.0
ORD005937,2026-05-16,Delhi,Fashion,Nike Air Max,2,6999,5,13298.1
ORD005938,2025-08-18,Kolkata,Electronics,Apple iPhone 15,3,79999,15,203997.45
ORD005939,2024-12-10,Bengaluru,Electronics,Sony WH-1000XM5,2,29999,10,53998.2
ORD005940,2025-03-19,Hyderabad,Electronics,Samsung Galaxy S24,1,74999,0,74999.0
ORD005941,2025-12-30,Kolkata,Electronics,OnePlus 12,2,64999,5,123498.1
ORD005942,2025-01-22,Mumbai,Home,Philips Air Fryer,2,8999,10,16198.2
ORD005943,2026-05-22,Ahmedabad,Electronics,Samsung Galaxy S24,1,74999,15,63749.15
ORD005944,2026-05-04,Kolkata,Home,IKEA Study Table,2,12999,0,25998.0
ORD005945,2024-10-25,Delhi,Home,IKEA Study Table,1,12999,5,12349.05
ORD005946,2025-12-29,Chennai,Home,Philips Air Fryer,3,8999,15,22947.45
ORD005947,2025-09-05,Bengaluru,Electronics,Apple iPhone 15,1,79999,15,67999.15
ORD005948,2025-05-06,Bengaluru,Home,IKEA Study Table,3,12999,5,37047.15
ORD005949,2025-05-18,Kolkata,Electronics,OnePlus 12,1,64999,15,55249.15
ORD005950,2024-07-04,Kolkata,Electronics,Apple iPhone 15,1,79999,5,75999.05
ORD005951,2025-01-23,Chennai,Home,Philips Air Fryer,1,8999,15,7649.15
ORD005952,2026-04-13,Kolkata,Electronics,OnePlus 12,1,64999,0,64999.0
ORD005953,2024-06-25,Chennai,Fashion,Levi's Jeans,1,2499,5,2374.05
ORD005954,2025-03-15,Kolkata,Electronics,Samsung Galaxy S24,1,74999,10,67499.1
ORD005955,2024-11-08,Chennai,Home,IKEA Study Table,1,12999,15,11049.15
ORD005956,2025-07-04,Delhi,Home,IKEA Study Table,1,12999,0,12999.0
ORD005957,2025-07-15,Chennai,Fashion,Nike Air Max,4,6999,0,27996.0
ORD005958,2026-02-03,Pune,Electronics,Apple iPhone 15,3,79999,10,215997.3
ORD005959,2025-04-28,Chennai,Home,IKEA Study Table,1,12999,15,11049.15
ORD005960,2026-01-27,Pune,Home,IKEA Study Table,1,12999,5,12349.05
ORD005961,2026-02-12,Ahmedabad,Electronics,OnePlus 12,1,64999,10,58499.1
ORD005962,2025-12-13,Pune,Fashion,Nike Air Max,2,6999,15,11898.3
ORD005963,2025-02-01,Ahmedabad,Electronics,Samsung Galaxy S24,2,74999,10,134998.2
ORD005964,2026-01-26,Mumbai,Electronics,Apple iPhone 15,1,79999,10,71999.1
ORD005965,2025-10-21,Hyderabad,Electronics,Apple iPhone 15,2,79999,5,151998.1
ORD005966,2025-03-20,Kolkata,Fashion,Levi's Jeans,1,2499,5,2374.05
ORD005967,2024-09-09,Mumbai,Home,IKEA Study Table,1,12999,15,11049.15
ORD005968,2025-10-12,Delhi,Electronics,Sony WH-1000XM5,2,29999,5,56998.1
ORD005969,2025-01-17,Chennai,Electronics,Apple iPhone 15,1,79999,5,75999.05
ORD005970,2025-07-13,Mumbai,Electronics,Apple iPhone 15,1,79999,15,67999.15
ORD005971,2026-01-22,Ahmedabad,Home,IKEA Study Table,1,12999,0,12999.0
ORD005972,2025-03-30,Bengaluru,Fashion,Nike Air Max,1,6999,5,6649.05
ORD005973,2024-12-06,Delhi,Electronics,Sony WH-1000XM5,3,29999,15,76497.45
ORD005974,2025-05-22,Ahmedabad,Electronics,Samsung Galaxy S24,2,74999,0,149998.0
ORD005975,2025-06-11,Kolkata,Electronics,OnePlus 12,3,64999,0,194997.0
ORD005976,2026-04-18,Hyderabad,Electronics,Sony WH-1000XM5,1,29999,5,28499.05
ORD005977,2025-08-22,Bengaluru,Electronics,OnePlus 12,3,64999,15,165747.45
ORD005978,2025-08-06,Chennai,Fashion,Levi's Jeans,2,2499,15,4248.3
ORD005979,2026-03-15,Mumbai,Electronics,Sony WH-1000XM5,1,29999,10,26999.1
ORD005980,2024-12-18,Hyderabad,Fashion,Nike Air Max,1,6999,0,6999.0
ORD005981,2025-11-02,Ahmedabad,Fashion,Levi's Jeans,1,2499,10,2249.1
ORD005982,2025-11-22,Kolkata,Home,IKEA Study Table,1,12999,15,11049.15
ORD005983,2025-10-31,Hyderabad,Electronics,Sony WH-1000XM5,1,29999,10,26999.1
ORD005984,2024-11-28,Pune,Fashion,Nike Air Max,1,6999,10,6299.1
ORD005985,2024-12-03,Ahmedabad,Fashion,Levi's Jeans,1,2499,15,2124.15
ORD005986,2025-10-28,Hyderabad,Fashion,Nike Air Max,3,6999,5,19947.15
ORD005987,2025-06-08,Chennai,Electronics,Sony WH-1000XM5,2,29999,5,56998.1
ORD005988,2025-03-27,Kolkata,Home,Philips Air Fryer,2,8999,15,15298.3
ORD005989,2024-12-17,Hyderabad,Electronics,Sony WH-1000XM5,1,29999,15,25499.15
ORD005990,2025-09-10,Kolkata,Fashion,Nike Air Max,1,6999,0,6999.0
ORD005991,2025-05-29,Mumbai,Home,IKEA Study Table,1,12999,15,11049.15
ORD005992,2025-06-28,Delhi,Fashion,Levi's Jeans,1,2499,15,2124.15
ORD005993,2025-11-05,Chennai,Fashion,Levi's Jeans,1,2499,15,2124.15
ORD005994,2025-07-28,Chennai,Electronics,Apple iPhone 15,1,79999,10,71999.1
ORD005995,2025-03-17,Bengaluru,Electronics,Apple iPhone 15,1,79999,0,79999.0
ORD005996,2024-07-19,Mumbai,Fashion,Levi's Jeans,1,2499,5,2374.05
ORD005997,2024-09-03,Bengaluru,Electronics,Apple iPhone 15,1,79999,10,71999.1
ORD005998,2024-09-19,Kolkata,Electronics,Sony WH-1000XM5,1,29999,15,25499.15
ORD005999,2026-03-24,Bengaluru,Electronics,Sony WH-1000XM5,3,29999,15,76497.45
ORD006000,2025-09-04,Mumbai,Fashion,Nike Air Max,1,6999,10,6299.1
ORD006001,2026-02-28,Pune,Electronics,Sony WH-1000XM5,1,29999,0,29999.0
ORD006002,2024-06-19,Pune,Home,Philips Air Fryer,1,8999,10,8099.1
ORD006003,2024-11-03,Mumbai,Fashion,Nike Air Max,1,6999,5,6649.05
ORD006004,2024-07-11,Bengaluru,Fashion,Levi's Jeans,4,2499,0,9996.0
ORD006005,2026-03-04,Delhi,Electronics,Samsung Galaxy S24,1,74999,10,67499.1
ORD006006,2024-11-05,Hyderabad,Electronics,Samsung Galaxy S24,1,74999,15,63749.15
ORD006007,2025-04-18,Chennai,Electronics,Sony WH-1000XM5,2,29999,15,50998.3
ORD006008,2026-06-01,Pune,Electronics,Sony WH-1000XM5,1,29999,0,29999.0
ORD006009,2026-03-08,Mumbai,Electronics,OnePlus 12,1,64999,10,58499.1
ORD006010,2025-05-22,Ahmedabad,Fashion,Levi's Jeans,4,2499,5,9496.2
ORD006011,2024-07-25,Hyderabad,Fashion,Nike Air Max,1,6999,15,5949.15
ORD006012,2025-05-04,Bengaluru,Electronics,OnePlus 12,1,64999,15,55249.15
ORD006013,2026-01-04,Chennai,Fashion,Nike Air Max,1,6999,0,6999.0
ORD006014,2026-06-01,Chennai,Home,IKEA Study Table,1,12999,5,12349.05
ORD006015,2024-07-20,Hyderabad,Fashion,Nike Air Max,1,6999,0,6999.0
ORD006016,2026-05-15,Delhi,Home,Philips Air Fryer,4,8999,0,35996.0
ORD006017,2025-02-01,Hyderabad,Fashion,Nike Air Max,1,6999,15,5949.15
ORD006018,2026-01-17,Delhi,Fashion,Nike Air Max,2,6999,10,12598.2
ORD006019,2026-01-18,Bengaluru,Home,IKEA Study Table,2,12999,15,22098.3
ORD006020,2024-10-13,Ahmedabad,Home,IKEA Study Table,1,12999,0,12999.0
ORD006021,2026-01-12,Hyderabad,Home,IKEA Study Table,1,12999,15,11049.15
ORD006022,2025-05-11,Pune,Home,Philips Air Fryer,1,8999,5,8549.05
ORD006023,2025-09-08,Ahmedabad,Fashion,Nike Air Max,2,6999,10,12598.2
ORD006024,2026-05-28,Pune,Electronics,OnePlus 12,2,64999,10,116998.2
ORD006025,2026-05-16,Hyderabad,Electronics,OnePlus 12,2,64999,0,129998.0
ORD006026,2026-02-03,Ahmedabad,Electronics,Samsung Galaxy S24,1,74999,15,63749.15
ORD006027,2025-09-28,Ahmedabad,Electronics,OnePlus 12,1,64999,0,64999.0
ORD006028,2024-07-21,Delhi,Electronics,Sony WH-1000XM5,1,29999,15,25499.15
ORD006029,2024-08-31,Chennai,Electronics,Apple iPhone 15,2,79999,5,151998.1
ORD006030,2025-05-28,Mumbai,Electronics,Samsung Galaxy S24,1,74999,15,63749.15
ORD006031,2025-07-12,Bengaluru,Fashion,Levi's Jeans,1,2499,10,2249.1
ORD006032,2025-11-23,Kolkata,Electronics,OnePlus 12,3,64999,15,165747.45
ORD006033,2025-03-15,Bengaluru,Electronics,Sony WH-1000XM5,2,29999,0,59998.0
ORD006034,2025-03-29,Mumbai,Electronics,Sony WH-1000XM5,1,29999,5,28499.05
ORD006035,2026-03-23,Hyderabad,Fashion,Levi's Jeans,1,2499,0,2499.0
ORD006036,2025-04-30,Delhi,Electronics,OnePlus 12,1,64999,10,58499.1
ORD006037,2026-05-26,Bengaluru,Home,Philips Air Fryer,1,8999,0,8999.0
ORD006038,2026-04-04,Pune,Electronics,OnePlus 12,2,64999,5,123498.1
ORD006039,2025-01-20,Chennai,Electronics,Sony WH-1000XM5,1,29999,15,25499.15
ORD006040,2025-07-10,Bengaluru,Fashion,Nike Air Max,1,6999,15,5949.15
ORD006041,2024-12-09,Hyderabad,Electronics,Samsung Galaxy S24,1,74999,10,67499.1
ORD006042,2025-11-24,Delhi,Electronics,Apple iPhone 15,2,79999,10,143998.2
ORD006043,2025-04-19,Hyderabad,Electronics,Samsung Galaxy S24,1,74999,5,71249.05
ORD006044,2025-11-18,Delhi,Electronics,Sony WH-1000XM5,1,29999,10,26999.1
ORD006045,2024-06-29,Kolkata,Electronics,Samsung Galaxy S24,3,74999,5,213747.15
ORD006046,2025-09-26,Chennai,Home,IKEA Study Table,1,12999,0,12999.0
ORD006047,2025-04-13,Kolkata,Electronics,Apple iPhone 15,1,79999,0,79999.0
ORD006048,2025-06-17,Pune,Electronics,OnePlus 12,1,64999,10,58499.1
ORD006049,2026-02-12,Pune,Home,IKEA Study Table,1,12999,5,12349.05
ORD006050,2025-06-28,Mumbai,Home,Philips Air Fryer,1,8999,0,8999.0
ORD006051,2026-02-23,Bengaluru,Home,IKEA Study Table,1,12999,5,12349.05
ORD006052,2026-04-10,Ahmedabad,Electronics,Samsung Galaxy S24,1,74999,5,71249.05
ORD006053,2025-12-15,Delhi,Electronics,Samsung Galaxy S24,2,74999,15,127498.3
ORD006054,2025-03-16,Pune,Home,IKEA Study Table,1,12999,15,11049.15
ORD006055,2026-04-15,Kolkata,Electronics,Apple iPhone 15,1,79999,15,67999.15
ORD006056,2025-02-02,Chennai,Electronics,Apple iPhone 15,1,79999,10,71999.1
ORD006057,2025-03-04,Mumbai,Electronics,Samsung Galaxy S24,1,74999,5,71249.05
ORD006058,2025-12-13,Mumbai,Fashion,Levi's Jeans,1,2499,0,2499.0
ORD006059,2026-05-03,Delhi,Electronics,OnePlus 12,1,64999,15,55249.15
ORD006060,2026-02-25,Delhi,Home,IKEA Study Table,1,12999,0,12999.0
ORD006061,2025-06-23,Bengaluru,Fashion,Levi's Jeans,2,2499,0,4998.0
ORD006062,2026-04-25,Ahmedabad,Fashion,Nike Air Max,1,6999,15,5949.15
ORD006063,2025-05-27,Hyderabad,Electronics,Apple iPhone 15,1,79999,0,79999.0
ORD006064,2026-02-08,Hyderabad,Electronics,Apple iPhone 15,2,79999,5,151998.1
ORD006065,2026-05-18,Chennai,Home,Philips Air Fryer,2,8999,15,15298.3
ORD006066,2026-05-22,Delhi,Fashion,Levi's Jeans,2,2499,5,4748.1
ORD006067,2026-01-21,Mumbai,Home,Philips Air Fryer,1,8999,0,8999.0
ORD006068,2025-06-17,Kolkata,Electronics,Samsung Galaxy S24,3,74999,5,213747.15
ORD006069,2024-11-08,Pune,Electronics,OnePlus 12,1,64999,10,58499.1
ORD006070,2024-11-09,Mumbai,Electronics,Sony WH-1000XM5,1,29999,15,25499.15
ORD006071,2025-10-20,Bengaluru,Electronics,Samsung Galaxy S24,1,74999,5,71249.05
ORD006072,2024-12-20,Chennai,Electronics,Apple iPhone 15,1,79999,5,75999.05
ORD006073,2025-09-27,Pune,Electronics,Sony WH-1000XM5,1,29999,5,28499.05
ORD006074,2025-12-24,Delhi,Home,Philips Air Fryer,1,8999,15,7649.15
ORD006075,2025-12-15,Pune,Home,Philips Air Fryer,2,8999,5,17098.1
ORD006076,2025-02-22,Mumbai,Home,IKEA Study Table,4,12999,15,44196.6
ORD006077,2026-02-11,Kolkata,Home,IKEA Study Table,2,12999,10,23398.2
ORD006078,2025-01-19,Mumbai,Home,Philips Air Fryer,1,8999,0,8999.0
ORD006079,2025-03-24,Hyderabad,Electronics,Apple iPhone 15,1,79999,0,79999.0
ORD006080,2025-07-21,Mumbai,Electronics,Samsung Galaxy S24,2,74999,15,127498.3
ORD006081,2025-01-25,Hyderabad,Home,IKEA Study Table,1,12999,5,12349.05
ORD006082,2025-03-27,Chennai,Fashion,Nike Air Max,3,6999,0,20997.0
ORD006083,2025-08-21,Mumbai,Electronics,Samsung Galaxy S24,1,74999,15,63749.15
ORD006084,2025-08-01,Pune,Fashion,Nike Air Max,1,6999,0,6999.0
ORD006085,2024-07-28,Chennai,Fashion,Levi's Jeans,2,2499,10,4498.2
ORD006086,2026-02-14,Kolkata,Fashion,Levi's Jeans,3,2499,15,6372.45
ORD006087,2025-01-16,Chennai,Electronics,OnePlus 12,2,64999,10,116998.2
ORD006088,2025-02-22,Kolkata,Home,Philips Air Fryer,2,8999,5,17098.1
ORD006089,2025-11-19,Kolkata,Home,Philips Air Fryer,1,8999,5,8549.05
ORD006090,2025-05-17,Ahmedabad,Home,IKEA Study Table,2,12999,0,25998.0
ORD006091,2025-03-31,Chennai,Electronics,OnePlus 12,2,64999,5,123498.1
ORD006092,2025-02-13,Ahmedabad,Home,Philips Air Fryer,1,8999,15,7649.15
ORD006093,2026-01-07,Chennai,Home,IKEA Study Table,1,12999,0,12999.0
ORD006094,2025-03-07,Pune,Fashion,Nike Air Max,1,6999,15,5949.15
ORD006095,2026-03-27,Hyderabad,Electronics,Sony WH-1000XM5,1,29999,15,25499.15
ORD006096,2024-12-24,Delhi,Electronics,Apple iPhone 15,1,79999,5,75999.05
ORD006097,2025-07-18,Hyderabad,Fashion,Levi's Jeans,2,2499,0,4998.0
ORD006098,2025-01-17,Bengaluru,Fashion,Levi's Jeans,2,2499,15,4248.3
ORD006099,2025-03-30,Mumbai,Home,IKEA Study Table,1,12999,5,12349.05
ORD006100,2024-12-31,Pune,Fashion,Levi's Jeans,4,2499,0,9996.0
ORD006101,2025-11-26,Hyderabad,Home,IKEA Study Table,1,12999,0,12999.0
ORD006102,2025-12-11,Chennai,Electronics,OnePlus 12,2,64999,0,129998.0
ORD006103,2025-12-10,Pune,Electronics,OnePlus 12,1,64999,5,61749.05
ORD006104,2025-06-27,Delhi,Home,Philips Air Fryer,4,8999,15,30596.6
ORD006105,2025-07-18,Hyderabad,Home,Philips Air Fryer,1,8999,0,8999.0
ORD006106,2025-02-10,Kolkata,Home,Philips Air Fryer,1,8999,15,7649.15
ORD006107,2026-02-13,Mumbai,Electronics,Apple iPhone 15,1,79999,5,75999.05
ORD006108,2024-12-10,Kolkata,Electronics,Apple iPhone 15,1,79999,5,75999.05
ORD006109,2026-05-23,Pune,Electronics,Sony WH-1000XM5,1,29999,5,28499.05
ORD006110,2026-03-13,Bengaluru,Fashion,Nike Air Max,1,6999,5,6649.05
ORD006111,2025-05-31,Kolkata,Electronics,Samsung Galaxy S24,2,74999,5,142498.1
ORD006112,2024-07-11,Hyderabad,Electronics,Apple iPhone 15,1,79999,5,75999.05
ORD006113,2024-08-22,Mumbai,Electronics,Samsung Galaxy S24,1,74999,10,67499.1
ORD006114,2025-06-25,Pune,Home,Philips Air Fryer,2,8999,5,17098.1
ORD006115,2025-07-29,Bengaluru,Electronics,Samsung Galaxy S24,1,74999,5,71249.05
ORD006116,2024-08-26,Delhi,Electronics,OnePlus 12,1,64999,0,64999.0
ORD006117,2026-04-25,Kolkata,Electronics,Apple iPhone 15,1,79999,0,79999.0
ORD006118,2025-11-07,Chennai,Home,Philips Air Fryer,2,8999,15,15298.3
ORD006119,2025-02-09,Kolkata,Home,IKEA Study Table,1,12999,10,11699.1
ORD006120,2025-09-03,Mumbai,Fashion,Levi's Jeans,1,2499,15,2124.15
ORD006121,2026-01-08,Pune,Fashion,Nike Air Max,1,6999,5,6649.05
ORD006122,2025-06-29,Ahmedabad,Home,IKEA Study Table,1,12999,10,11699.1
ORD006123,2026-03-22,Pune,Fashion,Nike Air Max,4,6999,10,25196.4
ORD006124,2025-02-27,Ahmedabad,Electronics,Samsung Galaxy S24,4,74999,0,299996.0
ORD006125,2026-03-31,Ahmedabad,Electronics,Samsung Galaxy S24,1,74999,10,67499.1
ORD006126,2025-08-27,Delhi,Electronics,Sony WH-1000XM5,1,29999,15,25499.15
ORD006127,2025-11-27,Chennai,Electronics,Samsung Galaxy S24,1,74999,15,63749.15
ORD006128,2026-02-13,Ahmedabad,Fashion,Nike Air Max,1,6999,5,6649.05
ORD006129,2026-03-20,Ahmedabad,Electronics,Samsung Galaxy S24,1,74999,10,67499.1
ORD006130,2025-11-11,Pune,Electronics,Sony WH-1000XM5,1,29999,0,29999.0
ORD006131,2025-11-19,Ahmedabad,Electronics,Sony WH-1000XM5,1,29999,0,29999.0
ORD006132,2025-01-16,Delhi,Electronics,OnePlus 12,2,64999,0,129998.0
ORD006133,2025-06-05,Kolkata,Electronics,Apple iPhone 15,1,79999,15,67999.15
ORD006134,2025-07-27,Pune,Fashion,Nike Air Max,1,6999,5,6649.05
ORD006135,2026-05-14,Ahmedabad,Home,Philips Air Fryer,1,8999,5,8549.05
ORD006136,2026-03-18,Pune,Electronics,Samsung Galaxy S24,2,74999,5,142498.1
ORD006137,2025-05-28,Hyderabad,Home,IKEA Study Table,2,12999,10,23398.2
ORD006138,2025-01-13,Hyderabad,Electronics,Apple iPhone 15,2,79999,0,159998.0
ORD006139,2025-07-10,Chennai,Electronics,Apple iPhone 15,1,79999,5,75999.05
ORD006140,2025-04-06,Delhi,Fashion,Levi's Jeans,1,2499,10,2249.1
ORD006141,2025-07-09,Pune,Fashion,Nike Air Max,2,6999,5,13298.1
ORD006142,2026-03-16,Delhi,Electronics,OnePlus 12,1,64999,10,58499.1
ORD006143,2025-02-20,Chennai,Electronics,OnePlus 12,1,64999,10,58499.1
ORD006144,2024-08-17,Pune,Electronics,Samsung Galaxy S24,1,74999,10,67499.1
ORD006145,2026-06-07,Hyderabad,Electronics,OnePlus 12,1,64999,0,64999.0
ORD006146,2025-04-03,Pune,Home,IKEA Study Table,3,12999,5,37047.15
ORD006147,2025-03-06,Mumbai,Electronics,OnePlus 12,2,64999,15,110498.3
ORD006148,2025-09-15,Delhi,Electronics,Samsung Galaxy S24,2,74999,15,127498.3
ORD006149,2025-05-03,Delhi,Fashion,Levi's Jeans,1,2499,0,2499.0
ORD006150,2025-10-25,Chennai,Fashion,Levi's Jeans,1,2499,0,2499.0
ORD006151,2025-08-22,Delhi,Home,Philips Air Fryer,1,8999,0,8999.0
ORD006152,2026-05-22,Ahmedabad,Electronics,Apple iPhone 15,3,79999,15,203997.45
ORD006153,2024-07-16,Ahmedabad,Fashion,Nike Air Max,2,6999,0,13998.0
ORD006154,2024-12-15,Bengaluru,Fashion,Levi's Jeans,1,2499,15,2124.15
ORD006155,2024-07-05,Bengaluru,Fashion,Levi's Jeans,3,2499,0,7497.0
ORD006156,2025-03-22,Chennai,Electronics,Samsung Galaxy S24,1,74999,5,71249.05
ORD006157,2026-03-27,Pune,Electronics,Samsung Galaxy S24,1,74999,0,74999.0
ORD006158,2025-01-10,Delhi,Electronics,Sony WH-1000XM5,1,29999,15,25499.15
ORD006159,2024-12-16,Bengaluru,Home,Philips Air Fryer,1,8999,15,7649.15
ORD006160,2024-12-12,Hyderabad,Electronics,Samsung Galaxy S24,1,74999,5,71249.05
ORD006161,2026-04-06,Hyderabad,Electronics,Apple iPhone 15,2,79999,5,151998.1
ORD006162,2025-09-13,Hyderabad,Electronics,OnePlus 12,2,64999,5,123498.1
ORD006163,2025-08-24,Mumbai,Electronics,Samsung Galaxy S24,2,74999,5,142498.1
ORD006164,2024-12-23,Bengaluru,Home,Philips Air Fryer,2,8999,5,17098.1
ORD006165,2024-12-01,Mumbai,Electronics,Sony WH-1000XM5,1,29999,10,26999.1
ORD006166,2024-12-24,Hyderabad,Electronics,Samsung Galaxy S24,3,74999,0,224997.0
ORD006167,2026-03-04,Hyderabad,Fashion,Levi's Jeans,1,2499,10,2249.1
ORD006168,2024-09-05,Bengaluru,Electronics,OnePlus 12,2,64999,0,129998.0
ORD006169,2025-01-30,Mumbai,Fashion,Levi's Jeans,1,2499,10,2249.1
ORD006170,2024-09-08,Pune,Fashion,Levi's Jeans,1,2499,10,2249.1
ORD006171,2025-06-05,Pune,Electronics,Samsung Galaxy S24,2,74999,15,127498.3
ORD006172,2025-09-17,Mumbai,Fashion,Nike Air Max,1,6999,10,6299.1
ORD006173,2024-11-06,Chennai,Fashion,Levi's Jeans,1,2499,15,2124.15
ORD006174,2026-04-22,Delhi,Electronics,Sony WH-1000XM5,2,29999,0,59998.0
ORD006175,2024-12-04,Bengaluru,Home,IKEA Study Table,1,12999,10,11699.1
ORD006176,2024-09-29,Mumbai,Fashion,Levi's Jeans,2,2499,0,4998.0
ORD006177,2025-06-04,Pune,Electronics,OnePlus 12,1,64999,0,64999.0
ORD006178,2025-08-06,Ahmedabad,Electronics,Apple iPhone 15,2,79999,10,143998.2
ORD006179,2024-06-30,Bengaluru,Fashion,Nike Air Max,2,6999,5,13298.1
ORD006180,2024-07-02,Delhi,Electronics,Apple iPhone 15,2,79999,5,151998.1
ORD006181,2024-06-14,Ahmedabad,Home,IKEA Study Table,1,12999,15,11049.15
ORD006182,2024-06-12,Chennai,Home,Philips Air Fryer,1,8999,5,8549.05
ORD006183,2026-04-14,Pune,Electronics,Sony WH-1000XM5,1,29999,15,25499.15
ORD006184,2025-03-30,Delhi,Fashion,Levi's Jeans,1,2499,0,2499.0
ORD006185,2025-12-10,Hyderabad,Electronics,Apple iPhone 15,2,79999,5,151998.1
ORD006186,2024-09-20,Hyderabad,Electronics,OnePlus 12,1,64999,5,61749.05
ORD006187,2024-10-11,Delhi,Electronics,Apple iPhone 15,1,79999,5,75999.05
ORD006188,2024-07-04,Hyderabad,Fashion,Levi's Jeans,1,2499,5,2374.05
ORD006189,2025-06-06,Delhi,Electronics,Sony WH-1000XM5,4,29999,10,107996.4
ORD006190,2024-06-27,Ahmedabad,Home,IKEA Study Table,1,12999,15,11049.15
ORD006191,2024-07-13,Chennai,Fashion,Levi's Jeans,2,2499,15,4248.3
ORD006192,2026-02-15,Bengaluru,Fashion,Levi's Jeans,1,2499,5,2374.05
ORD006193,2024-11-18,Chennai,Home,Philips Air Fryer,3,8999,5,25647.15
ORD006194,2025-02-12,Delhi,Fashion,Nike Air Max,1,6999,10,6299.1
ORD006195,2025-05-03,Chennai,Fashion,Nike Air Max,2,6999,0,13998.0
ORD006196,2024-06-17,Hyderabad,Electronics,OnePlus 12,4,64999,10,233996.4
ORD006197,2025-03-28,Delhi,Home,IKEA Study Table,2,12999,0,25998.0
ORD006198,2025-11-22,Hyderabad,Home,Philips Air Fryer,2,8999,15,15298.3
ORD006199,2026-04-09,Kolkata,Fashion,Nike Air Max,1,6999,0,6999.0
ORD006200,2026-01-30,Kolkata,Home,Philips Air Fryer,1,8999,10,8099.1
ORD006201,2024-08-19,Mumbai,Electronics,Samsung Galaxy S24,2,74999,5,142498.1
ORD006202,2025-10-03,Hyderabad,Electronics,Apple iPhone 15,2,79999,10,143998.2
ORD006203,2026-02-22,Delhi,Electronics,OnePlus 12,1,64999,15,55249.15
ORD006204,2024-06-29,Ahmedabad,Fashion,Levi's Jeans,4,2499,15,8496.6
ORD006205,2026-04-26,Kolkata,Home,Philips Air Fryer,1,8999,10,8099.1
ORD006206,2025-04-29,Kolkata,Electronics,Apple iPhone 15,1,79999,0,79999.0
ORD006207,2025-07-31,Mumbai,Electronics,Apple iPhone 15,3,79999,15,203997.45
ORD006208,2025-09-30,Pune,Electronics,Samsung Galaxy S24,2,74999,15,127498.3
ORD006209,2025-08-12,Hyderabad,Electronics,Samsung Galaxy S24,1,74999,5,71249.05
ORD006210,2026-03-17,Kolkata,Home,IKEA Study Table,1,12999,15,11049.15
ORD006211,2026-03-20,Mumbai,Fashion,Nike Air Max,1,6999,10,6299.1
ORD006212,2025-11-03,Mumbai,Fashion,Nike Air Max,1,6999,15,5949.15
ORD006213,2025-05-20,Hyderabad,Electronics,Samsung Galaxy S24,1,74999,10,67499.1
ORD006214,2024-09-18,Chennai,Electronics,OnePlus 12,1,64999,5,61749.05
ORD006215,2026-01-06,Mumbai,Home,Philips Air Fryer,1,8999,10,8099.1
ORD006216,2024-09-24,Chennai,Fashion,Levi's Jeans,1,2499,0,2499.0
ORD006217,2026-06-05,Kolkata,Home,Philips Air Fryer,1,8999,5,8549.05
ORD006218,2025-12-08,Hyderabad,Fashion,Nike Air Max,1,6999,5,6649.05
ORD006219,2024-07-14,Pune,Electronics,OnePlus 12,2,64999,15,110498.3
ORD006220,2025-02-10,Chennai,Home,IKEA Study Table,2,12999,5,24698.1
ORD006221,2026-04-07,Bengaluru,Home,IKEA Study Table,1,12999,0,12999.0
ORD006222,2025-11-28,Chennai,Fashion,Nike Air Max,1,6999,5,6649.05
ORD006223,2025-06-14,Ahmedabad,Home,IKEA Study Table,1,12999,5,12349.05
ORD006224,2025-06-22,Ahmedabad,Fashion,Levi's Jeans,1,2499,0,2499.0
ORD006225,2025-03-08,Delhi,Electronics,Sony WH-1000XM5,1,29999,10,26999.1
ORD006226,2026-04-15,Ahmedabad,Home,Philips Air Fryer,3,8999,0,26997.0
ORD006227,2024-10-22,Delhi,Electronics,Sony WH-1000XM5,1,29999,10,26999.1
ORD006228,2025-07-14,Mumbai,Electronics,Apple iPhone 15,2,79999,0,159998.0
ORD006229,2025-03-09,Kolkata,Electronics,Samsung Galaxy S24,3,74999,5,213747.15
ORD006230,2026-02-26,Delhi,Home,Philips Air Fryer,2,8999,0,17998.0
ORD006231,2025-12-11,Bengaluru,Electronics,Apple iPhone 15,2,79999,10,143998.2
ORD006232,2024-08-29,Kolkata,Home,IKEA Study Table,1,12999,15,11049.15
ORD006233,2024-09-27,Chennai,Electronics,Apple iPhone 15,3,79999,15,203997.45
ORD006234,2024-10-29,Ahmedabad,Home,Philips Air Fryer,1,8999,5,8549.05
ORD006235,2025-05-26,Delhi,Electronics,Sony WH-1000XM5,1,29999,10,26999.1
ORD006236,2025-07-07,Delhi,Fashion,Levi's Jeans,1,2499,15,2124.15
ORD006237,2025-03-22,Bengaluru,Electronics,Sony WH-1000XM5,1,29999,0,29999.0
ORD006238,2024-09-06,Ahmedabad,Electronics,Sony WH-1000XM5,1,29999,15,25499.15
ORD006239,2024-12-23,Kolkata,Electronics,Samsung Galaxy S24,1,74999,0,74999.0
ORD006240,2024-06-19,Hyderabad,Electronics,Sony WH-1000XM5,2,29999,15,50998.3
ORD006241,2026-03-06,Kolkata,Fashion,Levi's Jeans,3,2499,15,6372.45
ORD006242,2025-07-06,Bengaluru,Home,Philips Air Fryer,1,8999,15,7649.15
ORD006243,2026-05-02,Kolkata,Home,Philips Air Fryer,1,8999,15,7649.15
ORD006244,2026-01-31,Kolkata,Fashion,Nike Air Max,2,6999,15,11898.3
ORD006245,2024-08-20,Hyderabad,Fashion,Levi's Jeans,2,2499,10,4498.2
ORD006246,2024-12-04,Chennai,Fashion,Levi's Jeans,2,2499,10,4498.2
ORD006247,2024-08-13,Kolkata,Electronics,OnePlus 12,1,64999,5,61749.05
ORD006248,2025-01-20,Delhi,Home,IKEA Study Table,2,12999,0,25998.0
ORD006249,2025-04-23,Kolkata,Home,IKEA Study Table,1,12999,15,11049.15
ORD006250,2024-11-20,Mumbai,Fashion,Levi's Jeans,1,2499,5,2374.05
ORD006251,2026-03-30,Pune,Home,IKEA Study Table,1,12999,10,11699.1
ORD006252,2024-11-04,Delhi,Fashion,Levi's Jeans,1,2499,10,2249.1
ORD006253,2025-02-24,Kolkata,Fashion,Levi's Jeans,1,2499,10,2249.1
ORD006254,2024-07-17,Mumbai,Electronics,Sony WH-1000XM5,2,29999,5,56998.1
ORD006255,2025-07-19,Hyderabad,Electronics,Apple iPhone 15,2,79999,0,159998.0
ORD006256,2024-09-01,Ahmedabad,Electronics,Apple iPhone 15,2,79999,10,143998.2
ORD006257,2024-12-14,Delhi,Fashion,Nike Air Max,2,6999,5,13298.1
ORD006258,2025-03-22,Delhi,Fashion,Levi's Jeans,2,2499,10,4498.2
ORD006259,2024-09-09,Chennai,Fashion,Nike Air Max,2,6999,15,11898.3
ORD006260,2024-10-07,Delhi,Electronics,Sony WH-1000XM5,1,29999,5,28499.05
ORD006261,2024-10-24,Mumbai,Electronics,OnePlus 12,3,64999,15,165747.45
ORD006262,2025-06-09,Hyderabad,Electronics,Apple iPhone 15,3,79999,0,239997.0
ORD006263,2024-11-26,Pune,Home,IKEA Study Table,1,12999,0,12999.0
ORD006264,2025-08-23,Chennai,Electronics,Apple iPhone 15,2,79999,10,143998.2
ORD006265,2025-07-23,Chennai,Home,Philips Air Fryer,1,8999,15,7649.15
ORD006266,2026-01-05,Chennai,Electronics,Samsung Galaxy S24,1,74999,0,74999.0
ORD006267,2026-03-06,Hyderabad,Electronics,Sony WH-1000XM5,2,29999,15,50998.3
ORD006268,2025-03-08,Hyderabad,Home,Philips Air Fryer,1,8999,10,8099.1
ORD006269,2025-07-10,Ahmedabad,Home,IKEA Study Table,1,12999,0,12999.0
ORD006270,2025-07-16,Kolkata,Home,IKEA Study Table,2,12999,10,23398.2
ORD006271,2025-09-13,Bengaluru,Home,Philips Air Fryer,1,8999,15,7649.15
ORD006272,2025-01-08,Chennai,Electronics,Apple iPhone 15,2,79999,5,151998.1
ORD006273,2025-11-15,Mumbai,Home,Philips Air Fryer,1,8999,10,8099.1
ORD006274,2026-05-11,Delhi,Electronics,Samsung Galaxy S24,1,74999,5,71249.05
ORD006275,2025-01-25,Bengaluru,Electronics,Sony WH-1000XM5,1,29999,5,28499.05
ORD006276,2026-01-19,Mumbai,Home,IKEA Study Table,1,12999,10,11699.1
ORD006277,2025-03-10,Delhi,Fashion,Nike Air Max,1,6999,15,5949.15
ORD006278,2024-09-26,Pune,Home,Philips Air Fryer,1,8999,5,8549.05
ORD006279,2024-08-29,Delhi,Fashion,Levi's Jeans,1,2499,0,2499.0
ORD006280,2024-09-16,Mumbai,Electronics,Samsung Galaxy S24,1,74999,15,63749.15
ORD006281,2025-06-15,Delhi,Fashion,Levi's Jeans,1,2499,15,2124.15
ORD006282,2025-02-05,Hyderabad,Electronics,Sony WH-1000XM5,1,29999,0,29999.0
ORD006283,2025-05-07,Bengaluru,Home,IKEA Study Table,2,12999,10,23398.2
ORD006284,2025-09-05,Bengaluru,Fashion,Levi's Jeans,1,2499,10,2249.1
ORD006285,2026-01-03,Hyderabad,Electronics,Apple iPhone 15,1,79999,10,71999.1
ORD006286,2024-07-05,Delhi,Electronics,Samsung Galaxy S24,1,74999,5,71249.05
ORD006287,2024-06-27,Pune,Home,IKEA Study Table,2,12999,10,23398.2
ORD006288,2026-04-01,Kolkata,Home,Philips Air Fryer,1,8999,15,7649.15
ORD006289,2024-11-27,Delhi,Fashion,Levi's Jeans,1,2499,0,2499.0
ORD006290,2026-04-26,Mumbai,Fashion,Nike Air Max,1,6999,5,6649.05
ORD006291,2025-03-20,Delhi,Electronics,OnePlus 12,1,64999,10,58499.1
ORD006292,2024-12-06,Chennai,Fashion,Levi's Jeans,3,2499,15,6372.45
ORD006293,2025-12-13,Bengaluru,Electronics,Samsung Galaxy S24,1,74999,10,67499.1
ORD006294,2025-10-01,Chennai,Electronics,Samsung Galaxy S24,1,74999,10,67499.1
ORD006295,2025-06-16,Pune,Electronics,Apple iPhone 15,2,79999,10,143998.2
ORD006296,2024-06-30,Chennai,Electronics,OnePlus 12,4,64999,15,220996.6
ORD006297,2025-01-31,Ahmedabad,Fashion,Nike Air Max,2,6999,0,13998.0
ORD006298,2024-09-26,Delhi,Home,IKEA Study Table,1,12999,5,12349.05
ORD006299,2025-04-14,Delhi,Electronics,Sony WH-1000XM5,3,29999,0,89997.0
ORD006300,2026-06-08,Mumbai,Fashion,Levi's Jeans,1,2499,0,2499.0
ORD006301,2024-08-27,Hyderabad,Electronics,Apple iPhone 15,4,79999,0,319996.0
ORD006302,2025-07-05,Bengaluru,Home,Philips Air Fryer,1,8999,5,8549.05
ORD006303,2026-04-08,Chennai,Fashion,Levi's Jeans,3,2499,0,7497.0
ORD006304,2024-07-30,Mumbai,Home,IKEA Study Table,2,12999,5,24698.1
ORD006305,2025-11-05,Bengaluru,Electronics,Samsung Galaxy S24,1,74999,10,67499.1
ORD006306,2025-12-31,Pune,Home,IKEA Study Table,3,12999,10,35097.3
ORD006307,2026-05-18,Pune,Electronics,Samsung Galaxy S24,1,74999,15,63749.15
ORD006308,2026-05-25,Chennai,Electronics,Sony WH-1000XM5,1,29999,10,26999.1
ORD006309,2024-12-20,Pune,Fashion,Nike Air Max,1,6999,0,6999.0
ORD006310,2025-04-07,Mumbai,Fashion,Nike Air Max,1,6999,5,6649.05
ORD006311,2026-02-11,Kolkata,Fashion,Levi's Jeans,1,2499,15,2124.15
ORD006312,2024-08-22,Mumbai,Electronics,Samsung Galaxy S24,2,74999,0,149998.0
ORD006313,2026-04-10,Chennai,Home,Philips Air Fryer,1,8999,10,8099.1
ORD006314,2025-02-03,Delhi,Fashion,Nike Air Max,1,6999,15,5949.15
ORD006315,2026-02-07,Pune,Fashion,Levi's Jeans,1,2499,10,2249.1
ORD006316,2026-02-08,Bengaluru,Electronics,OnePlus 12,1,64999,0,64999.0
ORD006317,2024-12-05,Chennai,Home,Philips Air Fryer,3,8999,10,24297.3
ORD006318,2026-04-27,Pune,Electronics,OnePlus 12,1,64999,10,58499.1
ORD006319,2025-03-29,Ahmedabad,Electronics,Samsung Galaxy S24,1,74999,0,74999.0
ORD006320,2024-08-20,Mumbai,Home,Philips Air Fryer,2,8999,0,17998.0
ORD006321,2025-08-24,Bengaluru,Electronics,Apple iPhone 15,3,79999,5,227997.15
ORD006322,2025-05-29,Ahmedabad,Fashion,Levi's Jeans,1,2499,0,2499.0
ORD006323,2025-04-01,Bengaluru,Electronics,OnePlus 12,1,64999,5,61749.05
ORD006324,2024-10-28,Chennai,Electronics,Samsung Galaxy S24,2,74999,15,127498.3
ORD006325,2024-12-23,Ahmedabad,Home,Philips Air Fryer,1,8999,15,7649.15
ORD006326,2025-03-30,Hyderabad,Electronics,OnePlus 12,1,64999,5,61749.05
ORD006327,2025-09-28,Mumbai,Home,IKEA Study Table,1,12999,0,12999.0
ORD006328,2024-08-25,Bengaluru,Electronics,Apple iPhone 15,1,79999,5,75999.05
ORD006329,2026-04-20,Kolkata,Fashion,Nike Air Max,1,6999,5,6649.05
ORD006330,2026-03-14,Bengaluru,Electronics,Apple iPhone 15,2,79999,5,151998.1
ORD006331,2024-10-11,Hyderabad,Electronics,Apple iPhone 15,1,79999,15,67999.15
ORD006332,2026-01-31,Hyderabad,Fashion,Nike Air Max,2,6999,5,13298.1
ORD006333,2024-11-29,Bengaluru,Electronics,Sony WH-1000XM5,1,29999,0,29999.0
ORD006334,2025-06-21,Bengaluru,Fashion,Nike Air Max,1,6999,10,6299.1
ORD006335,2025-03-09,Bengaluru,Electronics,Apple iPhone 15,1,79999,0,79999.0
ORD006336,2024-06-27,Mumbai,Home,Philips Air Fryer,1,8999,15,7649.15
ORD006337,2026-04-05,Bengaluru,Fashion,Levi's Jeans,1,2499,5,2374.05
ORD006338,2026-02-12,Hyderabad,Fashion,Levi's Jeans,1,2499,10,2249.1
ORD006339,2025-08-24,Chennai,Home,IKEA Study Table,1,12999,15,11049.15
ORD006340,2024-06-16,Hyderabad,Electronics,Apple iPhone 15,2,79999,0,159998.0
ORD006341,2025-09-13,Ahmedabad,Electronics,Samsung Galaxy S24,2,74999,10,134998.2
ORD006342,2025-02-01,Delhi,Home,Philips Air Fryer,4,8999,10,32396.4
ORD006343,2024-10-26,Chennai,Electronics,Apple iPhone 15,1,79999,15,67999.15
ORD006344,2025-08-10,Delhi,Fashion,Nike Air Max,1,6999,5,6649.05
ORD006345,2025-06-08,Ahmedabad,Home,IKEA Study Table,1,12999,15,11049.15
ORD006346,2024-07-07,Pune,Fashion,Nike Air Max,1,6999,5,6649.05
ORD006347,2025-05-19,Ahmedabad,Electronics,Sony WH-1000XM5,1,29999,0,29999.0
ORD006348,2025-10-03,Mumbai,Electronics,OnePlus 12,3,64999,5,185247.15
ORD006349,2025-12-03,Ahmedabad,Electronics,Samsung Galaxy S24,4,74999,5,284996.2
ORD006350,2026-05-31,Hyderabad,Electronics,Apple iPhone 15,3,79999,15,203997.45
ORD006351,2024-11-03,Mumbai,Home,IKEA Study Table,3,12999,0,38997.0
ORD006352,2024-09-02,Chennai,Electronics,Sony WH-1000XM5,1,29999,5,28499.05
ORD006353,2025-01-06,Chennai,Electronics,Samsung Galaxy S24,2,74999,10,134998.2
ORD006354,2025-02-16,Hyderabad,Electronics,Sony WH-1000XM5,1,29999,10,26999.1
ORD006355,2024-11-03,Hyderabad,Electronics,Samsung Galaxy S24,1,74999,0,74999.0
ORD006356,2026-02-12,Chennai,Home,IKEA Study Table,2,12999,0,25998.0
ORD006357,2025-06-07,Delhi,Electronics,Sony WH-1000XM5,1,29999,5,28499.05
ORD006358,2025-04-29,Kolkata,Fashion,Nike Air Max,3,6999,15,17847.45
ORD006359,2025-03-21,Delhi,Electronics,Sony WH-1000XM5,2,29999,10,53998.2
ORD006360,2024-10-10,Kolkata,Electronics,OnePlus 12,2,64999,15,110498.3
ORD006361,2024-08-01,Ahmedabad,Electronics,Apple iPhone 15,2,79999,10,143998.2
ORD006362,2024-11-05,Ahmedabad,Home,Philips Air Fryer,2,8999,10,16198.2
ORD006363,2024-09-18,Chennai,Electronics,OnePlus 12,1,64999,5,61749.05
ORD006364,2025-02-07,Bengaluru,Electronics,OnePlus 12,3,64999,5,185247.15
ORD006365,2025-03-23,Delhi,Electronics,Apple iPhone 15,2,79999,0,159998.0
ORD006366,2024-12-08,Mumbai,Electronics,OnePlus 12,1,64999,5,61749.05
ORD006367,2024-10-18,Ahmedabad,Home,Philips Air Fryer,3,8999,10,24297.3
ORD006368,2026-02-13,Kolkata,Fashion,Levi's Jeans,2,2499,15,4248.3
ORD006369,2025-01-29,Ahmedabad,Home,Philips Air Fryer,2,8999,0,17998.0
ORD006370,2025-07-08,Kolkata,Fashion,Levi's Jeans,1,2499,5,2374.05
ORD006371,2026-01-26,Kolkata,Fashion,Levi's Jeans,2,2499,10,4498.2
ORD006372,2025-08-21,Chennai,Fashion,Nike Air Max,1,6999,5,6649.05
ORD006373,2026-05-08,Chennai,Electronics,Sony WH-1000XM5,1,29999,15,25499.15
ORD006374,2025-09-06,Bengaluru,Fashion,Nike Air Max,2,6999,10,12598.2
ORD006375,2026-04-13,Hyderabad,Home,IKEA Study Table,1,12999,15,11049.15
ORD006376,2025-03-10,Hyderabad,Electronics,Samsung Galaxy S24,4,74999,0,299996.0
ORD006377,2024-11-21,Ahmedabad,Home,Philips Air Fryer,2,8999,5,17098.1
ORD006378,2025-12-29,Pune,Home,IKEA Study Table,1,12999,0,12999.0
ORD006379,2024-11-06,Delhi,Home,IKEA Study Table,1,12999,10,11699.1
ORD006380,2026-02-27,Chennai,Fashion,Levi's Jeans,2,2499,10,4498.2
ORD006381,2026-05-05,Hyderabad,Electronics,Samsung Galaxy S24,2,74999,15,127498.3
ORD006382,2025-01-25,Ahmedabad,Electronics,Samsung Galaxy S24,2,74999,15,127498.3
ORD006383,2025-05-30,Mumbai,Electronics,Sony WH-1000XM5,3,29999,0,89997.0
ORD006384,2024-06-28,Mumbai,Electronics,Sony WH-1000XM5,1,29999,5,28499.05
ORD006385,2025-05-26,Mumbai,Electronics,Samsung Galaxy S24,1,74999,5,71249.05
ORD006386,2025-08-14,Kolkata,Electronics,Samsung Galaxy S24,2,74999,10,134998.2
ORD006387,2025-03-21,Bengaluru,Electronics,OnePlus 12,1,64999,10,58499.1
ORD006388,2025-05-08,Hyderabad,Electronics,OnePlus 12,1,64999,5,61749.05
ORD006389,2026-05-17,Mumbai,Electronics,OnePlus 12,1,64999,15,55249.15
ORD006390,2025-04-14,Pune,Fashion,Levi's Jeans,1,2499,0,2499.0
ORD006391,2025-05-04,Delhi,Electronics,Apple iPhone 15,1,79999,5,75999.05
ORD006392,2025-03-31,Chennai,Fashion,Levi's Jeans,1,2499,0,2499.0
ORD006393,2024-08-11,Chennai,Electronics,Sony WH-1000XM5,1,29999,5,28499.05
ORD006394,2025-09-29,Pune,Home,Philips Air Fryer,1,8999,15,7649.15
ORD006395,2024-08-05,Ahmedabad,Fashion,Nike Air Max,1,6999,10,6299.1
ORD006396,2025-09-04,Ahmedabad,Electronics,Apple iPhone 15,1,79999,5,75999.05
ORD006397,2025-10-16,Kolkata,Electronics,Apple iPhone 15,2,79999,15,135998.3
ORD006398,2026-05-21,Bengaluru,Fashion,Levi's Jeans,3,2499,15,6372.45
ORD006399,2024-12-25,Delhi,Home,IKEA Study Table,1,12999,10,11699.1
ORD006400,2025-05-02,Pune,Home,Philips Air Fryer,3,8999,10,24297.3
ORD006401,2024-06-25,Chennai,Electronics,Samsung Galaxy S24,1,74999,5,71249.05
ORD006402,2024-11-27,Chennai,Home,Philips Air Fryer,1,8999,5,8549.05
ORD006403,2025-09-24,Chennai,Electronics,Apple iPhone 15,1,79999,0,79999.0
ORD006404,2025-11-23,Delhi,Fashion,Nike Air Max,2,6999,5,13298.1
ORD006405,2024-07-25,Chennai,Electronics,Apple iPhone 15,2,79999,15,135998.3
ORD006406,2026-05-25,Bengaluru,Fashion,Nike Air Max,1,6999,0,6999.0
ORD006407,2025-03-23,Delhi,Home,Philips Air Fryer,1,8999,10,8099.1
ORD006408,2025-10-14,Hyderabad,Fashion,Nike Air Max,1,6999,10,6299.1
ORD006409,2024-06-28,Kolkata,Home,Philips Air Fryer,1,8999,0,8999.0
ORD006410,2024-09-10,Pune,Fashion,Nike Air Max,1,6999,0,6999.0
ORD006411,2024-12-01,Pune,Home,IKEA Study Table,1,12999,10,11699.1
ORD006412,2026-06-01,Hyderabad,Electronics,OnePlus 12,1,64999,10,58499.1
ORD006413,2026-04-22,Chennai,Electronics,Samsung Galaxy S24,2,74999,5,142498.1
ORD006414,2025-04-26,Hyderabad,Electronics,Sony WH-1000XM5,2,29999,15,50998.3
ORD006415,2024-10-03,Chennai,Electronics,OnePlus 12,1,64999,5,61749.05
ORD006416,2025-04-09,Ahmedabad,Home,IKEA Study Table,1,12999,15,11049.15
ORD006417,2025-04-04,Mumbai,Fashion,Nike Air Max,1,6999,10,6299.1
ORD006418,2025-07-29,Hyderabad,Home,IKEA Study Table,1,12999,10,11699.1
ORD006419,2025-03-06,Hyderabad,Fashion,Levi's Jeans,2,2499,5,4748.1
ORD006420,2025-07-24,Kolkata,Electronics,Sony WH-1000XM5,4,29999,15,101996.6
ORD006421,2025-04-13,Bengaluru,Home,IKEA Study Table,1,12999,15,11049.15
ORD006422,2025-09-24,Mumbai,Electronics,OnePlus 12,2,64999,10,116998.2
ORD006423,2024-08-28,Hyderabad,Home,IKEA Study Table,1,12999,5,12349.05
ORD006424,2025-06-08,Kolkata,Electronics,Samsung Galaxy S24,1,74999,10,67499.1
ORD006425,2026-04-28,Mumbai,Home,IKEA Study Table,1,12999,0,12999.0
ORD006426,2026-01-02,Hyderabad,Electronics,Samsung Galaxy S24,1,74999,10,67499.1
ORD006427,2025-11-05,Hyderabad,Home,IKEA Study Table,1,12999,5,12349.05
ORD006428,2024-11-20,Hyderabad,Fashion,Levi's Jeans,1,2499,0,2499.0
ORD006429,2024-09-30,Chennai,Home,IKEA Study Table,1,12999,10,11699.1
ORD006430,2025-12-07,Ahmedabad,Home,IKEA Study Table,4,12999,10,46796.4
ORD006431,2026-05-24,Hyderabad,Fashion,Levi's Jeans,1,2499,10,2249.1
ORD006432,2024-11-25,Chennai,Home,IKEA Study Table,1,12999,15,11049.15
ORD006433,2024-07-05,Bengaluru,Fashion,Nike Air Max,1,6999,10,6299.1
ORD006434,2025-07-12,Chennai,Electronics,Sony WH-1000XM5,3,29999,10,80997.3
ORD006435,2025-06-08,Kolkata,Fashion,Nike Air Max,1,6999,10,6299.1
ORD006436,2026-04-04,Pune,Fashion,Levi's Jeans,2,2499,10,4498.2
ORD006437,2026-05-03,Hyderabad,Home,Philips Air Fryer,1,8999,5,8549.05
ORD006438,2025-05-27,Bengaluru,Electronics,Samsung Galaxy S24,2,74999,15,127498.3
ORD006439,2026-04-28,Kolkata,Electronics,Sony WH-1000XM5,1,29999,10,26999.1
ORD006440,2025-05-09,Pune,Electronics,Apple iPhone 15,1,79999,15,67999.15
ORD006441,2026-01-20,Pune,Fashion,Levi's Jeans,1,2499,15,2124.15
ORD006442,2024-08-19,Kolkata,Fashion,Levi's Jeans,2,2499,15,4248.3
ORD006443,2025-03-12,Chennai,Electronics,Sony WH-1000XM5,4,29999,0,119996.0
ORD006444,2025-08-29,Delhi,Fashion,Nike Air Max,1,6999,0,6999.0
ORD006445,2024-12-19,Ahmedabad,Home,IKEA Study Table,3,12999,10,35097.3
ORD006446,2026-02-13,Delhi,Electronics,Apple iPhone 15,1,79999,0,79999.0
ORD006447,2024-09-09,Kolkata,Home,Philips Air Fryer,1,8999,0,8999.0
ORD006448,2025-06-22,Mumbai,Fashion,Nike Air Max,2,6999,0,13998.0
ORD006449,2026-05-23,Ahmedabad,Electronics,Samsung Galaxy S24,1,74999,0,74999.0
ORD006450,2026-03-03,Mumbai,Home,IKEA Study Table,1,12999,10,11699.1
ORD006451,2024-10-28,Chennai,Home,IKEA Study Table,1,12999,5,12349.05
ORD006452,2025-03-30,Bengaluru,Fashion,Nike Air Max,2,6999,15,11898.3
ORD006453,2026-06-03,Delhi,Electronics,Samsung Galaxy S24,2,74999,10,134998.2
ORD006454,2024-10-15,Chennai,Home,Philips Air Fryer,1,8999,5,8549.05
ORD006455,2024-11-24,Delhi,Electronics,Sony WH-1000XM5,2,29999,15,50998.3
ORD006456,2026-05-03,Ahmedabad,Fashion,Nike Air Max,3,6999,10,18897.3
ORD006457,2026-04-10,Bengaluru,Electronics,Apple iPhone 15,1,79999,15,67999.15
ORD006458,2025-11-29,Hyderabad,Electronics,OnePlus 12,1,64999,5,61749.05
ORD006459,2026-01-02,Chennai,Electronics,Samsung Galaxy S24,4,74999,5,284996.2
ORD006460,2025-06-19,Pune,Electronics,Samsung Galaxy S24,2,74999,0,149998.0
ORD006461,2024-10-12,Hyderabad,Fashion,Levi's Jeans,1,2499,15,2124.15
ORD006462,2024-11-04,Delhi,Electronics,OnePlus 12,1,64999,10,58499.1
ORD006463,2024-11-10,Chennai,Home,Philips Air Fryer,1,8999,5,8549.05
ORD006464,2024-06-25,Kolkata,Home,IKEA Study Table,2,12999,15,22098.3
ORD006465,2024-08-29,Mumbai,Electronics,Samsung Galaxy S24,4,74999,10,269996.4
ORD006466,2025-08-18,Mumbai,Electronics,Sony WH-1000XM5,2,29999,0,59998.0
ORD006467,2024-07-26,Chennai,Home,IKEA Study Table,2,12999,5,24698.1
ORD006468,2024-11-10,Ahmedabad,Home,Philips Air Fryer,2,8999,5,17098.1
ORD006469,2025-11-19,Bengaluru,Electronics,Apple iPhone 15,1,79999,10,71999.1
ORD006470,2025-02-07,Hyderabad,Home,Philips Air Fryer,1,8999,15,7649.15
ORD006471,2025-07-29,Ahmedabad,Electronics,Samsung Galaxy S24,1,74999,15,63749.15
ORD006472,2025-12-18,Bengaluru,Electronics,Samsung Galaxy S24,1,74999,5,71249.05
ORD006473,2025-03-05,Pune,Electronics,Sony WH-1000XM5,2,29999,5,56998.1
ORD006474,2025-02-06,Chennai,Fashion,Levi's Jeans,2,2499,5,4748.1
ORD006475,2025-09-12,Pune,Electronics,OnePlus 12,2,64999,0,129998.0
ORD006476,2024-09-02,Chennai,Home,IKEA Study Table,2,12999,5,24698.1
ORD006477,2026-05-27,Kolkata,Fashion,Levi's Jeans,1,2499,10,2249.1
ORD006478,2025-09-18,Ahmedabad,Fashion,Levi's Jeans,2,2499,10,4498.2
ORD006479,2025-01-27,Chennai,Fashion,Nike Air Max,2,6999,5,13298.1
ORD006480,2025-11-05,Pune,Fashion,Nike Air Max,1,6999,0,6999.0
ORD006481,2024-10-19,Pune,Electronics,Samsung Galaxy S24,2,74999,10,134998.2
ORD006482,2024-08-03,Delhi,Electronics,Sony WH-1000XM5,1,29999,15,25499.15
ORD006483,2024-08-16,Mumbai,Electronics,Apple iPhone 15,2,79999,5,151998.1
ORD006484,2025-07-04,Delhi,Electronics,Sony WH-1000XM5,1,29999,0,29999.0
ORD006485,2026-05-29,Hyderabad,Home,IKEA Study Table,2,12999,15,22098.3
ORD006486,2024-06-20,Kolkata,Electronics,Samsung Galaxy S24,1,74999,10,67499.1
ORD006487,2026-01-11,Bengaluru,Electronics,Samsung Galaxy S24,1,74999,5,71249.05
ORD006488,2024-10-01,Delhi,Electronics,Apple iPhone 15,3,79999,10,215997.3
ORD006489,2024-11-19,Mumbai,Electronics,Sony WH-1000XM5,1,29999,10,26999.1
ORD006490,2024-12-04,Bengaluru,Electronics,Samsung Galaxy S24,1,74999,15,63749.15
ORD006491,2026-04-22,Delhi,Electronics,Sony WH-1000XM5,3,29999,0,89997.0
ORD006492,2025-05-16,Hyderabad,Electronics,Apple iPhone 15,1,79999,15,67999.15
ORD006493,2025-09-18,Mumbai,Home,IKEA Study Table,3,12999,0,38997.0
ORD006494,2025-09-08,Ahmedabad,Home,Philips Air Fryer,2,8999,15,15298.3
ORD006495,2025-04-21,Kolkata,Electronics,Samsung Galaxy S24,4,74999,5,284996.2
ORD006496,2026-03-12,Mumbai,Home,Philips Air Fryer,1,8999,10,8099.1
ORD006497,2024-08-24,Pune,Home,IKEA Study Table,1,12999,15,11049.15
ORD006498,2024-07-16,Kolkata,Home,Philips Air Fryer,1,8999,0,8999.0
ORD006499,2025-08-16,Mumbai,Electronics,OnePlus 12,1,64999,15,55249.15
ORD006500,2026-03-10,Delhi,Fashion,Levi's Jeans,1,2499,15,2124.15
ORD006501,2024-08-04,Ahmedabad,Electronics,Apple iPhone 15,1,79999,5,75999.05
ORD006502,2025-11-26,Hyderabad,Fashion,Levi's Jeans,2,2499,15,4248.3
ORD006503,2024-08-26,Pune,Home,Philips Air Fryer,1,8999,0,8999.0
ORD006504,2025-04-26,Mumbai,Home,Philips Air Fryer,1,8999,5,8549.05
ORD006505,2024-09-20,Mumbai,Home,Philips Air Fryer,2,8999,10,16198.2
ORD006506,2025-11-10,Hyderabad,Home,IKEA Study Table,2,12999,5,24698.1
ORD006507,2025-11-19,Kolkata,Electronics,OnePlus 12,1,64999,0,64999.0
ORD006508,2025-02-06,Chennai,Electronics,Apple iPhone 15,1,79999,0,79999.0
ORD006509,2025-07-01,Ahmedabad,Electronics,Samsung Galaxy S24,1,74999,5,71249.05
ORD006510,2025-08-14,Hyderabad,Home,IKEA Study Table,4,12999,15,44196.6
ORD006511,2024-11-30,Delhi,Electronics,OnePlus 12,1,64999,10,58499.1
ORD006512,2024-07-07,Bengaluru,Electronics,Samsung Galaxy S24,1,74999,15,63749.15
ORD006513,2025-11-27,Mumbai,Fashion,Nike Air Max,4,6999,15,23796.6
ORD006514,2025-01-23,Mumbai,Electronics,OnePlus 12,1,64999,15,55249.15
ORD006515,2026-02-16,Mumbai,Home,IKEA Study Table,1,12999,10,11699.1
ORD006516,2026-01-22,Delhi,Electronics,OnePlus 12,3,64999,5,185247.15
ORD006517,2025-08-12,Delhi,Fashion,Nike Air Max,1,6999,10,6299.1
ORD006518,2025-07-12,Kolkata,Electronics,Samsung Galaxy S24,1,74999,10,67499.1
ORD006519,2025-11-22,Pune,Electronics,Sony WH-1000XM5,3,29999,10,80997.3
ORD006520,2025-01-31,Ahmedabad,Home,IKEA Study Table,1,12999,10,11699.1
ORD006521,2025-11-30,Pune,Electronics,Sony WH-1000XM5,2,29999,10,53998.2
ORD006522,2025-05-05,Hyderabad,Electronics,Apple iPhone 15,3,79999,0,239997.0
ORD006523,2024-10-25,Bengaluru,Electronics,Apple iPhone 15,3,79999,0,239997.0
ORD006524,2025-08-16,Chennai,Electronics,Sony WH-1000XM5,1,29999,10,26999.1
ORD006525,2025-10-02,Delhi,Home,IKEA Study Table,1,12999,0,12999.0
ORD006526,2025-02-12,Pune,Fashion,Nike Air Max,2,6999,15,11898.3
ORD006527,2025-10-22,Kolkata,Home,IKEA Study Table,3,12999,0,38997.0
ORD006528,2025-12-02,Ahmedabad,Electronics,Apple iPhone 15,1,79999,10,71999.1
ORD006529,2026-04-10,Pune,Home,IKEA Study Table,3,12999,10,35097.3
ORD006530,2024-11-20,Mumbai,Electronics,OnePlus 12,1,64999,15,55249.15
ORD006531,2024-09-21,Hyderabad,Fashion,Nike Air Max,1,6999,15,5949.15
ORD006532,2026-04-07,Delhi,Electronics,Sony WH-1000XM5,2,29999,10,53998.2
ORD006533,2026-02-19,Pune,Electronics,Sony WH-1000XM5,1,29999,10,26999.1
ORD006534,2025-12-05,Kolkata,Home,IKEA Study Table,2,12999,15,22098.3
ORD006535,2025-12-01,Mumbai,Home,IKEA Study Table,3,12999,15,33147.45
ORD006536,2025-03-01,Hyderabad,Electronics,Apple iPhone 15,1,79999,5,75999.05
ORD006537,2026-05-12,Delhi,Fashion,Nike Air Max,3,6999,15,17847.45
ORD006538,2025-07-17,Delhi,Electronics,Samsung Galaxy S24,2,74999,15,127498.3
ORD006539,2024-07-16,Hyderabad,Electronics,Apple iPhone 15,1,79999,5,75999.05
ORD006540,2025-11-22,Chennai,Home,Philips Air Fryer,2,8999,15,15298.3
ORD006541,2024-08-25,Chennai,Home,IKEA Study Table,3,12999,10,35097.3
ORD006542,2026-02-25,Hyderabad,Electronics,Samsung Galaxy S24,2,74999,10,134998.2
ORD006543,2025-11-02,Delhi,Electronics,Apple iPhone 15,1,79999,15,67999.15
ORD006544,2025-01-28,Ahmedabad,Electronics,Samsung Galaxy S24,1,74999,10,67499.1
ORD006545,2025-10-03,Bengaluru,Electronics,Apple iPhone 15,3,79999,10,215997.3
ORD006546,2024-07-20,Hyderabad,Home,IKEA Study Table,1,12999,10,11699.1
ORD006547,2025-07-08,Pune,Home,IKEA Study Table,1,12999,0,12999.0
ORD006548,2026-05-27,Ahmedabad,Electronics,Samsung Galaxy S24,1,74999,15,63749.15
ORD006549,2025-07-17,Hyderabad,Fashion,Levi's Jeans,3,2499,10,6747.3
ORD006550,2024-08-20,Bengaluru,Fashion,Nike Air Max,1,6999,15,5949.15
ORD006551,2026-01-07,Delhi,Home,IKEA Study Table,1,12999,15,11049.15
ORD006552,2025-04-01,Mumbai,Fashion,Levi's Jeans,1,2499,10,2249.1
ORD006553,2025-01-02,Ahmedabad,Electronics,Sony WH-1000XM5,1,29999,10,26999.1
ORD006554,2026-05-14,Ahmedabad,Fashion,Nike Air Max,2,6999,0,13998.0
ORD006555,2025-06-27,Ahmedabad,Home,Philips Air Fryer,2,8999,5,17098.1
ORD006556,2025-02-20,Ahmedabad,Electronics,Samsung Galaxy S24,1,74999,5,71249.05
ORD006557,2025-04-24,Kolkata,Home,IKEA Study Table,1,12999,15,11049.15
ORD006558,2025-12-12,Kolkata,Home,IKEA Study Table,1,12999,10,11699.1
ORD006559,2025-05-11,Ahmedabad,Electronics,Apple iPhone 15,2,79999,5,151998.1
ORD006560,2025-05-26,Kolkata,Electronics,OnePlus 12,1,64999,15,55249.15
ORD006561,2026-02-23,Pune,Electronics,OnePlus 12,3,64999,15,165747.45
ORD006562,2025-10-09,Delhi,Electronics,Samsung Galaxy S24,1,74999,15,63749.15
ORD006563,2024-06-22,Bengaluru,Fashion,Nike Air Max,1,6999,15,5949.15
ORD006564,2025-03-25,Ahmedabad,Electronics,OnePlus 12,2,64999,0,129998.0
ORD006565,2026-02-06,Delhi,Electronics,OnePlus 12,1,64999,5,61749.05
ORD006566,2025-11-10,Mumbai,Electronics,Sony WH-1000XM5,2,29999,5,56998.1
ORD006567,2026-02-17,Hyderabad,Electronics,OnePlus 12,1,64999,5,61749.05
ORD006568,2026-02-01,Mumbai,Fashion,Levi's Jeans,1,2499,15,2124.15
ORD006569,2025-11-04,Delhi,Home,Philips Air Fryer,1,8999,10,8099.1
ORD006570,2024-09-21,Bengaluru,Electronics,Apple iPhone 15,1,79999,10,71999.1
ORD006571,2026-01-11,Chennai,Electronics,Sony WH-1000XM5,1,29999,15,25499.15
ORD006572,2025-02-02,Bengaluru,Electronics,OnePlus 12,1,64999,0,64999.0
ORD006573,2026-03-12,Mumbai,Fashion,Nike Air Max,1,6999,0,6999.0
ORD006574,2024-11-01,Hyderabad,Home,Philips Air Fryer,3,8999,10,24297.3
ORD006575,2025-03-01,Chennai,Fashion,Nike Air Max,1,6999,15,5949.15
ORD006576,2025-11-19,Hyderabad,Electronics,Sony WH-1000XM5,1,29999,0,29999.0
ORD006577,2024-06-27,Bengaluru,Electronics,OnePlus 12,1,64999,10,58499.1
ORD006578,2025-06-03,Ahmedabad,Electronics,Apple iPhone 15,1,79999,15,67999.15
ORD006579,2024-07-02,Chennai,Fashion,Levi's Jeans,4,2499,10,8996.4
ORD006580,2024-06-15,Kolkata,Electronics,Apple iPhone 15,1,79999,15,67999.15
ORD006581,2024-09-07,Mumbai,Home,Philips Air Fryer,1,8999,5,8549.05
ORD006582,2025-10-16,Bengaluru,Electronics,Sony WH-1000XM5,2,29999,5,56998.1
ORD006583,2026-05-17,Kolkata,Electronics,Samsung Galaxy S24,1,74999,0,74999.0
ORD006584,2026-02-10,Chennai,Electronics,Apple iPhone 15,3,79999,0,239997.0
ORD006585,2026-03-31,Bengaluru,Home,Philips Air Fryer,4,8999,5,34196.2
ORD006586,2025-12-27,Bengaluru,Home,IKEA Study Table,1,12999,15,11049.15
ORD006587,2026-04-21,Hyderabad,Home,IKEA Study Table,1,12999,0,12999.0
ORD006588,2025-08-08,Ahmedabad,Electronics,OnePlus 12,2,64999,10,116998.2
ORD006589,2025-08-25,Kolkata,Electronics,OnePlus 12,1,64999,0,64999.0
ORD006590,2024-07-09,Ahmedabad,Home,Philips Air Fryer,1,8999,0,8999.0
ORD006591,2026-02-27,Mumbai,Electronics,Apple iPhone 15,1,79999,5,75999.05
ORD006592,2025-02-14,Pune,Home,IKEA Study Table,1,12999,10,11699.1
ORD006593,2025-03-11,Hyderabad,Electronics,Apple iPhone 15,1,79999,15,67999.15
ORD006594,2024-12-29,Mumbai,Fashion,Nike Air Max,2,6999,5,13298.1
ORD006595,2025-09-05,Pune,Electronics,OnePlus 12,2,64999,0,129998.0
ORD006596,2026-03-09,Hyderabad,Home,IKEA Study Table,1,12999,10,11699.1
ORD006597,2024-06-13,Bengaluru,Electronics,Samsung Galaxy S24,1,74999,15,63749.15
ORD006598,2024-07-05,Ahmedabad,Electronics,Samsung Galaxy S24,1,74999,10,67499.1
ORD006599,2025-08-03,Chennai,Home,Philips Air Fryer,1,8999,15,7649.15
ORD006600,2025-08-04,Bengaluru,Electronics,Apple iPhone 15,2,79999,10,143998.2
ORD006601,2025-06-23,Hyderabad,Home,Philips Air Fryer,2,8999,15,15298.3
ORD006602,2025-10-11,Delhi,Fashion,Levi's Jeans,1,2499,0,2499.0
ORD006603,2026-02-20,Hyderabad,Home,Philips Air Fryer,1,8999,10,8099.1
ORD006604,2024-10-16,Kolkata,Electronics,Sony WH-1000XM5,1,29999,10,26999.1
ORD006605,2026-05-18,Ahmedabad,Electronics,OnePlus 12,3,64999,5,185247.15
ORD006606,2024-08-23,Hyderabad,Electronics,Apple iPhone 15,1,79999,0,79999.0
ORD006607,2025-03-30,Delhi,Fashion,Nike Air Max,1,6999,5,6649.05
ORD006608,2025-01-22,Hyderabad,Electronics,OnePlus 12,1,64999,0,64999.0
ORD006609,2025-12-20,Kolkata,Fashion,Nike Air Max,1,6999,0,6999.0
ORD006610,2025-05-08,Pune,Electronics,Apple iPhone 15,1,79999,0,79999.0
ORD006611,2025-03-16,Bengaluru,Home,Philips Air Fryer,1,8999,15,7649.15
ORD006612,2024-07-27,Pune,Electronics,Apple iPhone 15,2,79999,10,143998.2
ORD006613,2025-04-16,Chennai,Electronics,OnePlus 12,1,64999,5,61749.05
ORD006614,2025-04-16,Kolkata,Electronics,OnePlus 12,1,64999,5,61749.05
ORD006615,2024-07-02,Kolkata,Electronics,Apple iPhone 15,2,79999,5,151998.1
ORD006616,2025-09-01,Chennai,Fashion,Nike Air Max,1,6999,0,6999.0
ORD006617,2024-08-21,Pune,Fashion,Nike Air Max,3,6999,0,20997.0
ORD006618,2025-09-08,Pune,Home,Philips Air Fryer,2,8999,15,15298.3
ORD006619,2025-03-27,Kolkata,Fashion,Levi's Jeans,2,2499,0,4998.0
ORD006620,2026-01-22,Hyderabad,Fashion,Nike Air Max,2,6999,15,11898.3
ORD006621,2025-10-23,Bengaluru,Electronics,Samsung Galaxy S24,4,74999,10,269996.4
ORD006622,2024-06-10,Delhi,Fashion,Levi's Jeans,1,2499,15,2124.15
ORD006623,2024-09-08,Chennai,Home,Philips Air Fryer,1,8999,5,8549.05
ORD006624,2024-11-20,Pune,Electronics,Samsung Galaxy S24,1,74999,5,71249.05
ORD006625,2026-05-10,Kolkata,Electronics,OnePlus 12,1,64999,15,55249.15
ORD006626,2025-06-04,Kolkata,Electronics,Sony WH-1000XM5,2,29999,15,50998.3
ORD006627,2024-08-05,Hyderabad,Home,IKEA Study Table,1,12999,10,11699.1
ORD006628,2026-03-30,Chennai,Electronics,Sony WH-1000XM5,2,29999,5,56998.1
ORD006629,2026-04-01,Kolkata,Fashion,Levi's Jeans,2,2499,15,4248.3
ORD006630,2025-09-01,Chennai,Electronics,OnePlus 12,2,64999,15,110498.3
ORD006631,2025-08-29,Hyderabad,Home,IKEA Study Table,1,12999,15,11049.15
ORD006632,2026-01-25,Bengaluru,Electronics,Sony WH-1000XM5,3,29999,0,89997.0
ORD006633,2024-11-23,Hyderabad,Electronics,Apple iPhone 15,2,79999,5,151998.1
ORD006634,2026-05-12,Hyderabad,Electronics,Apple iPhone 15,2,79999,5,151998.1
ORD006635,2026-01-08,Mumbai,Home,IKEA Study Table,1,12999,15,11049.15
ORD006636,2024-10-08,Mumbai,Electronics,Apple iPhone 15,2,79999,10,143998.2
ORD006637,2025-12-20,Kolkata,Electronics,Samsung Galaxy S24,1,74999,10,67499.1
ORD006638,2024-12-27,Hyderabad,Electronics,Sony WH-1000XM5,1,29999,5,28499.05
ORD006639,2026-02-15,Bengaluru,Electronics,OnePlus 12,1,64999,5,61749.05
ORD006640,2025-11-12,Mumbai,Fashion,Nike Air Max,1,6999,5,6649.05
ORD006641,2026-05-12,Mumbai,Electronics,Sony WH-1000XM5,1,29999,5,28499.05
ORD006642,2025-11-29,Mumbai,Electronics,Samsung Galaxy S24,2,74999,10,134998.2
ORD006643,2025-06-01,Kolkata,Electronics,Samsung Galaxy S24,2,74999,5,142498.1
ORD006644,2025-09-02,Kolkata,Electronics,Sony WH-1000XM5,1,29999,0,29999.0
ORD006645,2024-07-15,Hyderabad,Electronics,OnePlus 12,2,64999,15,110498.3
ORD006646,2025-09-08,Ahmedabad,Electronics,Samsung Galaxy S24,1,74999,10,67499.1
ORD006647,2025-12-13,Hyderabad,Electronics,Apple iPhone 15,3,79999,0,239997.0
ORD006648,2025-11-30,Delhi,Electronics,OnePlus 12,3,64999,5,185247.15
ORD006649,2025-10-03,Kolkata,Fashion,Nike Air Max,2,6999,10,12598.2
ORD006650,2026-01-09,Chennai,Fashion,Levi's Jeans,1,2499,5,2374.05
ORD006651,2025-10-27,Kolkata,Home,Philips Air Fryer,2,8999,15,15298.3
ORD006652,2024-09-24,Mumbai,Electronics,Samsung Galaxy S24,4,74999,5,284996.2
ORD006653,2026-03-30,Hyderabad,Electronics,OnePlus 12,1,64999,5,61749.05
ORD006654,2026-02-22,Ahmedabad,Home,IKEA Study Table,2,12999,5,24698.1
ORD006655,2025-01-21,Bengaluru,Fashion,Nike Air Max,1,6999,5,6649.05
ORD006656,2026-05-02,Ahmedabad,Electronics,Apple iPhone 15,1,79999,0,79999.0
ORD006657,2025-08-31,Pune,Fashion,Levi's Jeans,2,2499,15,4248.3
ORD006658,2025-01-02,Kolkata,Fashion,Levi's Jeans,1,2499,15,2124.15
ORD006659,2025-05-19,Chennai,Electronics,Sony WH-1000XM5,2,29999,10,53998.2
ORD006660,2025-06-10,Hyderabad,Fashion,Levi's Jeans,2,2499,0,4998.0
ORD006661,2026-01-21,Ahmedabad,Electronics,OnePlus 12,2,64999,0,129998.0
ORD006662,2025-03-26,Ahmedabad,Home,IKEA Study Table,1,12999,0,12999.0
ORD006663,2024-09-11,Delhi,Home,IKEA Study Table,4,12999,10,46796.4
ORD006664,2025-01-30,Ahmedabad,Electronics,Sony WH-1000XM5,1,29999,5,28499.05
ORD006665,2025-11-06,Bengaluru,Electronics,Apple iPhone 15,1,79999,5,75999.05
ORD006666,2025-07-13,Delhi,Fashion,Nike Air Max,1,6999,15,5949.15
ORD006667,2025-08-09,Pune,Fashion,Nike Air Max,1,6999,5,6649.05
ORD006668,2025-08-28,Delhi,Electronics,Sony WH-1000XM5,1,29999,15,25499.15
ORD006669,2024-07-21,Mumbai,Fashion,Levi's Jeans,1,2499,5,2374.05
ORD006670,2025-04-02,Hyderabad,Electronics,OnePlus 12,4,64999,15,220996.6
ORD006671,2026-06-02,Hyderabad,Electronics,Samsung Galaxy S24,2,74999,5,142498.1
ORD006672,2024-07-23,Chennai,Home,IKEA Study Table,3,12999,0,38997.0
ORD006673,2025-05-31,Bengaluru,Electronics,Sony WH-1000XM5,2,29999,15,50998.3
ORD006674,2025-12-25,Mumbai,Electronics,Apple iPhone 15,1,79999,10,71999.1
ORD006675,2025-02-02,Mumbai,Fashion,Nike Air Max,3,6999,15,17847.45
ORD006676,2024-10-24,Chennai,Electronics,OnePlus 12,1,64999,5,61749.05
ORD006677,2025-10-26,Pune,Electronics,Samsung Galaxy S24,2,74999,15,127498.3
ORD006678,2026-04-20,Kolkata,Fashion,Nike Air Max,3,6999,10,18897.3
ORD006679,2024-08-18,Mumbai,Electronics,Apple iPhone 15,2,79999,10,143998.2
ORD006680,2026-04-05,Chennai,Fashion,Levi's Jeans,1,2499,10,2249.1
ORD006681,2025-10-06,Bengaluru,Home,Philips Air Fryer,1,8999,0,8999.0
ORD006682,2024-12-10,Bengaluru,Fashion,Nike Air Max,2,6999,0,13998.0
ORD006683,2025-01-25,Kolkata,Fashion,Nike Air Max,1,6999,0,6999.0
ORD006684,2024-06-19,Chennai,Electronics,Samsung Galaxy S24,1,74999,5,71249.05
ORD006685,2025-07-07,Hyderabad,Electronics,Apple iPhone 15,1,79999,5,75999.05
ORD006686,2024-07-15,Kolkata,Fashion,Levi's Jeans,3,2499,0,7497.0
ORD006687,2024-08-13,Chennai,Electronics,Samsung Galaxy S24,1,74999,15,63749.15
ORD006688,2025-06-28,Ahmedabad,Fashion,Nike Air Max,1,6999,0,6999.0
ORD006689,2025-09-06,Bengaluru,Home,Philips Air Fryer,2,8999,5,17098.1
ORD006690,2024-07-09,Ahmedabad,Fashion,Levi's Jeans,1,2499,0,2499.0
ORD006691,2026-01-21,Pune,Electronics,Samsung Galaxy S24,2,74999,5,142498.1
ORD006692,2024-12-09,Delhi,Fashion,Nike Air Max,3,6999,15,17847.45
ORD006693,2025-12-15,Kolkata,Fashion,Nike Air Max,1,6999,0,6999.0
ORD006694,2024-11-23,Mumbai,Home,Philips Air Fryer,3,8999,10,24297.3
ORD006695,2024-10-21,Ahmedabad,Fashion,Levi's Jeans,1,2499,10,2249.1
ORD006696,2025-11-11,Kolkata,Fashion,Nike Air Max,2,6999,15,11898.3
ORD006697,2024-10-28,Delhi,Home,IKEA Study Table,3,12999,10,35097.3
ORD006698,2024-08-05,Mumbai,Electronics,Sony WH-1000XM5,2,29999,15,50998.3
ORD006699,2026-02-09,Pune,Electronics,Apple iPhone 15,2,79999,0,159998.0
ORD006700,2026-03-28,Ahmedabad,Electronics,Apple iPhone 15,1,79999,10,71999.1
ORD006701,2025-05-08,Bengaluru,Electronics,Samsung Galaxy S24,2,74999,5,142498.1
ORD006702,2024-08-31,Delhi,Home,IKEA Study Table,2,12999,0,25998.0
ORD006703,2025-10-08,Pune,Electronics,Apple iPhone 15,1,79999,15,67999.15
ORD006704,2024-08-02,Ahmedabad,Home,Philips Air Fryer,3,8999,0,26997.0
ORD006705,2025-09-10,Pune,Home,IKEA Study Table,2,12999,10,23398.2
ORD006706,2025-07-16,Chennai,Fashion,Nike Air Max,3,6999,0,20997.0
ORD006707,2024-10-29,Chennai,Electronics,Apple iPhone 15,2,79999,15,135998.3
ORD006708,2025-01-28,Ahmedabad,Home,Philips Air Fryer,2,8999,5,17098.1
ORD006709,2025-09-22,Mumbai,Home,IKEA Study Table,1,12999,0,12999.0
ORD006710,2026-01-20,Bengaluru,Home,IKEA Study Table,3,12999,15,33147.45
ORD006711,2026-03-31,Hyderabad,Electronics,Apple iPhone 15,2,79999,0,159998.0
ORD006712,2025-12-24,Kolkata,Home,IKEA Study Table,1,12999,5,12349.05
ORD006713,2025-10-29,Mumbai,Electronics,Sony WH-1000XM5,1,29999,10,26999.1
ORD006714,2025-12-10,Delhi,Home,IKEA Study Table,1,12999,0,12999.0
ORD006715,2024-06-13,Chennai,Electronics,Apple iPhone 15,2,79999,15,135998.3
ORD006716,2025-09-13,Hyderabad,Electronics,Samsung Galaxy S24,2,74999,10,134998.2
ORD006717,2025-10-31,Hyderabad,Electronics,Sony WH-1000XM5,1,29999,0,29999.0
ORD006718,2025-12-15,Ahmedabad,Home,Philips Air Fryer,1,8999,0,8999.0
ORD006719,2024-07-02,Kolkata,Home,Philips Air Fryer,1,8999,15,7649.15
ORD006720,2026-06-01,Kolkata,Fashion,Nike Air Max,1,6999,10,6299.1
ORD006721,2025-01-01,Chennai,Electronics,Samsung Galaxy S24,1,74999,10,67499.1
ORD006722,2025-09-25,Ahmedabad,Home,Philips Air Fryer,1,8999,10,8099.1
ORD006723,2024-12-21,Pune,Electronics,Sony WH-1000XM5,4,29999,5,113996.2
ORD006724,2025-06-05,Delhi,Electronics,Apple iPhone 15,3,79999,15,203997.45
ORD006725,2024-07-17,Bengaluru,Electronics,OnePlus 12,1,64999,0,64999.0
ORD006726,2024-10-01,Ahmedabad,Fashion,Nike Air Max,1,6999,10,6299.1
ORD006727,2026-05-14,Delhi,Fashion,Nike Air Max,2,6999,5,13298.1
ORD006728,2025-11-23,Delhi,Home,IKEA Study Table,2,12999,15,22098.3
ORD006729,2025-12-09,Ahmedabad,Electronics,Apple iPhone 15,2,79999,0,159998.0
ORD006730,2024-10-20,Pune,Home,IKEA Study Table,2,12999,15,22098.3
ORD006731,2025-09-13,Chennai,Electronics,OnePlus 12,2,64999,0,129998.0
ORD006732,2025-06-13,Mumbai,Fashion,Levi's Jeans,1,2499,5,2374.05
ORD006733,2024-06-11,Bengaluru,Electronics,Samsung Galaxy S24,1,74999,0,74999.0
ORD006734,2025-09-14,Chennai,Fashion,Nike Air Max,4,6999,10,25196.4
ORD006735,2025-12-29,Chennai,Fashion,Nike Air Max,1,6999,0,6999.0
ORD006736,2025-08-18,Mumbai,Fashion,Levi's Jeans,1,2499,0,2499.0
ORD006737,2025-01-07,Ahmedabad,Electronics,Sony WH-1000XM5,1,29999,15,25499.15
ORD006738,2025-09-14,Bengaluru,Home,IKEA Study Table,1,12999,15,11049.15
ORD006739,2024-12-11,Delhi,Fashion,Levi's Jeans,1,2499,15,2124.15
ORD006740,2024-08-06,Delhi,Electronics,Apple iPhone 15,1,79999,10,71999.1
ORD006741,2024-07-29,Mumbai,Electronics,Sony WH-1000XM5,2,29999,0,59998.0
ORD006742,2025-09-09,Delhi,Electronics,Apple iPhone 15,1,79999,10,71999.1
ORD006743,2026-03-19,Delhi,Fashion,Nike Air Max,1,6999,10,6299.1
ORD006744,2026-02-02,Pune,Electronics,Apple iPhone 15,1,79999,10,71999.1
ORD006745,2025-06-14,Chennai,Home,IKEA Study Table,4,12999,15,44196.6
ORD006746,2024-11-27,Bengaluru,Fashion,Levi's Jeans,1,2499,15,2124.15
ORD006747,2026-05-27,Pune,Home,IKEA Study Table,2,12999,10,23398.2
ORD006748,2025-09-12,Bengaluru,Home,Philips Air Fryer,1,8999,10,8099.1
ORD006749,2026-04-09,Mumbai,Home,IKEA Study Table,2,12999,15,22098.3
ORD006750,2025-07-16,Mumbai,Electronics,Apple iPhone 15,1,79999,5,75999.05
ORD006751,2025-10-30,Mumbai,Electronics,OnePlus 12,1,64999,10,58499.1
ORD006752,2025-08-11,Kolkata,Fashion,Nike Air Max,1,6999,15,5949.15
ORD006753,2024-12-23,Chennai,Electronics,Samsung Galaxy S24,1,74999,0,74999.0
ORD006754,2026-03-21,Bengaluru,Electronics,Apple iPhone 15,2,79999,0,159998.0
ORD006755,2025-11-23,Ahmedabad,Electronics,Apple iPhone 15,1,79999,15,67999.15
ORD006756,2024-08-04,Bengaluru,Home,Philips Air Fryer,1,8999,0,8999.0
ORD006757,2025-04-06,Hyderabad,Electronics,Sony WH-1000XM5,1,29999,15,25499.15
ORD006758,2026-05-28,Ahmedabad,Fashion,Levi's Jeans,1,2499,0,2499.0
ORD006759,2025-06-20,Bengaluru,Electronics,Sony WH-1000XM5,1,29999,10,26999.1
ORD006760,2025-06-18,Hyderabad,Home,IKEA Study Table,1,12999,10,11699.1
ORD006761,2026-05-22,Bengaluru,Fashion,Levi's Jeans,1,2499,0,2499.0
ORD006762,2024-08-17,Bengaluru,Electronics,OnePlus 12,2,64999,10,116998.2
ORD006763,2025-02-06,Delhi,Fashion,Levi's Jeans,1,2499,15,2124.15
ORD006764,2025-12-20,Delhi,Electronics,Samsung Galaxy S24,1,74999,15,63749.15
ORD006765,2025-06-03,Mumbai,Home,IKEA Study Table,1,12999,10,11699.1
ORD006766,2026-01-13,Mumbai,Electronics,Sony WH-1000XM5,3,29999,0,89997.0
ORD006767,2024-07-27,Pune,Electronics,OnePlus 12,1,64999,15,55249.15
ORD006768,2024-08-05,Ahmedabad,Fashion,Levi's Jeans,2,2499,5,4748.1
ORD006769,2026-05-28,Hyderabad,Electronics,Apple iPhone 15,1,79999,0,79999.0
ORD006770,2024-08-19,Pune,Home,IKEA Study Table,3,12999,0,38997.0
ORD006771,2025-12-08,Chennai,Electronics,Samsung Galaxy S24,2,74999,5,142498.1
ORD006772,2025-11-12,Hyderabad,Home,Philips Air Fryer,4,8999,5,34196.2
ORD006773,2025-03-02,Hyderabad,Home,IKEA Study Table,1,12999,5,12349.05
ORD006774,2024-07-12,Hyderabad,Electronics,Samsung Galaxy S24,4,74999,5,284996.2
ORD006775,2024-06-13,Pune,Electronics,Samsung Galaxy S24,1,74999,5,71249.05
ORD006776,2026-05-14,Hyderabad,Electronics,Samsung Galaxy S24,1,74999,0,74999.0
ORD006777,2024-06-28,Pune,Electronics,Apple iPhone 15,3,79999,10,215997.3
ORD006778,2024-08-17,Kolkata,Electronics,Sony WH-1000XM5,1,29999,0,29999.0
ORD006779,2024-08-24,Mumbai,Electronics,Apple iPhone 15,1,79999,15,67999.15
ORD006780,2024-07-28,Mumbai,Fashion,Nike Air Max,1,6999,10,6299.1
ORD006781,2025-09-20,Kolkata,Home,Philips Air Fryer,1,8999,10,8099.1
ORD006782,2025-03-02,Pune,Electronics,Sony WH-1000XM5,1,29999,5,28499.05
ORD006783,2024-12-25,Ahmedabad,Fashion,Levi's Jeans,2,2499,10,4498.2
ORD006784,2025-08-28,Bengaluru,Fashion,Levi's Jeans,1,2499,5,2374.05
ORD006785,2024-06-13,Hyderabad,Home,IKEA Study Table,1,12999,15,11049.15
ORD006786,2024-11-14,Mumbai,Electronics,Apple iPhone 15,1,79999,10,71999.1
ORD006787,2024-10-19,Hyderabad,Electronics,Sony WH-1000XM5,1,29999,15,25499.15
ORD006788,2025-10-01,Mumbai,Fashion,Levi's Jeans,2,2499,15,4248.3
ORD006789,2025-06-04,Delhi,Electronics,Sony WH-1000XM5,1,29999,0,29999.0
ORD006790,2025-12-08,Pune,Home,Philips Air Fryer,2,8999,10,16198.2
ORD006791,2025-01-22,Hyderabad,Electronics,OnePlus 12,2,64999,15,110498.3
ORD006792,2026-05-06,Mumbai,Electronics,Samsung Galaxy S24,1,74999,15,63749.15
ORD006793,2025-01-14,Chennai,Electronics,Sony WH-1000XM5,1,29999,15,25499.15
ORD006794,2025-12-01,Chennai,Electronics,Sony WH-1000XM5,3,29999,0,89997.0
ORD006795,2025-01-18,Delhi,Home,IKEA Study Table,3,12999,15,33147.45
ORD006796,2026-02-11,Pune,Electronics,Samsung Galaxy S24,2,74999,0,149998.0
ORD006797,2025-05-28,Chennai,Electronics,Apple iPhone 15,4,79999,15,271996.6
ORD006798,2026-04-13,Bengaluru,Fashion,Levi's Jeans,1,2499,0,2499.0
ORD006799,2025-02-27,Ahmedabad,Fashion,Nike Air Max,1,6999,0,6999.0
ORD006800,2026-03-06,Kolkata,Fashion,Levi's Jeans,1,2499,10,2249.1
ORD006801,2025-05-09,Kolkata,Fashion,Levi's Jeans,4,2499,15,8496.6
ORD006802,2025-09-01,Hyderabad,Fashion,Levi's Jeans,3,2499,15,6372.45
ORD006803,2024-06-26,Mumbai,Fashion,Levi's Jeans,1,2499,15,2124.15
ORD006804,2026-05-20,Mumbai,Electronics,Sony WH-1000XM5,1,29999,0,29999.0
ORD006805,2025-11-28,Kolkata,Electronics,Apple iPhone 15,3,79999,15,203997.45
ORD006806,2024-07-05,Kolkata,Electronics,Apple iPhone 15,2,79999,15,135998.3
ORD006807,2025-04-10,Hyderabad,Electronics,Sony WH-1000XM5,2,29999,10,53998.2
ORD006808,2025-05-21,Kolkata,Electronics,Sony WH-1000XM5,2,29999,0,59998.0
ORD006809,2025-12-03,Kolkata,Electronics,Samsung Galaxy S24,1,74999,0,74999.0
ORD006810,2024-11-11,Mumbai,Electronics,Samsung Galaxy S24,1,74999,15,63749.15
ORD006811,2025-09-24,Bengaluru,Electronics,Apple iPhone 15,1,79999,0,79999.0
ORD006812,2024-09-03,Pune,Electronics,Samsung Galaxy S24,1,74999,10,67499.1
ORD006813,2025-02-03,Kolkata,Fashion,Nike Air Max,1,6999,15,5949.15
ORD006814,2025-02-14,Hyderabad,Fashion,Levi's Jeans,1,2499,5,2374.05
ORD006815,2026-04-13,Chennai,Home,Philips Air Fryer,4,8999,10,32396.4
ORD006816,2025-02-06,Kolkata,Electronics,OnePlus 12,1,64999,0,64999.0
ORD006817,2026-01-29,Chennai,Electronics,Apple iPhone 15,2,79999,5,151998.1
ORD006818,2024-12-24,Hyderabad,Electronics,Sony WH-1000XM5,3,29999,0,89997.0
ORD006819,2026-01-17,Chennai,Electronics,OnePlus 12,1,64999,15,55249.15
ORD006820,2024-11-03,Kolkata,Electronics,Sony WH-1000XM5,2,29999,0,59998.0
ORD006821,2025-01-18,Delhi,Home,IKEA Study Table,1,12999,15,11049.15
ORD006822,2025-12-10,Hyderabad,Fashion,Levi's Jeans,2,2499,5,4748.1
ORD006823,2025-12-04,Delhi,Home,IKEA Study Table,2,12999,5,24698.1
ORD006824,2024-10-17,Chennai,Fashion,Nike Air Max,2,6999,15,11898.3
ORD006825,2026-01-05,Kolkata,Electronics,Sony WH-1000XM5,2,29999,5,56998.1
ORD006826,2025-07-02,Hyderabad,Home,Philips Air Fryer,1,8999,0,8999.0
ORD006827,2025-07-22,Hyderabad,Electronics,Samsung Galaxy S24,4,74999,5,284996.2
ORD006828,2025-09-07,Ahmedabad,Electronics,Sony WH-1000XM5,2,29999,15,50998.3
ORD006829,2024-11-30,Mumbai,Home,IKEA Study Table,3,12999,15,33147.45
ORD006830,2025-01-31,Kolkata,Fashion,Nike Air Max,1,6999,0,6999.0
ORD006831,2025-03-22,Bengaluru,Electronics,Sony WH-1000XM5,2,29999,15,50998.3
ORD006832,2025-08-05,Ahmedabad,Electronics,Samsung Galaxy S24,3,74999,0,224997.0
ORD006833,2026-03-17,Delhi,Electronics,OnePlus 12,1,64999,15,55249.15
ORD006834,2026-02-02,Hyderabad,Fashion,Nike Air Max,2,6999,15,11898.3
ORD006835,2024-12-07,Mumbai,Home,Philips Air Fryer,1,8999,15,7649.15
ORD006836,2025-12-17,Chennai,Electronics,Samsung Galaxy S24,3,74999,10,202497.3
ORD006837,2024-08-23,Delhi,Home,IKEA Study Table,1,12999,5,12349.05
ORD006838,2024-10-31,Pune,Fashion,Levi's Jeans,2,2499,15,4248.3
ORD006839,2025-03-29,Chennai,Home,Philips Air Fryer,1,8999,5,8549.05
ORD006840,2024-10-04,Chennai,Fashion,Nike Air Max,1,6999,0,6999.0
ORD006841,2025-06-01,Ahmedabad,Electronics,Apple iPhone 15,2,79999,5,151998.1
ORD006842,2024-10-01,Pune,Electronics,Apple iPhone 15,1,79999,0,79999.0
ORD006843,2026-04-01,Ahmedabad,Electronics,Apple iPhone 15,1,79999,10,71999.1
ORD006844,2024-12-15,Delhi,Electronics,Samsung Galaxy S24,1,74999,15,63749.15
ORD006845,2024-06-17,Bengaluru,Fashion,Levi's Jeans,2,2499,0,4998.0
ORD006846,2026-03-25,Mumbai,Electronics,Samsung Galaxy S24,3,74999,0,224997.0
ORD006847,2025-07-14,Hyderabad,Electronics,OnePlus 12,2,64999,5,123498.1
ORD006848,2025-11-17,Ahmedabad,Home,Philips Air Fryer,2,8999,0,17998.0
ORD006849,2025-09-24,Pune,Home,IKEA Study Table,1,12999,5,12349.05
ORD006850,2024-12-31,Pune,Electronics,Apple iPhone 15,1,79999,10,71999.1
ORD006851,2025-11-02,Delhi,Home,IKEA Study Table,2,12999,15,22098.3
ORD006852,2024-07-15,Chennai,Home,Philips Air Fryer,3,8999,10,24297.3
ORD006853,2025-12-01,Bengaluru,Home,Philips Air Fryer,1,8999,5,8549.05
ORD006854,2024-06-16,Bengaluru,Electronics,Samsung Galaxy S24,2,74999,5,142498.1
ORD006855,2025-11-18,Ahmedabad,Electronics,Apple iPhone 15,1,79999,0,79999.0
ORD006856,2025-02-07,Pune,Fashion,Levi's Jeans,1,2499,15,2124.15
ORD006857,2025-06-18,Delhi,Electronics,Sony WH-1000XM5,2,29999,5,56998.1
ORD006858,2025-05-09,Ahmedabad,Home,Philips Air Fryer,1,8999,0,8999.0
ORD006859,2025-07-28,Chennai,Electronics,Sony WH-1000XM5,1,29999,5,28499.05
ORD006860,2025-12-01,Ahmedabad,Electronics,Samsung Galaxy S24,1,74999,15,63749.15
ORD006861,2024-10-23,Bengaluru,Fashion,Levi's Jeans,1,2499,5,2374.05
ORD006862,2024-12-04,Delhi,Electronics,Sony WH-1000XM5,2,29999,0,59998.0
ORD006863,2025-03-27,Bengaluru,Electronics,OnePlus 12,4,64999,5,246996.2
ORD006864,2025-03-28,Bengaluru,Home,Philips Air Fryer,2,8999,0,17998.0
ORD006865,2026-03-18,Kolkata,Home,Philips Air Fryer,3,8999,5,25647.15
ORD006866,2024-06-21,Bengaluru,Fashion,Levi's Jeans,2,2499,10,4498.2
ORD006867,2024-08-09,Hyderabad,Electronics,OnePlus 12,1,64999,15,55249.15
ORD006868,2025-11-04,Delhi,Fashion,Levi's Jeans,1,2499,10,2249.1
ORD006869,2026-03-13,Pune,Home,Philips Air Fryer,2,8999,15,15298.3
ORD006870,2025-12-28,Delhi,Electronics,Samsung Galaxy S24,1,74999,5,71249.05
ORD006871,2025-09-01,Mumbai,Electronics,Apple iPhone 15,1,79999,0,79999.0
ORD006872,2025-04-26,Pune,Fashion,Nike Air Max,1,6999,15,5949.15
ORD006873,2025-12-04,Mumbai,Fashion,Nike Air Max,1,6999,10,6299.1
ORD006874,2026-02-22,Kolkata,Home,Philips Air Fryer,2,8999,5,17098.1
ORD006875,2025-12-04,Bengaluru,Home,IKEA Study Table,3,12999,0,38997.0
ORD006876,2024-11-21,Mumbai,Fashion,Nike Air Max,1,6999,5,6649.05
ORD006877,2024-06-14,Kolkata,Fashion,Levi's Jeans,4,2499,5,9496.2
ORD006878,2025-01-07,Ahmedabad,Electronics,OnePlus 12,1,64999,5,61749.05
ORD006879,2025-09-29,Bengaluru,Home,Philips Air Fryer,2,8999,5,17098.1
ORD006880,2026-05-06,Pune,Electronics,Sony WH-1000XM5,1,29999,10,26999.1
ORD006881,2025-08-14,Chennai,Electronics,Apple iPhone 15,1,79999,10,71999.1
ORD006882,2024-07-23,Kolkata,Home,IKEA Study Table,1,12999,5,12349.05
ORD006883,2026-06-08,Kolkata,Electronics,Sony WH-1000XM5,2,29999,10,53998.2
ORD006884,2025-03-27,Bengaluru,Fashion,Nike Air Max,2,6999,0,13998.0
ORD006885,2025-03-06,Pune,Fashion,Levi's Jeans,2,2499,10,4498.2
ORD006886,2025-10-05,Ahmedabad,Electronics,Samsung Galaxy S24,1,74999,5,71249.05
ORD006887,2024-08-17,Bengaluru,Home,IKEA Study Table,1,12999,15,11049.15
ORD006888,2024-10-24,Ahmedabad,Fashion,Nike Air Max,1,6999,15,5949.15
ORD006889,2025-11-26,Hyderabad,Electronics,Samsung Galaxy S24,1,74999,10,67499.1
ORD006890,2024-07-17,Mumbai,Electronics,OnePlus 12,1,64999,0,64999.0
ORD006891,2025-01-02,Mumbai,Electronics,Apple iPhone 15,1,79999,5,75999.05
ORD006892,2024-08-31,Hyderabad,Electronics,OnePlus 12,1,64999,5,61749.05
ORD006893,2024-07-11,Bengaluru,Electronics,OnePlus 12,1,64999,5,61749.05
ORD006894,2024-09-11,Delhi,Electronics,Samsung Galaxy S24,1,74999,15,63749.15
ORD006895,2025-08-16,Delhi,Electronics,Samsung Galaxy S24,1,74999,15,63749.15
ORD006896,2024-12-29,Chennai,Home,Philips Air Fryer,4,8999,10,32396.4
ORD006897,2025-11-09,Bengaluru,Electronics,OnePlus 12,1,64999,15,55249.15
ORD006898,2025-01-21,Mumbai,Electronics,Apple iPhone 15,1,79999,15,67999.15
ORD006899,2026-02-27,Hyderabad,Fashion,Levi's Jeans,1,2499,15,2124.15
ORD006900,2026-04-17,Kolkata,Electronics,Samsung Galaxy S24,1,74999,5,71249.05
ORD006901,2024-08-23,Ahmedabad,Home,Philips Air Fryer,2,8999,5,17098.1
ORD006902,2025-07-05,Chennai,Fashion,Nike Air Max,1,6999,10,6299.1
ORD006903,2024-08-11,Mumbai,Fashion,Nike Air Max,1,6999,0,6999.0
ORD006904,2025-08-28,Pune,Fashion,Nike Air Max,3,6999,0,20997.0
ORD006905,2025-04-18,Bengaluru,Fashion,Levi's Jeans,2,2499,10,4498.2
ORD006906,2025-10-24,Delhi,Electronics,OnePlus 12,1,64999,5,61749.05
ORD006907,2025-01-15,Mumbai,Electronics,Apple iPhone 15,1,79999,15,67999.15
ORD006908,2024-12-18,Chennai,Home,IKEA Study Table,1,12999,5,12349.05
ORD006909,2024-09-05,Mumbai,Electronics,Apple iPhone 15,1,79999,5,75999.05
ORD006910,2025-07-06,Hyderabad,Electronics,Sony WH-1000XM5,2,29999,5,56998.1
ORD006911,2024-06-18,Delhi,Electronics,Sony WH-1000XM5,4,29999,10,107996.4
ORD006912,2025-03-08,Mumbai,Electronics,Samsung Galaxy S24,4,74999,5,284996.2
ORD006913,2026-05-24,Delhi,Electronics,Samsung Galaxy S24,3,74999,15,191247.45
ORD006914,2026-04-14,Ahmedabad,Electronics,Samsung Galaxy S24,1,74999,15,63749.15
ORD006915,2026-05-25,Mumbai,Home,IKEA Study Table,2,12999,10,23398.2
ORD006916,2026-01-27,Hyderabad,Electronics,Sony WH-1000XM5,1,29999,0,29999.0
ORD006917,2026-05-11,Pune,Fashion,Nike Air Max,1,6999,10,6299.1
ORD006918,2024-09-27,Ahmedabad,Electronics,Apple iPhone 15,1,79999,15,67999.15
ORD006919,2025-05-05,Mumbai,Fashion,Levi's Jeans,1,2499,0,2499.0
ORD006920,2025-06-03,Mumbai,Fashion,Levi's Jeans,1,2499,10,2249.1
ORD006921,2024-12-28,Kolkata,Electronics,Samsung Galaxy S24,1,74999,0,74999.0
ORD006922,2026-02-23,Bengaluru,Home,Philips Air Fryer,1,8999,15,7649.15
ORD006923,2024-11-28,Pune,Electronics,Apple iPhone 15,1,79999,10,71999.1
ORD006924,2026-05-05,Mumbai,Electronics,Samsung Galaxy S24,1,74999,10,67499.1
ORD006925,2024-12-03,Pune,Home,Philips Air Fryer,2,8999,15,15298.3
ORD006926,2025-07-28,Chennai,Electronics,Sony WH-1000XM5,1,29999,5,28499.05
ORD006927,2025-05-19,Bengaluru,Fashion,Nike Air Max,1,6999,5,6649.05
ORD006928,2026-05-29,Chennai,Electronics,OnePlus 12,2,64999,0,129998.0
ORD006929,2025-12-16,Hyderabad,Electronics,Sony WH-1000XM5,4,29999,15,101996.6
ORD006930,2024-07-12,Mumbai,Electronics,Sony WH-1000XM5,1,29999,10,26999.1
ORD006931,2025-03-27,Bengaluru,Fashion,Levi's Jeans,1,2499,15,2124.15
ORD006932,2025-09-13,Chennai,Fashion,Nike Air Max,2,6999,5,13298.1
ORD006933,2025-12-20,Pune,Electronics,Apple iPhone 15,2,79999,0,159998.0
ORD006934,2025-11-11,Chennai,Fashion,Nike Air Max,2,6999,10,12598.2
ORD006935,2026-01-19,Kolkata,Home,Philips Air Fryer,2,8999,15,15298.3
ORD006936,2026-03-25,Pune,Electronics,OnePlus 12,1,64999,5,61749.05
ORD006937,2024-10-09,Delhi,Home,IKEA Study Table,1,12999,0,12999.0
ORD006938,2026-05-15,Mumbai,Electronics,Apple iPhone 15,1,79999,10,71999.1
ORD006939,2025-12-24,Pune,Home,IKEA Study Table,1,12999,15,11049.15
ORD006940,2025-10-09,Bengaluru,Fashion,Levi's Jeans,2,2499,5,4748.1
ORD006941,2026-01-23,Hyderabad,Electronics,Sony WH-1000XM5,1,29999,10,26999.1
ORD006942,2026-03-16,Mumbai,Fashion,Nike Air Max,1,6999,5,6649.05
ORD006943,2025-07-11,Ahmedabad,Fashion,Nike Air Max,2,6999,10,12598.2
ORD006944,2025-06-05,Pune,Home,IKEA Study Table,1,12999,15,11049.15
ORD006945,2024-11-12,Delhi,Electronics,Samsung Galaxy S24,2,74999,15,127498.3
ORD006946,2024-07-21,Kolkata,Electronics,Apple iPhone 15,2,79999,10,143998.2
ORD006947,2024-11-15,Hyderabad,Home,Philips Air Fryer,4,8999,15,30596.6
ORD006948,2025-06-15,Pune,Fashion,Nike Air Max,2,6999,0,13998.0
ORD006949,2025-04-10,Kolkata,Home,Philips Air Fryer,1,8999,10,8099.1
ORD006950,2025-04-27,Chennai,Electronics,Apple iPhone 15,2,79999,0,159998.0
ORD006951,2025-12-25,Delhi,Electronics,OnePlus 12,1,64999,5,61749.05
ORD006952,2026-05-29,Mumbai,Home,Philips Air Fryer,2,8999,15,15298.3
ORD006953,2024-08-28,Hyderabad,Electronics,Apple iPhone 15,3,79999,5,227997.15
ORD006954,2026-03-18,Bengaluru,Home,IKEA Study Table,1,12999,0,12999.0
ORD006955,2024-11-18,Hyderabad,Electronics,Sony WH-1000XM5,1,29999,15,25499.15
ORD006956,2024-10-22,Delhi,Home,Philips Air Fryer,3,8999,0,26997.0
ORD006957,2024-11-08,Kolkata,Home,IKEA Study Table,1,12999,5,12349.05
ORD006958,2025-06-14,Ahmedabad,Electronics,Samsung Galaxy S24,2,74999,10,134998.2
ORD006959,2025-11-20,Delhi,Electronics,Apple iPhone 15,3,79999,5,227997.15
ORD006960,2025-03-20,Bengaluru,Home,IKEA Study Table,2,12999,10,23398.2
ORD006961,2025-03-06,Pune,Fashion,Nike Air Max,2,6999,15,11898.3
ORD006962,2025-04-11,Ahmedabad,Fashion,Levi's Jeans,2,2499,15,4248.3
ORD006963,2026-04-09,Mumbai,Electronics,Sony WH-1000XM5,1,29999,0,29999.0
ORD006964,2025-07-25,Hyderabad,Home,IKEA Study Table,1,12999,10,11699.1
ORD006965,2024-09-01,Hyderabad,Fashion,Levi's Jeans,1,2499,10,2249.1
ORD006966,2025-11-28,Kolkata,Fashion,Levi's Jeans,1,2499,0,2499.0
ORD006967,2025-10-21,Ahmedabad,Home,Philips Air Fryer,1,8999,5,8549.05
ORD006968,2025-12-06,Hyderabad,Electronics,OnePlus 12,1,64999,10,58499.1
ORD006969,2025-02-24,Chennai,Electronics,Sony WH-1000XM5,1,29999,15,25499.15
ORD006970,2025-03-05,Hyderabad,Electronics,Samsung Galaxy S24,2,74999,0,149998.0
ORD006971,2026-01-18,Chennai,Electronics,Sony WH-1000XM5,1,29999,5,28499.05
ORD006972,2024-11-30,Chennai,Electronics,Apple iPhone 15,1,79999,15,67999.15
ORD006973,2026-04-28,Kolkata,Fashion,Nike Air Max,1,6999,5,6649.05
ORD006974,2025-09-17,Ahmedabad,Fashion,Nike Air Max,1,6999,0,6999.0
ORD006975,2026-02-04,Hyderabad,Home,IKEA Study Table,1,12999,5,12349.05
ORD006976,2025-06-16,Mumbai,Electronics,Apple iPhone 15,1,79999,5,75999.05
ORD006977,2025-08-02,Kolkata,Home,IKEA Study Table,2,12999,0,25998.0
ORD006978,2025-07-21,Delhi,Home,IKEA Study Table,4,12999,0,51996.0
ORD006979,2025-12-26,Kolkata,Fashion,Nike Air Max,2,6999,0,13998.0
ORD006980,2025-06-01,Bengaluru,Electronics,Sony WH-1000XM5,1,29999,5,28499.05
ORD006981,2024-07-14,Hyderabad,Electronics,Sony WH-1000XM5,1,29999,10,26999.1
ORD006982,2024-09-20,Ahmedabad,Electronics,Apple iPhone 15,1,79999,5,75999.05
ORD006983,2025-05-22,Mumbai,Fashion,Nike Air Max,1,6999,10,6299.1
ORD006984,2024-10-31,Ahmedabad,Electronics,OnePlus 12,1,64999,5,61749.05
ORD006985,2025-06-29,Delhi,Fashion,Nike Air Max,1,6999,15,5949.15
ORD006986,2024-12-11,Pune,Fashion,Nike Air Max,2,6999,10,12598.2
ORD006987,2025-06-25,Hyderabad,Fashion,Levi's Jeans,2,2499,5,4748.1
ORD006988,2024-08-27,Delhi,Electronics,Apple iPhone 15,1,79999,5,75999.05
ORD006989,2025-10-20,Hyderabad,Fashion,Levi's Jeans,1,2499,0,2499.0
ORD006990,2024-10-11,Mumbai,Home,Philips Air Fryer,2,8999,10,16198.2
ORD006991,2026-02-09,Chennai,Electronics,Sony WH-1000XM5,2,29999,10,53998.2
ORD006992,2025-07-23,Bengaluru,Fashion,Nike Air Max,2,6999,0,13998.0
ORD006993,2024-07-07,Kolkata,Electronics,Apple iPhone 15,1,79999,0,79999.0
ORD006994,2026-03-04,Hyderabad,Fashion,Levi's Jeans,1,2499,15,2124.15
ORD006995,2025-07-31,Hyderabad,Fashion,Levi's Jeans,3,2499,10,6747.3
ORD006996,2024-07-21,Bengaluru,Home,IKEA Study Table,2,12999,0,25998.0
ORD006997,2025-07-29,Pune,Electronics,Samsung Galaxy S24,1,74999,5,71249.05
ORD006998,2024-12-03,Ahmedabad,Electronics,OnePlus 12,1,64999,0,64999.0
ORD006999,2026-03-26,Pune,Fashion,Nike Air Max,1,6999,15,5949.15
ORD007000,2025-05-05,Delhi,Electronics,OnePlus 12,1,64999,5,61749.05
ORD007001,2024-12-11,Hyderabad,Electronics,Apple iPhone 15,1,79999,10,71999.1
ORD007002,2025-03-11,Delhi,Home,Philips Air Fryer,1,8999,10,8099.1
ORD007003,2025-11-29,Chennai,Electronics,Apple iPhone 15,3,79999,10,215997.3
ORD007004,2025-06-10,Chennai,Fashion,Nike Air Max,2,6999,10,12598.2
ORD007005,2026-03-08,Delhi,Electronics,Apple iPhone 15,1,79999,15,67999.15
ORD007006,2025-07-21,Kolkata,Fashion,Nike Air Max,1,6999,15,5949.15
ORD007007,2026-02-08,Delhi,Home,IKEA Study Table,2,12999,10,23398.2
ORD007008,2024-12-23,Ahmedabad,Electronics,Sony WH-1000XM5,2,29999,15,50998.3
ORD007009,2024-10-29,Hyderabad,Electronics,Sony WH-1000XM5,1,29999,0,29999.0
ORD007010,2025-10-31,Delhi,Home,Philips Air Fryer,1,8999,5,8549.05
ORD007011,2025-06-23,Ahmedabad,Home,Philips Air Fryer,1,8999,5,8549.05
ORD007012,2025-11-09,Bengaluru,Electronics,Apple iPhone 15,1,79999,5,75999.05
ORD007013,2024-10-06,Chennai,Electronics,Apple iPhone 15,1,79999,10,71999.1
ORD007014,2025-03-08,Mumbai,Electronics,Apple iPhone 15,1,79999,15,67999.15
ORD007015,2024-12-30,Mumbai,Home,Philips Air Fryer,2,8999,15,15298.3
ORD007016,2025-11-19,Bengaluru,Electronics,Samsung Galaxy S24,4,74999,0,299996.0
ORD007017,2025-12-22,Hyderabad,Electronics,Apple iPhone 15,1,79999,5,75999.05
ORD007018,2024-07-06,Ahmedabad,Fashion,Levi's Jeans,2,2499,15,4248.3
ORD007019,2024-11-24,Ahmedabad,Home,IKEA Study Table,3,12999,0,38997.0
ORD007020,2025-01-23,Delhi,Electronics,OnePlus 12,2,64999,5,123498.1
ORD007021,2025-10-24,Bengaluru,Electronics,Sony WH-1000XM5,1,29999,0,29999.0
ORD007022,2024-11-04,Pune,Home,Philips Air Fryer,2,8999,5,17098.1
ORD007023,2025-02-11,Mumbai,Electronics,Apple iPhone 15,3,79999,5,227997.15
ORD007024,2026-03-05,Ahmedabad,Home,IKEA Study Table,1,12999,5,12349.05
ORD007025,2025-11-02,Bengaluru,Electronics,Apple iPhone 15,3,79999,5,227997.15
ORD007026,2024-11-11,Hyderabad,Electronics,Sony WH-1000XM5,2,29999,15,50998.3
ORD007027,2025-08-06,Chennai,Electronics,OnePlus 12,1,64999,0,64999.0
ORD007028,2025-11-03,Kolkata,Fashion,Levi's Jeans,2,2499,10,4498.2
ORD007029,2025-05-10,Mumbai,Home,IKEA Study Table,2,12999,5,24698.1
ORD007030,2025-11-07,Mumbai,Home,Philips Air Fryer,1,8999,5,8549.05
ORD007031,2025-10-12,Ahmedabad,Electronics,Samsung Galaxy S24,4,74999,5,284996.2
ORD007032,2025-12-24,Ahmedabad,Electronics,Apple iPhone 15,3,79999,10,215997.3
ORD007033,2025-08-19,Bengaluru,Home,Philips Air Fryer,1,8999,10,8099.1
ORD007034,2026-03-19,Ahmedabad,Fashion,Levi's Jeans,1,2499,0,2499.0
ORD007035,2024-12-22,Kolkata,Electronics,Apple iPhone 15,2,79999,10,143998.2
ORD007036,2025-05-16,Chennai,Electronics,OnePlus 12,2,64999,10,116998.2
ORD007037,2024-07-21,Kolkata,Electronics,OnePlus 12,1,64999,5,61749.05
ORD007038,2025-08-27,Kolkata,Home,IKEA Study Table,2,12999,15,22098.3
ORD007039,2025-04-23,Hyderabad,Fashion,Levi's Jeans,1,2499,0,2499.0
ORD007040,2025-06-24,Kolkata,Home,Philips Air Fryer,1,8999,15,7649.15
ORD007041,2025-08-17,Bengaluru,Electronics,Apple iPhone 15,4,79999,0,319996.0
ORD007042,2026-01-25,Hyderabad,Home,IKEA Study Table,4,12999,5,49396.2
ORD007043,2026-03-31,Bengaluru,Electronics,OnePlus 12,1,64999,0,64999.0
ORD007044,2025-07-24,Ahmedabad,Electronics,OnePlus 12,3,64999,0,194997.0
ORD007045,2026-02-13,Mumbai,Fashion,Levi's Jeans,1,2499,0,2499.0
ORD007046,2025-11-15,Pune,Fashion,Nike Air Max,1,6999,15,5949.15
ORD007047,2025-09-13,Ahmedabad,Home,Philips Air Fryer,1,8999,15,7649.15
ORD007048,2024-11-17,Ahmedabad,Electronics,Apple iPhone 15,2,79999,0,159998.0
ORD007049,2025-08-28,Chennai,Home,Philips Air Fryer,1,8999,15,7649.15
ORD007050,2025-03-23,Pune,Electronics,Samsung Galaxy S24,1,74999,5,71249.05
ORD007051,2024-06-22,Bengaluru,Electronics,OnePlus 12,2,64999,10,116998.2
ORD007052,2024-07-16,Hyderabad,Fashion,Nike Air Max,1,6999,10,6299.1
ORD007053,2026-06-04,Pune,Electronics,Samsung Galaxy S24,2,74999,0,149998.0
ORD007054,2026-03-10,Mumbai,Electronics,Samsung Galaxy S24,4,74999,10,269996.4
ORD007055,2025-07-20,Kolkata,Home,IKEA Study Table,1,12999,0,12999.0
ORD007056,2026-05-18,Kolkata,Electronics,Apple iPhone 15,2,79999,15,135998.3
ORD007057,2025-06-20,Kolkata,Electronics,Samsung Galaxy S24,1,74999,0,74999.0
ORD007058,2025-05-11,Kolkata,Home,IKEA Study Table,2,12999,0,25998.0
ORD007059,2025-03-15,Delhi,Fashion,Levi's Jeans,1,2499,5,2374.05
ORD007060,2026-05-30,Kolkata,Home,Philips Air Fryer,4,8999,10,32396.4
ORD007061,2026-05-01,Hyderabad,Home,Philips Air Fryer,1,8999,5,8549.05
ORD007062,2024-07-14,Chennai,Home,Philips Air Fryer,1,8999,0,8999.0
ORD007063,2024-12-03,Mumbai,Electronics,Samsung Galaxy S24,1,74999,0,74999.0
ORD007064,2026-03-31,Kolkata,Home,IKEA Study Table,1,12999,0,12999.0
ORD007065,2025-10-27,Mumbai,Fashion,Nike Air Max,1,6999,5,6649.05
ORD007066,2026-02-08,Hyderabad,Fashion,Nike Air Max,1,6999,10,6299.1
ORD007067,2024-10-02,Bengaluru,Home,IKEA Study Table,1,12999,5,12349.05
ORD007068,2026-05-21,Kolkata,Electronics,Apple iPhone 15,1,79999,5,75999.05
ORD007069,2025-01-30,Hyderabad,Fashion,Nike Air Max,3,6999,15,17847.45
ORD007070,2024-06-26,Delhi,Home,IKEA Study Table,2,12999,10,23398.2
ORD007071,2025-12-05,Hyderabad,Home,Philips Air Fryer,1,8999,15,7649.15
ORD007072,2026-04-24,Chennai,Fashion,Levi's Jeans,2,2499,5,4748.1
ORD007073,2024-09-26,Bengaluru,Electronics,OnePlus 12,1,64999,10,58499.1
ORD007074,2024-06-20,Hyderabad,Electronics,Apple iPhone 15,1,79999,15,67999.15
ORD007075,2024-06-25,Kolkata,Electronics,Samsung Galaxy S24,1,74999,5,71249.05
ORD007076,2026-04-17,Pune,Fashion,Levi's Jeans,1,2499,10,2249.1
ORD007077,2026-02-23,Kolkata,Electronics,Sony WH-1000XM5,1,29999,5,28499.05
ORD007078,2026-03-26,Kolkata,Home,Philips Air Fryer,2,8999,15,15298.3
ORD007079,2026-01-26,Mumbai,Home,Philips Air Fryer,1,8999,15,7649.15
ORD007080,2024-11-21,Kolkata,Fashion,Nike Air Max,1,6999,0,6999.0
ORD007081,2026-04-06,Chennai,Fashion,Levi's Jeans,1,2499,0,2499.0
ORD007082,2024-11-10,Pune,Fashion,Levi's Jeans,2,2499,15,4248.3
ORD007083,2024-09-15,Mumbai,Fashion,Levi's Jeans,1,2499,0,2499.0
ORD007084,2025-03-20,Ahmedabad,Electronics,Sony WH-1000XM5,4,29999,10,107996.4
ORD007085,2026-04-20,Chennai,Electronics,OnePlus 12,1,64999,0,64999.0
ORD007086,2025-10-29,Mumbai,Home,IKEA Study Table,1,12999,10,11699.1
ORD007087,2025-12-03,Chennai,Home,Philips Air Fryer,1,8999,10,8099.1
ORD007088,2026-02-14,Pune,Electronics,Sony WH-1000XM5,1,29999,15,25499.15
ORD007089,2025-09-04,Mumbai,Electronics,Samsung Galaxy S24,3,74999,0,224997.0
ORD007090,2026-06-05,Hyderabad,Fashion,Nike Air Max,2,6999,0,13998.0
ORD007091,2024-11-04,Delhi,Home,Philips Air Fryer,2,8999,10,16198.2
ORD007092,2024-06-21,Ahmedabad,Electronics,OnePlus 12,1,64999,10,58499.1
ORD007093,2025-10-07,Mumbai,Electronics,Samsung Galaxy S24,1,74999,5,71249.05
ORD007094,2024-12-15,Hyderabad,Home,IKEA Study Table,2,12999,5,24698.1
ORD007095,2024-06-09,Bengaluru,Electronics,Apple iPhone 15,3,79999,0,239997.0
ORD007096,2024-12-28,Hyderabad,Electronics,OnePlus 12,2,64999,15,110498.3
ORD007097,2024-06-21,Bengaluru,Electronics,OnePlus 12,1,64999,15,55249.15
ORD007098,2026-04-18,Hyderabad,Electronics,Apple iPhone 15,1,79999,10,71999.1
ORD007099,2025-03-30,Pune,Electronics,OnePlus 12,2,64999,15,110498.3
ORD007100,2025-02-17,Kolkata,Electronics,OnePlus 12,4,64999,10,233996.4
ORD007101,2025-01-19,Kolkata,Fashion,Levi's Jeans,2,2499,10,4498.2
ORD007102,2026-03-26,Bengaluru,Fashion,Levi's Jeans,1,2499,10,2249.1
ORD007103,2024-10-04,Kolkata,Electronics,Sony WH-1000XM5,3,29999,0,89997.0
ORD007104,2025-07-16,Pune,Fashion,Levi's Jeans,2,2499,5,4748.1
ORD007105,2025-03-12,Bengaluru,Fashion,Levi's Jeans,1,2499,15,2124.15
ORD007106,2024-08-10,Hyderabad,Home,IKEA Study Table,1,12999,0,12999.0
ORD007107,2026-02-08,Ahmedabad,Fashion,Nike Air Max,2,6999,5,13298.1
ORD007108,2024-10-08,Kolkata,Home,IKEA Study Table,3,12999,15,33147.45
ORD007109,2025-08-08,Hyderabad,Home,IKEA Study Table,3,12999,10,35097.3
ORD007110,2024-10-07,Kolkata,Fashion,Levi's Jeans,1,2499,10,2249.1
ORD007111,2026-03-24,Hyderabad,Fashion,Levi's Jeans,4,2499,5,9496.2
ORD007112,2024-08-05,Delhi,Electronics,Apple iPhone 15,1,79999,5,75999.05
ORD007113,2025-03-14,Chennai,Home,Philips Air Fryer,4,8999,0,35996.0
ORD007114,2024-11-03,Chennai,Home,Philips Air Fryer,1,8999,15,7649.15
ORD007115,2025-09-19,Hyderabad,Electronics,Samsung Galaxy S24,4,74999,5,284996.2
ORD007116,2024-12-13,Pune,Home,Philips Air Fryer,3,8999,0,26997.0
ORD007117,2025-04-10,Hyderabad,Electronics,OnePlus 12,2,64999,10,116998.2
ORD007118,2025-06-14,Chennai,Home,IKEA Study Table,2,12999,15,22098.3
ORD007119,2024-11-21,Chennai,Home,Philips Air Fryer,1,8999,0,8999.0
ORD007120,2025-02-24,Bengaluru,Home,Philips Air Fryer,1,8999,15,7649.15
ORD007121,2024-07-21,Mumbai,Electronics,OnePlus 12,2,64999,5,123498.1
ORD007122,2026-01-27,Chennai,Home,IKEA Study Table,1,12999,15,11049.15
ORD007123,2025-10-08,Delhi,Fashion,Levi's Jeans,1,2499,10,2249.1
ORD007124,2026-01-26,Bengaluru,Electronics,Samsung Galaxy S24,1,74999,5,71249.05
ORD007125,2025-02-11,Delhi,Home,IKEA Study Table,2,12999,10,23398.2
ORD007126,2024-08-29,Bengaluru,Electronics,Sony WH-1000XM5,1,29999,15,25499.15
ORD007127,2024-11-17,Bengaluru,Home,IKEA Study Table,1,12999,15,11049.15
ORD007128,2025-04-17,Ahmedabad,Fashion,Levi's Jeans,1,2499,10,2249.1
ORD007129,2026-02-03,Bengaluru,Electronics,Sony WH-1000XM5,3,29999,0,89997.0
ORD007130,2025-11-11,Kolkata,Electronics,Samsung Galaxy S24,1,74999,0,74999.0
ORD007131,2025-08-21,Mumbai,Electronics,OnePlus 12,1,64999,15,55249.15
ORD007132,2025-09-14,Hyderabad,Home,Philips Air Fryer,1,8999,10,8099.1
ORD007133,2025-05-04,Ahmedabad,Fashion,Nike Air Max,2,6999,10,12598.2
ORD007134,2026-02-17,Chennai,Home,Philips Air Fryer,1,8999,15,7649.15
ORD007135,2025-05-22,Bengaluru,Fashion,Levi's Jeans,1,2499,0,2499.0
ORD007136,2026-02-10,Bengaluru,Electronics,OnePlus 12,1,64999,0,64999.0
ORD007137,2025-07-12,Chennai,Home,Philips Air Fryer,1,8999,0,8999.0
ORD007138,2026-03-27,Bengaluru,Fashion,Levi's Jeans,1,2499,10,2249.1
ORD007139,2025-11-10,Kolkata,Electronics,OnePlus 12,4,64999,10,233996.4
ORD007140,2025-04-14,Delhi,Electronics,Apple iPhone 15,1,79999,0,79999.0
ORD007141,2025-03-31,Kolkata,Electronics,Samsung Galaxy S24,2,74999,5,142498.1
ORD007142,2025-01-31,Delhi,Electronics,Samsung Galaxy S24,2,74999,5,142498.1
ORD007143,2025-04-13,Ahmedabad,Electronics,OnePlus 12,3,64999,5,185247.15
ORD007144,2024-12-17,Bengaluru,Home,Philips Air Fryer,1,8999,10,8099.1
ORD007145,2025-07-15,Ahmedabad,Home,IKEA Study Table,3,12999,15,33147.45
ORD007146,2024-08-02,Bengaluru,Electronics,OnePlus 12,1,64999,10,58499.1
ORD007147,2026-01-31,Ahmedabad,Home,IKEA Study Table,1,12999,15,11049.15
ORD007148,2025-06-28,Mumbai,Electronics,Apple iPhone 15,2,79999,5,151998.1
ORD007149,2025-02-22,Hyderabad,Home,IKEA Study Table,1,12999,5,12349.05
ORD007150,2025-10-18,Ahmedabad,Home,IKEA Study Table,4,12999,0,51996.0
ORD007151,2025-11-07,Delhi,Electronics,OnePlus 12,2,64999,5,123498.1
ORD007152,2026-01-25,Chennai,Fashion,Levi's Jeans,2,2499,10,4498.2
ORD007153,2026-01-12,Bengaluru,Home,IKEA Study Table,1,12999,15,11049.15
ORD007154,2025-08-25,Kolkata,Electronics,Sony WH-1000XM5,4,29999,5,113996.2
ORD007155,2024-10-14,Mumbai,Home,IKEA Study Table,2,12999,0,25998.0
ORD007156,2025-01-09,Chennai,Fashion,Levi's Jeans,1,2499,10,2249.1
ORD007157,2026-02-25,Kolkata,Home,IKEA Study Table,1,12999,5,12349.05
ORD007158,2025-05-11,Bengaluru,Electronics,Sony WH-1000XM5,2,29999,5,56998.1
ORD007159,2025-04-04,Mumbai,Fashion,Nike Air Max,2,6999,15,11898.3
ORD007160,2025-10-02,Mumbai,Fashion,Levi's Jeans,2,2499,10,4498.2
ORD007161,2025-09-29,Hyderabad,Electronics,OnePlus 12,1,64999,10,58499.1
ORD007162,2025-10-11,Kolkata,Home,Philips Air Fryer,1,8999,5,8549.05
ORD007163,2025-01-24,Pune,Home,IKEA Study Table,2,12999,10,23398.2
ORD007164,2025-05-02,Chennai,Electronics,Samsung Galaxy S24,1,74999,0,74999.0
ORD007165,2025-07-01,Ahmedabad,Home,Philips Air Fryer,2,8999,10,16198.2
ORD007166,2025-09-12,Chennai,Home,IKEA Study Table,1,12999,15,11049.15
ORD007167,2025-07-27,Hyderabad,Home,Philips Air Fryer,2,8999,10,16198.2
ORD007168,2025-10-17,Kolkata,Fashion,Levi's Jeans,2,2499,15,4248.3
ORD007169,2025-11-30,Pune,Electronics,Sony WH-1000XM5,1,29999,5,28499.05
ORD007170,2024-11-27,Chennai,Electronics,OnePlus 12,1,64999,10,58499.1
ORD007171,2025-10-06,Mumbai,Home,IKEA Study Table,3,12999,15,33147.45
ORD007172,2025-04-16,Bengaluru,Electronics,Apple iPhone 15,2,79999,15,135998.3
ORD007173,2024-11-04,Chennai,Electronics,Sony WH-1000XM5,2,29999,10,53998.2
ORD007174,2025-03-07,Hyderabad,Fashion,Levi's Jeans,4,2499,15,8496.6
ORD007175,2025-06-15,Chennai,Electronics,Apple iPhone 15,1,79999,0,79999.0
ORD007176,2025-06-24,Mumbai,Electronics,Sony WH-1000XM5,1,29999,5,28499.05
ORD007177,2024-09-11,Mumbai,Electronics,Sony WH-1000XM5,3,29999,5,85497.15
ORD007178,2024-11-27,Pune,Electronics,Samsung Galaxy S24,1,74999,15,63749.15
ORD007179,2025-01-25,Delhi,Home,Philips Air Fryer,1,8999,5,8549.05
ORD007180,2025-03-27,Chennai,Fashion,Nike Air Max,1,6999,0,6999.0
ORD007181,2025-09-30,Pune,Electronics,Samsung Galaxy S24,1,74999,0,74999.0
ORD007182,2026-04-02,Kolkata,Fashion,Nike Air Max,2,6999,5,13298.1
ORD007183,2026-02-27,Chennai,Fashion,Levi's Jeans,2,2499,5,4748.1
ORD007184,2025-10-15,Kolkata,Home,Philips Air Fryer,1,8999,5,8549.05
ORD007185,2026-04-04,Pune,Home,IKEA Study Table,1,12999,15,11049.15
ORD007186,2026-03-20,Ahmedabad,Fashion,Nike Air Max,3,6999,10,18897.3
ORD007187,2024-11-11,Chennai,Fashion,Nike Air Max,1,6999,10,6299.1
ORD007188,2025-10-16,Chennai,Home,IKEA Study Table,1,12999,10,11699.1
ORD007189,2024-07-01,Chennai,Fashion,Nike Air Max,1,6999,10,6299.1
ORD007190,2024-12-31,Bengaluru,Electronics,Sony WH-1000XM5,2,29999,15,50998.3
ORD007191,2025-09-03,Chennai,Electronics,Samsung Galaxy S24,1,74999,10,67499.1
ORD007192,2024-06-15,Chennai,Fashion,Levi's Jeans,3,2499,5,7122.15
ORD007193,2025-08-14,Chennai,Electronics,OnePlus 12,2,64999,5,123498.1
ORD007194,2025-10-15,Kolkata,Electronics,OnePlus 12,2,64999,0,129998.0
ORD007195,2026-02-03,Ahmedabad,Electronics,OnePlus 12,2,64999,0,129998.0
ORD007196,2025-01-19,Bengaluru,Fashion,Nike Air Max,1,6999,0,6999.0
ORD007197,2024-10-16,Kolkata,Electronics,Samsung Galaxy S24,1,74999,10,67499.1
ORD007198,2025-02-20,Bengaluru,Fashion,Levi's Jeans,2,2499,10,4498.2
ORD007199,2024-09-24,Bengaluru,Electronics,Apple iPhone 15,2,79999,0,159998.0
ORD007200,2025-03-02,Kolkata,Home,IKEA Study Table,2,12999,10,23398.2
ORD007201,2025-04-05,Hyderabad,Electronics,Sony WH-1000XM5,1,29999,5,28499.05
ORD007202,2025-10-08,Delhi,Electronics,Apple iPhone 15,1,79999,10,71999.1
ORD007203,2026-01-23,Bengaluru,Electronics,OnePlus 12,2,64999,0,129998.0
ORD007204,2025-06-09,Mumbai,Fashion,Levi's Jeans,3,2499,10,6747.3
ORD007205,2026-02-06,Delhi,Electronics,OnePlus 12,1,64999,15,55249.15
ORD007206,2025-10-14,Hyderabad,Fashion,Levi's Jeans,2,2499,0,4998.0
ORD007207,2026-05-31,Mumbai,Electronics,Samsung Galaxy S24,1,74999,0,74999.0
ORD007208,2026-01-10,Chennai,Fashion,Nike Air Max,2,6999,5,13298.1
ORD007209,2025-03-15,Mumbai,Home,IKEA Study Table,1,12999,0,12999.0
ORD007210,2024-07-13,Hyderabad,Fashion,Levi's Jeans,3,2499,15,6372.45
ORD007211,2025-04-23,Bengaluru,Electronics,Samsung Galaxy S24,1,74999,5,71249.05
ORD007212,2024-06-26,Pune,Fashion,Nike Air Max,1,6999,0,6999.0
ORD007213,2026-02-17,Delhi,Electronics,Samsung Galaxy S24,4,74999,0,299996.0
ORD007214,2024-09-05,Hyderabad,Fashion,Levi's Jeans,2,2499,5,4748.1
ORD007215,2025-04-10,Delhi,Fashion,Nike Air Max,1,6999,5,6649.05
ORD007216,2025-09-07,Ahmedabad,Home,Philips Air Fryer,2,8999,15,15298.3
ORD007217,2025-02-14,Delhi,Home,Philips Air Fryer,1,8999,15,7649.15
ORD007218,2025-09-14,Pune,Fashion,Levi's Jeans,2,2499,0,4998.0
ORD007219,2025-10-08,Pune,Electronics,OnePlus 12,1,64999,5,61749.05
ORD007220,2026-01-30,Mumbai,Electronics,Sony WH-1000XM5,1,29999,5,28499.05
ORD007221,2025-04-16,Mumbai,Electronics,Samsung Galaxy S24,1,74999,10,67499.1
ORD007222,2025-05-10,Pune,Electronics,OnePlus 12,2,64999,0,129998.0
ORD007223,2025-12-10,Chennai,Home,Philips Air Fryer,2,8999,10,16198.2
ORD007224,2024-12-05,Mumbai,Electronics,OnePlus 12,1,64999,0,64999.0
ORD007225,2025-11-13,Delhi,Electronics,OnePlus 12,1,64999,5,61749.05
ORD007226,2025-05-25,Pune,Fashion,Nike Air Max,1,6999,5,6649.05
ORD007227,2025-08-05,Ahmedabad,Home,IKEA Study Table,4,12999,5,49396.2
ORD007228,2025-12-16,Pune,Home,Philips Air Fryer,1,8999,10,8099.1
ORD007229,2024-12-19,Pune,Home,IKEA Study Table,1,12999,5,12349.05
ORD007230,2024-08-01,Hyderabad,Electronics,Samsung Galaxy S24,3,74999,15,191247.45
ORD007231,2025-08-14,Pune,Electronics,Apple iPhone 15,1,79999,0,79999.0
ORD007232,2024-08-12,Mumbai,Electronics,Sony WH-1000XM5,2,29999,5,56998.1
ORD007233,2025-01-16,Chennai,Electronics,Sony WH-1000XM5,1,29999,10,26999.1
ORD007234,2025-07-03,Pune,Home,Philips Air Fryer,1,8999,15,7649.15
ORD007235,2026-03-16,Ahmedabad,Fashion,Levi's Jeans,3,2499,15,6372.45
ORD007236,2025-10-08,Kolkata,Fashion,Nike Air Max,1,6999,15,5949.15
ORD007237,2025-11-19,Chennai,Fashion,Nike Air Max,2,6999,5,13298.1
ORD007238,2025-09-14,Ahmedabad,Home,IKEA Study Table,1,12999,0,12999.0
ORD007239,2024-08-17,Delhi,Electronics,Sony WH-1000XM5,1,29999,0,29999.0
ORD007240,2025-02-08,Pune,Home,IKEA Study Table,4,12999,0,51996.0
ORD007241,2025-12-20,Mumbai,Electronics,Apple iPhone 15,1,79999,15,67999.15
ORD007242,2024-12-16,Delhi,Electronics,Sony WH-1000XM5,2,29999,15,50998.3
ORD007243,2026-01-08,Mumbai,Electronics,Apple iPhone 15,1,79999,15,67999.15
ORD007244,2024-08-07,Ahmedabad,Electronics,Apple iPhone 15,1,79999,10,71999.1
ORD007245,2026-03-30,Bengaluru,Home,Philips Air Fryer,1,8999,5,8549.05
ORD007246,2026-06-07,Mumbai,Electronics,Sony WH-1000XM5,1,29999,15,25499.15
ORD007247,2024-09-18,Mumbai,Electronics,Apple iPhone 15,1,79999,10,71999.1
ORD007248,2025-11-24,Hyderabad,Electronics,Apple iPhone 15,1,79999,0,79999.0
ORD007249,2025-09-28,Delhi,Electronics,Apple iPhone 15,1,79999,5,75999.05
ORD007250,2024-12-13,Mumbai,Electronics,OnePlus 12,1,64999,5,61749.05
ORD007251,2025-12-06,Hyderabad,Home,Philips Air Fryer,1,8999,15,7649.15
ORD007252,2024-12-08,Bengaluru,Fashion,Levi's Jeans,3,2499,5,7122.15
ORD007253,2024-12-10,Kolkata,Electronics,Sony WH-1000XM5,1,29999,0,29999.0
ORD007254,2025-02-19,Bengaluru,Electronics,OnePlus 12,1,64999,10,58499.1
ORD007255,2024-08-10,Hyderabad,Fashion,Nike Air Max,1,6999,10,6299.1
ORD007256,2024-10-10,Delhi,Fashion,Nike Air Max,1,6999,0,6999.0
ORD007257,2026-05-21,Mumbai,Electronics,Samsung Galaxy S24,3,74999,15,191247.45
ORD007258,2024-09-10,Delhi,Electronics,Sony WH-1000XM5,3,29999,5,85497.15
ORD007259,2024-06-28,Kolkata,Home,Philips Air Fryer,1,8999,5,8549.05
ORD007260,2025-08-29,Bengaluru,Electronics,Sony WH-1000XM5,1,29999,5,28499.05
ORD007261,2025-09-06,Hyderabad,Electronics,Sony WH-1000XM5,1,29999,0,29999.0
ORD007262,2025-10-05,Chennai,Electronics,Sony WH-1000XM5,1,29999,15,25499.15
ORD007263,2025-08-08,Ahmedabad,Fashion,Levi's Jeans,1,2499,10,2249.1
ORD007264,2026-01-02,Pune,Home,IKEA Study Table,3,12999,10,35097.3
ORD007265,2025-12-12,Bengaluru,Home,Philips Air Fryer,1,8999,0,8999.0
ORD007266,2024-08-28,Kolkata,Electronics,Apple iPhone 15,1,79999,0,79999.0
ORD007267,2026-01-19,Kolkata,Fashion,Nike Air Max,1,6999,5,6649.05
ORD007268,2024-11-13,Hyderabad,Home,IKEA Study Table,1,12999,0,12999.0
ORD007269,2025-04-27,Pune,Fashion,Nike Air Max,1,6999,0,6999.0
ORD007270,2025-09-04,Hyderabad,Electronics,Samsung Galaxy S24,2,74999,10,134998.2
ORD007271,2026-04-09,Pune,Electronics,Samsung Galaxy S24,1,74999,5,71249.05
ORD007272,2025-07-22,Pune,Fashion,Levi's Jeans,2,2499,15,4248.3
ORD007273,2024-07-27,Pune,Electronics,Samsung Galaxy S24,1,74999,15,63749.15
ORD007274,2025-05-28,Delhi,Electronics,Samsung Galaxy S24,1,74999,0,74999.0
ORD007275,2025-02-06,Ahmedabad,Home,Philips Air Fryer,1,8999,5,8549.05
ORD007276,2026-04-22,Chennai,Electronics,Apple iPhone 15,2,79999,10,143998.2
ORD007277,2024-09-03,Hyderabad,Fashion,Levi's Jeans,1,2499,10,2249.1
ORD007278,2026-02-10,Ahmedabad,Electronics,OnePlus 12,2,64999,5,123498.1
ORD007279,2024-12-29,Kolkata,Fashion,Levi's Jeans,3,2499,5,7122.15
ORD007280,2026-03-11,Mumbai,Home,IKEA Study Table,1,12999,10,11699.1
ORD007281,2024-11-21,Chennai,Electronics,Sony WH-1000XM5,1,29999,10,26999.1
ORD007282,2024-08-28,Ahmedabad,Fashion,Levi's Jeans,4,2499,10,8996.4
ORD007283,2024-08-20,Mumbai,Home,Philips Air Fryer,1,8999,5,8549.05
ORD007284,2026-01-29,Bengaluru,Electronics,Samsung Galaxy S24,1,74999,15,63749.15
ORD007285,2025-08-12,Delhi,Electronics,OnePlus 12,1,64999,5,61749.05
ORD007286,2024-11-14,Hyderabad,Home,Philips Air Fryer,2,8999,15,15298.3
ORD007287,2026-02-15,Delhi,Electronics,OnePlus 12,2,64999,15,110498.3
ORD007288,2025-05-22,Chennai,Home,Philips Air Fryer,2,8999,5,17098.1
ORD007289,2025-10-15,Kolkata,Electronics,Apple iPhone 15,3,79999,10,215997.3
ORD007290,2025-02-24,Hyderabad,Electronics,Apple iPhone 15,4,79999,5,303996.2
ORD007291,2024-11-16,Ahmedabad,Electronics,Apple iPhone 15,2,79999,0,159998.0
ORD007292,2024-11-15,Pune,Fashion,Nike Air Max,1,6999,0,6999.0
ORD007293,2026-05-27,Mumbai,Electronics,Sony WH-1000XM5,1,29999,10,26999.1
ORD007294,2024-09-25,Hyderabad,Electronics,Sony WH-1000XM5,1,29999,10,26999.1
ORD007295,2025-06-05,Kolkata,Electronics,Sony WH-1000XM5,3,29999,15,76497.45
ORD007296,2025-12-04,Bengaluru,Electronics,Apple iPhone 15,1,79999,15,67999.15
ORD007297,2025-12-10,Chennai,Home,IKEA Study Table,3,12999,10,35097.3
ORD007298,2025-10-06,Chennai,Electronics,Samsung Galaxy S24,1,74999,5,71249.05
ORD007299,2024-10-05,Ahmedabad,Fashion,Levi's Jeans,1,2499,15,2124.15
ORD007300,2024-10-11,Kolkata,Fashion,Nike Air Max,1,6999,0,6999.0
ORD007301,2025-01-15,Kolkata,Fashion,Nike Air Max,2,6999,5,13298.1
ORD007302,2026-04-15,Mumbai,Fashion,Nike Air Max,1,6999,0,6999.0
ORD007303,2025-03-15,Kolkata,Electronics,Samsung Galaxy S24,1,74999,0,74999.0
ORD007304,2024-07-13,Hyderabad,Electronics,Sony WH-1000XM5,1,29999,15,25499.15
ORD007305,2025-01-03,Chennai,Fashion,Nike Air Max,1,6999,5,6649.05
ORD007306,2026-02-01,Delhi,Electronics,Samsung Galaxy S24,2,74999,5,142498.1
ORD007307,2025-08-18,Pune,Electronics,OnePlus 12,1,64999,15,55249.15
ORD007308,2025-09-27,Mumbai,Electronics,Apple iPhone 15,1,79999,15,67999.15
ORD007309,2025-05-26,Bengaluru,Home,IKEA Study Table,1,12999,0,12999.0
ORD007310,2025-04-18,Kolkata,Fashion,Levi's Jeans,2,2499,10,4498.2
ORD007311,2026-01-09,Mumbai,Home,Philips Air Fryer,4,8999,5,34196.2
ORD007312,2025-06-01,Hyderabad,Fashion,Levi's Jeans,3,2499,10,6747.3
ORD007313,2025-08-03,Bengaluru,Electronics,Samsung Galaxy S24,2,74999,10,134998.2
ORD007314,2025-06-26,Bengaluru,Electronics,Sony WH-1000XM5,1,29999,10,26999.1
ORD007315,2024-08-14,Bengaluru,Electronics,Sony WH-1000XM5,2,29999,15,50998.3
ORD007316,2024-07-08,Kolkata,Home,IKEA Study Table,2,12999,15,22098.3
ORD007317,2025-06-02,Bengaluru,Electronics,Samsung Galaxy S24,2,74999,0,149998.0
ORD007318,2025-08-04,Hyderabad,Home,Philips Air Fryer,3,8999,15,22947.45
ORD007319,2025-12-11,Pune,Home,IKEA Study Table,4,12999,15,44196.6
ORD007320,2025-04-24,Pune,Electronics,Samsung Galaxy S24,1,74999,5,71249.05
ORD007321,2025-10-24,Pune,Home,IKEA Study Table,4,12999,10,46796.4
ORD007322,2026-05-09,Pune,Electronics,Apple iPhone 15,1,79999,0,79999.0
ORD007323,2025-11-10,Ahmedabad,Home,Philips Air Fryer,1,8999,10,8099.1
ORD007324,2025-01-12,Pune,Fashion,Levi's Jeans,1,2499,0,2499.0
ORD007325,2025-03-11,Chennai,Electronics,Sony WH-1000XM5,1,29999,15,25499.15
ORD007326,2025-02-01,Kolkata,Fashion,Levi's Jeans,1,2499,10,2249.1
ORD007327,2026-04-10,Bengaluru,Electronics,Sony WH-1000XM5,4,29999,10,107996.4
ORD007328,2025-09-02,Hyderabad,Electronics,Sony WH-1000XM5,1,29999,15,25499.15
ORD007329,2025-01-03,Kolkata,Home,IKEA Study Table,1,12999,0,12999.0
ORD007330,2024-10-25,Delhi,Electronics,Samsung Galaxy S24,2,74999,10,134998.2
ORD007331,2025-10-21,Bengaluru,Electronics,OnePlus 12,1,64999,0,64999.0
ORD007332,2024-11-28,Bengaluru,Electronics,Samsung Galaxy S24,2,74999,0,149998.0
ORD007333,2024-07-13,Ahmedabad,Electronics,OnePlus 12,1,64999,0,64999.0
ORD007334,2025-01-05,Bengaluru,Home,Philips Air Fryer,1,8999,0,8999.0
ORD007335,2025-03-01,Delhi,Home,Philips Air Fryer,1,8999,5,8549.05
ORD007336,2025-02-04,Hyderabad,Fashion,Nike Air Max,1,6999,15,5949.15
ORD007337,2025-01-30,Pune,Home,Philips Air Fryer,2,8999,5,17098.1
ORD007338,2025-12-10,Kolkata,Electronics,Apple iPhone 15,2,79999,5,151998.1
ORD007339,2025-06-13,Kolkata,Electronics,Apple iPhone 15,2,79999,0,159998.0
ORD007340,2025-07-16,Mumbai,Electronics,Apple iPhone 15,2,79999,15,135998.3
ORD007341,2024-07-31,Delhi,Home,Philips Air Fryer,3,8999,15,22947.45
ORD007342,2024-06-17,Delhi,Electronics,OnePlus 12,1,64999,0,64999.0
ORD007343,2024-06-27,Ahmedabad,Fashion,Levi's Jeans,1,2499,5,2374.05
ORD007344,2025-11-25,Ahmedabad,Home,IKEA Study Table,2,12999,15,22098.3
ORD007345,2025-04-08,Mumbai,Electronics,OnePlus 12,2,64999,10,116998.2
ORD007346,2025-09-17,Chennai,Home,IKEA Study Table,2,12999,10,23398.2
ORD007347,2026-06-01,Ahmedabad,Home,Philips Air Fryer,1,8999,5,8549.05
ORD007348,2024-12-06,Pune,Home,IKEA Study Table,1,12999,10,11699.1
ORD007349,2026-04-18,Hyderabad,Electronics,OnePlus 12,1,64999,15,55249.15
ORD007350,2025-04-01,Mumbai,Home,IKEA Study Table,1,12999,10,11699.1
ORD007351,2025-10-10,Bengaluru,Electronics,Apple iPhone 15,1,79999,10,71999.1
ORD007352,2026-03-08,Bengaluru,Electronics,OnePlus 12,1,64999,15,55249.15
ORD007353,2025-02-14,Mumbai,Home,Philips Air Fryer,2,8999,5,17098.1
ORD007354,2025-09-28,Hyderabad,Electronics,Sony WH-1000XM5,1,29999,15,25499.15
ORD007355,2024-12-18,Kolkata,Fashion,Nike Air Max,1,6999,10,6299.1
ORD007356,2024-11-13,Kolkata,Electronics,Sony WH-1000XM5,1,29999,0,29999.0
ORD007357,2025-06-26,Ahmedabad,Fashion,Levi's Jeans,2,2499,0,4998.0
ORD007358,2025-07-16,Chennai,Electronics,Sony WH-1000XM5,1,29999,15,25499.15
ORD007359,2025-02-14,Kolkata,Electronics,OnePlus 12,2,64999,10,116998.2
ORD007360,2025-08-08,Pune,Home,Philips Air Fryer,2,8999,10,16198.2
ORD007361,2024-06-09,Kolkata,Electronics,OnePlus 12,1,64999,5,61749.05
ORD007362,2024-10-22,Delhi,Electronics,Apple iPhone 15,1,79999,10,71999.1
ORD007363,2026-01-31,Delhi,Home,Philips Air Fryer,2,8999,15,15298.3
ORD007364,2026-03-05,Delhi,Electronics,Sony WH-1000XM5,1,29999,15,25499.15
ORD007365,2025-09-28,Bengaluru,Electronics,Sony WH-1000XM5,4,29999,5,113996.2
ORD007366,2025-07-27,Delhi,Fashion,Nike Air Max,2,6999,5,13298.1
ORD007367,2024-11-07,Kolkata,Home,IKEA Study Table,1,12999,5,12349.05
ORD007368,2026-04-27,Pune,Electronics,OnePlus 12,1,64999,5,61749.05
ORD007369,2024-11-16,Kolkata,Electronics,Apple iPhone 15,1,79999,5,75999.05
ORD007370,2024-07-06,Bengaluru,Electronics,Apple iPhone 15,1,79999,10,71999.1
ORD007371,2026-01-15,Delhi,Electronics,Sony WH-1000XM5,1,29999,0,29999.0
ORD007372,2026-03-15,Delhi,Home,IKEA Study Table,1,12999,5,12349.05
ORD007373,2025-10-01,Pune,Electronics,Sony WH-1000XM5,3,29999,5,85497.15
ORD007374,2025-05-23,Ahmedabad,Electronics,Sony WH-1000XM5,1,29999,10,26999.1
ORD007375,2024-10-31,Mumbai,Electronics,Samsung Galaxy S24,1,74999,15,63749.15
ORD007376,2025-08-14,Pune,Fashion,Levi's Jeans,1,2499,15,2124.15
ORD007377,2025-09-25,Kolkata,Fashion,Nike Air Max,2,6999,0,13998.0
ORD007378,2025-12-14,Mumbai,Home,Philips Air Fryer,1,8999,15,7649.15
ORD007379,2024-07-18,Hyderabad,Home,Philips Air Fryer,1,8999,10,8099.1
ORD007380,2024-08-28,Pune,Fashion,Levi's Jeans,2,2499,5,4748.1
ORD007381,2025-03-03,Kolkata,Fashion,Nike Air Max,1,6999,5,6649.05
ORD007382,2025-03-28,Chennai,Electronics,OnePlus 12,1,64999,0,64999.0
ORD007383,2024-11-06,Delhi,Electronics,Sony WH-1000XM5,2,29999,15,50998.3
ORD007384,2025-11-29,Delhi,Home,Philips Air Fryer,1,8999,10,8099.1
ORD007385,2025-05-19,Delhi,Fashion,Levi's Jeans,2,2499,5,4748.1
ORD007386,2025-09-16,Kolkata,Electronics,Apple iPhone 15,1,79999,15,67999.15
ORD007387,2025-06-15,Chennai,Electronics,Sony WH-1000XM5,2,29999,0,59998.0
ORD007388,2026-06-04,Chennai,Electronics,Apple iPhone 15,1,79999,0,79999.0
ORD007389,2026-02-08,Pune,Home,Philips Air Fryer,4,8999,10,32396.4
ORD007390,2025-09-22,Ahmedabad,Electronics,Apple iPhone 15,1,79999,0,79999.0
ORD007391,2025-10-11,Mumbai,Home,Philips Air Fryer,1,8999,15,7649.15
ORD007392,2025-08-02,Hyderabad,Home,Philips Air Fryer,2,8999,5,17098.1
ORD007393,2025-02-12,Hyderabad,Home,IKEA Study Table,1,12999,0,12999.0
ORD007394,2026-03-14,Pune,Home,Philips Air Fryer,1,8999,10,8099.1
ORD007395,2025-06-13,Bengaluru,Electronics,Apple iPhone 15,1,79999,10,71999.1
ORD007396,2024-10-31,Ahmedabad,Fashion,Levi's Jeans,1,2499,15,2124.15
ORD007397,2026-04-08,Chennai,Electronics,OnePlus 12,1,64999,10,58499.1
ORD007398,2025-03-17,Hyderabad,Home,Philips Air Fryer,1,8999,15,7649.15
ORD007399,2025-06-07,Delhi,Electronics,Sony WH-1000XM5,1,29999,15,25499.15
ORD007400,2025-12-15,Mumbai,Fashion,Levi's Jeans,2,2499,10,4498.2
ORD007401,2025-11-19,Chennai,Electronics,Sony WH-1000XM5,1,29999,10,26999.1
ORD007402,2024-07-03,Chennai,Fashion,Levi's Jeans,1,2499,15,2124.15
ORD007403,2024-12-11,Kolkata,Electronics,Sony WH-1000XM5,1,29999,0,29999.0
ORD007404,2025-03-08,Pune,Electronics,Sony WH-1000XM5,1,29999,5,28499.05
ORD007405,2024-12-20,Delhi,Electronics,Apple iPhone 15,2,79999,15,135998.3
ORD007406,2025-06-16,Bengaluru,Home,Philips Air Fryer,2,8999,5,17098.1
ORD007407,2024-08-21,Delhi,Fashion,Nike Air Max,2,6999,15,11898.3
ORD007408,2024-12-17,Hyderabad,Electronics,OnePlus 12,1,64999,5,61749.05
ORD007409,2024-08-27,Pune,Home,IKEA Study Table,1,12999,5,12349.05
ORD007410,2025-04-14,Pune,Home,Philips Air Fryer,2,8999,0,17998.0
ORD007411,2024-12-28,Hyderabad,Electronics,Samsung Galaxy S24,1,74999,0,74999.0
ORD007412,2025-07-06,Kolkata,Home,Philips Air Fryer,1,8999,0,8999.0
ORD007413,2025-04-24,Ahmedabad,Electronics,Sony WH-1000XM5,4,29999,5,113996.2
ORD007414,2026-06-06,Delhi,Fashion,Levi's Jeans,1,2499,15,2124.15
ORD007415,2025-09-16,Hyderabad,Home,IKEA Study Table,1,12999,10,11699.1
ORD007416,2024-11-11,Mumbai,Electronics,Samsung Galaxy S24,1,74999,15,63749.15
ORD007417,2025-09-17,Pune,Electronics,Apple iPhone 15,1,79999,15,67999.15
ORD007418,2025-02-16,Pune,Home,Philips Air Fryer,1,8999,10,8099.1
ORD007419,2026-05-11,Delhi,Electronics,Apple iPhone 15,1,79999,15,67999.15
ORD007420,2025-08-16,Hyderabad,Fashion,Levi's Jeans,1,2499,10,2249.1
ORD007421,2025-07-21,Kolkata,Home,IKEA Study Table,2,12999,5,24698.1
ORD007422,2025-01-24,Bengaluru,Electronics,Apple iPhone 15,2,79999,10,143998.2
ORD007423,2025-06-06,Ahmedabad,Electronics,Apple iPhone 15,2,79999,15,135998.3
ORD007424,2026-06-05,Delhi,Fashion,Nike Air Max,3,6999,0,20997.0
ORD007425,2025-05-09,Kolkata,Home,IKEA Study Table,1,12999,10,11699.1
ORD007426,2025-12-22,Kolkata,Home,IKEA Study Table,1,12999,5,12349.05
ORD007427,2025-10-01,Chennai,Fashion,Levi's Jeans,1,2499,10,2249.1
ORD007428,2025-12-26,Chennai,Electronics,Apple iPhone 15,2,79999,15,135998.3
ORD007429,2025-01-12,Bengaluru,Electronics,Sony WH-1000XM5,1,29999,15,25499.15
ORD007430,2025-11-01,Mumbai,Fashion,Nike Air Max,1,6999,5,6649.05
ORD007431,2024-06-09,Hyderabad,Home,Philips Air Fryer,1,8999,5,8549.05
ORD007432,2026-03-15,Chennai,Electronics,Sony WH-1000XM5,1,29999,5,28499.05
ORD007433,2025-03-17,Bengaluru,Fashion,Levi's Jeans,1,2499,10,2249.1
ORD007434,2025-05-02,Chennai,Electronics,Samsung Galaxy S24,1,74999,0,74999.0
ORD007435,2025-05-10,Kolkata,Home,Philips Air Fryer,1,8999,5,8549.05
ORD007436,2024-09-12,Delhi,Electronics,Samsung Galaxy S24,1,74999,0,74999.0
ORD007437,2026-06-01,Hyderabad,Fashion,Nike Air Max,3,6999,15,17847.45
ORD007438,2024-06-14,Mumbai,Home,Philips Air Fryer,1,8999,10,8099.1
ORD007439,2025-07-01,Kolkata,Electronics,Sony WH-1000XM5,1,29999,10,26999.1
ORD007440,2026-04-07,Pune,Fashion,Levi's Jeans,1,2499,0,2499.0
ORD007441,2024-12-30,Pune,Home,Philips Air Fryer,1,8999,5,8549.05
ORD007442,2026-03-29,Ahmedabad,Fashion,Nike Air Max,1,6999,5,6649.05
ORD007443,2025-12-19,Pune,Fashion,Nike Air Max,4,6999,15,23796.6
ORD007444,2025-02-06,Pune,Electronics,Apple iPhone 15,1,79999,10,71999.1
ORD007445,2024-10-30,Delhi,Fashion,Nike Air Max,1,6999,5,6649.05
ORD007446,2025-05-13,Ahmedabad,Electronics,Sony WH-1000XM5,1,29999,15,25499.15
ORD007447,2026-04-08,Chennai,Electronics,Apple iPhone 15,1,79999,5,75999.05
ORD007448,2025-09-17,Bengaluru,Fashion,Nike Air Max,2,6999,0,13998.0
ORD007449,2025-01-05,Delhi,Fashion,Nike Air Max,2,6999,15,11898.3
ORD007450,2025-10-19,Pune,Electronics,Apple iPhone 15,1,79999,0,79999.0
ORD007451,2025-03-14,Kolkata,Electronics,OnePlus 12,3,64999,10,175497.3
ORD007452,2025-12-21,Chennai,Electronics,Samsung Galaxy S24,4,74999,0,299996.0
ORD007453,2026-01-08,Hyderabad,Electronics,Apple iPhone 15,1,79999,0,79999.0
ORD007454,2025-03-28,Chennai,Electronics,Samsung Galaxy S24,1,74999,15,63749.15
ORD007455,2026-03-10,Pune,Electronics,Apple iPhone 15,3,79999,10,215997.3
ORD007456,2025-06-01,Ahmedabad,Electronics,Samsung Galaxy S24,2,74999,5,142498.1
ORD007457,2024-12-03,Kolkata,Home,IKEA Study Table,1,12999,15,11049.15
ORD007458,2025-01-30,Hyderabad,Electronics,Samsung Galaxy S24,1,74999,0,74999.0
ORD007459,2025-06-06,Bengaluru,Electronics,OnePlus 12,1,64999,5,61749.05
ORD007460,2026-02-06,Ahmedabad,Fashion,Nike Air Max,1,6999,0,6999.0
ORD007461,2026-04-18,Delhi,Electronics,Samsung Galaxy S24,1,74999,5,71249.05
ORD007462,2025-01-16,Hyderabad,Electronics,OnePlus 12,1,64999,5,61749.05
ORD007463,2024-06-28,Mumbai,Fashion,Nike Air Max,1,6999,5,6649.05
ORD007464,2026-02-24,Delhi,Fashion,Levi's Jeans,1,2499,0,2499.0
ORD007465,2026-02-23,Kolkata,Home,IKEA Study Table,3,12999,0,38997.0
ORD007466,2025-09-22,Ahmedabad,Home,IKEA Study Table,1,12999,10,11699.1
ORD007467,2025-07-13,Mumbai,Electronics,OnePlus 12,2,64999,10,116998.2
ORD007468,2025-06-21,Bengaluru,Home,Philips Air Fryer,1,8999,0,8999.0
ORD007469,2025-02-14,Mumbai,Home,Philips Air Fryer,2,8999,5,17098.1
ORD007470,2026-03-08,Chennai,Electronics,Sony WH-1000XM5,3,29999,15,76497.45
ORD007471,2025-11-16,Pune,Electronics,Samsung Galaxy S24,1,74999,15,63749.15
ORD007472,2024-10-12,Mumbai,Electronics,OnePlus 12,1,64999,15,55249.15
ORD007473,2025-10-31,Bengaluru,Electronics,Samsung Galaxy S24,1,74999,0,74999.0
ORD007474,2024-10-26,Delhi,Electronics,Sony WH-1000XM5,3,29999,5,85497.15
ORD007475,2024-11-26,Kolkata,Electronics,Apple iPhone 15,1,79999,10,71999.1
ORD007476,2024-07-22,Delhi,Electronics,OnePlus 12,1,64999,5,61749.05
ORD007477,2026-05-27,Ahmedabad,Electronics,Samsung Galaxy S24,2,74999,10,134998.2
ORD007478,2025-09-28,Pune,Electronics,Samsung Galaxy S24,2,74999,15,127498.3
ORD007479,2026-01-14,Hyderabad,Home,Philips Air Fryer,3,8999,0,26997.0
ORD007480,2025-11-30,Pune,Fashion,Nike Air Max,1,6999,5,6649.05
ORD007481,2026-03-16,Delhi,Electronics,Samsung Galaxy S24,1,74999,0,74999.0
ORD007482,2026-06-02,Ahmedabad,Home,Philips Air Fryer,1,8999,0,8999.0
ORD007483,2024-07-07,Hyderabad,Fashion,Levi's Jeans,2,2499,0,4998.0
ORD007484,2025-08-30,Mumbai,Fashion,Levi's Jeans,2,2499,15,4248.3
ORD007485,2024-11-15,Pune,Electronics,Samsung Galaxy S24,2,74999,15,127498.3
ORD007486,2026-03-04,Hyderabad,Fashion,Levi's Jeans,1,2499,5,2374.05
ORD007487,2025-09-29,Hyderabad,Home,Philips Air Fryer,1,8999,10,8099.1
ORD007488,2025-07-09,Mumbai,Fashion,Nike Air Max,1,6999,15,5949.15
ORD007489,2025-07-29,Ahmedabad,Fashion,Nike Air Max,2,6999,0,13998.0
ORD007490,2025-01-06,Hyderabad,Electronics,OnePlus 12,2,64999,15,110498.3
ORD007491,2025-09-20,Chennai,Fashion,Nike Air Max,1,6999,5,6649.05
ORD007492,2025-10-24,Hyderabad,Electronics,Apple iPhone 15,1,79999,5,75999.05
ORD007493,2025-04-22,Hyderabad,Electronics,Samsung Galaxy S24,1,74999,0,74999.0
ORD007494,2025-04-05,Ahmedabad,Fashion,Nike Air Max,1,6999,15,5949.15
ORD007495,2025-02-07,Hyderabad,Electronics,OnePlus 12,1,64999,5,61749.05
ORD007496,2025-01-26,Pune,Home,IKEA Study Table,1,12999,15,11049.15
ORD007497,2026-02-12,Ahmedabad,Fashion,Nike Air Max,1,6999,0,6999.0
ORD007498,2024-08-06,Pune,Fashion,Levi's Jeans,1,2499,15,2124.15
ORD007499,2026-01-29,Chennai,Home,IKEA Study Table,4,12999,15,44196.6
ORD007500,2025-07-16,Bengaluru,Electronics,Apple iPhone 15,1,79999,15,67999.15
ORD007501,2025-11-18,Pune,Home,IKEA Study Table,4,12999,0,51996.0
ORD007502,2024-11-13,Ahmedabad,Home,Philips Air Fryer,1,8999,15,7649.15
ORD007503,2025-03-08,Bengaluru,Electronics,Apple iPhone 15,2,79999,10,143998.2
ORD007504,2026-03-18,Ahmedabad,Fashion,Levi's Jeans,2,2499,15,4248.3
ORD007505,2024-10-14,Ahmedabad,Home,IKEA Study Table,2,12999,0,25998.0
ORD007506,2026-05-21,Kolkata,Fashion,Nike Air Max,1,6999,15,5949.15
ORD007507,2026-04-01,Chennai,Fashion,Levi's Jeans,1,2499,0,2499.0
ORD007508,2024-11-19,Pune,Home,IKEA Study Table,4,12999,5,49396.2
ORD007509,2025-04-15,Bengaluru,Electronics,OnePlus 12,1,64999,10,58499.1
ORD007510,2025-12-31,Ahmedabad,Electronics,Sony WH-1000XM5,1,29999,10,26999.1
ORD007511,2025-07-13,Hyderabad,Electronics,Apple iPhone 15,1,79999,10,71999.1
ORD007512,2025-10-15,Bengaluru,Home,Philips Air Fryer,3,8999,15,22947.45
ORD007513,2025-05-21,Chennai,Electronics,Samsung Galaxy S24,1,74999,0,74999.0
ORD007514,2025-08-30,Delhi,Electronics,OnePlus 12,1,64999,10,58499.1
ORD007515,2026-02-28,Delhi,Fashion,Nike Air Max,1,6999,0,6999.0
ORD007516,2025-07-22,Ahmedabad,Electronics,Samsung Galaxy S24,1,74999,10,67499.1
ORD007517,2024-07-18,Hyderabad,Electronics,Apple iPhone 15,1,79999,5,75999.05
ORD007518,2026-04-21,Pune,Electronics,OnePlus 12,1,64999,5,61749.05
ORD007519,2026-03-25,Hyderabad,Electronics,Apple iPhone 15,2,79999,5,151998.1
ORD007520,2025-05-26,Pune,Fashion,Levi's Jeans,3,2499,5,7122.15
ORD007521,2025-08-25,Hyderabad,Fashion,Levi's Jeans,3,2499,0,7497.0
ORD007522,2025-09-12,Delhi,Electronics,Apple iPhone 15,2,79999,15,135998.3
ORD007523,2026-03-04,Kolkata,Fashion,Levi's Jeans,2,2499,5,4748.1
ORD007524,2026-03-06,Hyderabad,Home,IKEA Study Table,1,12999,5,12349.05
ORD007525,2025-04-23,Pune,Electronics,Apple iPhone 15,2,79999,0,159998.0
ORD007526,2025-05-12,Delhi,Home,Philips Air Fryer,3,8999,5,25647.15
ORD007527,2026-04-21,Pune,Electronics,Samsung Galaxy S24,1,74999,0,74999.0
ORD007528,2024-10-14,Bengaluru,Electronics,Apple iPhone 15,4,79999,15,271996.6
ORD007529,2026-04-05,Chennai,Fashion,Levi's Jeans,1,2499,15,2124.15
ORD007530,2026-05-07,Delhi,Home,IKEA Study Table,1,12999,15,11049.15
ORD007531,2026-05-17,Kolkata,Fashion,Nike Air Max,1,6999,15,5949.15
ORD007532,2025-07-08,Bengaluru,Fashion,Levi's Jeans,2,2499,10,4498.2
ORD007533,2024-07-03,Bengaluru,Home,Philips Air Fryer,1,8999,10,8099.1
ORD007534,2025-03-20,Bengaluru,Electronics,Sony WH-1000XM5,2,29999,15,50998.3
ORD007535,2026-01-31,Bengaluru,Fashion,Nike Air Max,1,6999,5,6649.05
ORD007536,2026-01-05,Pune,Fashion,Nike Air Max,1,6999,0,6999.0
ORD007537,2025-06-07,Mumbai,Home,IKEA Study Table,4,12999,5,49396.2
ORD007538,2026-01-23,Hyderabad,Fashion,Nike Air Max,1,6999,5,6649.05
ORD007539,2026-03-20,Kolkata,Fashion,Nike Air Max,1,6999,5,6649.05
ORD007540,2025-11-20,Kolkata,Electronics,OnePlus 12,1,64999,10,58499.1
ORD007541,2026-04-18,Ahmedabad,Home,Philips Air Fryer,1,8999,15,7649.15
ORD007542,2024-11-21,Hyderabad,Electronics,Apple iPhone 15,1,79999,15,67999.15
ORD007543,2026-04-29,Pune,Fashion,Nike Air Max,2,6999,15,11898.3
ORD007544,2025-10-04,Chennai,Electronics,OnePlus 12,1,64999,15,55249.15
ORD007545,2026-02-09,Ahmedabad,Electronics,Sony WH-1000XM5,1,29999,5,28499.05
ORD007546,2026-05-02,Chennai,Fashion,Nike Air Max,2,6999,0,13998.0
ORD007547,2026-06-06,Mumbai,Electronics,OnePlus 12,1,64999,0,64999.0
ORD007548,2024-07-29,Hyderabad,Home,IKEA Study Table,2,12999,0,25998.0
ORD007549,2025-05-01,Mumbai,Fashion,Levi's Jeans,1,2499,0,2499.0
ORD007550,2025-08-21,Chennai,Home,Philips Air Fryer,1,8999,10,8099.1
ORD007551,2026-05-10,Hyderabad,Electronics,OnePlus 12,1,64999,15,55249.15
ORD007552,2025-10-09,Hyderabad,Fashion,Nike Air Max,2,6999,10,12598.2
ORD007553,2025-10-18,Pune,Electronics,Sony WH-1000XM5,1,29999,15,25499.15
ORD007554,2025-03-06,Delhi,Electronics,Samsung Galaxy S24,2,74999,10,134998.2
ORD007555,2025-08-23,Kolkata,Electronics,Sony WH-1000XM5,2,29999,10,53998.2
ORD007556,2025-02-11,Mumbai,Electronics,OnePlus 12,2,64999,15,110498.3
ORD007557,2025-11-28,Delhi,Electronics,Samsung Galaxy S24,1,74999,0,74999.0
ORD007558,2026-02-05,Kolkata,Fashion,Levi's Jeans,1,2499,10,2249.1
ORD007559,2025-03-29,Ahmedabad,Fashion,Nike Air Max,2,6999,10,12598.2
ORD007560,2024-06-21,Kolkata,Electronics,Samsung Galaxy S24,2,74999,0,149998.0
ORD007561,2024-07-11,Pune,Home,Philips Air Fryer,1,8999,5,8549.05
ORD007562,2025-05-17,Kolkata,Fashion,Nike Air Max,1,6999,5,6649.05
ORD007563,2026-02-06,Delhi,Fashion,Levi's Jeans,1,2499,15,2124.15
ORD007564,2026-04-15,Mumbai,Electronics,OnePlus 12,1,64999,10,58499.1
ORD007565,2025-03-22,Bengaluru,Electronics,Sony WH-1000XM5,1,29999,5,28499.05
ORD007566,2026-01-02,Hyderabad,Electronics,OnePlus 12,1,64999,10,58499.1
ORD007567,2024-08-05,Mumbai,Electronics,Apple iPhone 15,3,79999,15,203997.45
ORD007568,2025-03-29,Hyderabad,Fashion,Levi's Jeans,1,2499,0,2499.0
ORD007569,2026-03-21,Hyderabad,Electronics,Sony WH-1000XM5,2,29999,15,50998.3
ORD007570,2025-09-18,Hyderabad,Home,IKEA Study Table,1,12999,15,11049.15
ORD007571,2026-01-18,Ahmedabad,Electronics,Apple iPhone 15,1,79999,5,75999.05
ORD007572,2025-06-03,Ahmedabad,Home,Philips Air Fryer,1,8999,10,8099.1
ORD007573,2025-11-14,Ahmedabad,Electronics,Apple iPhone 15,1,79999,15,67999.15
ORD007574,2026-05-23,Pune,Electronics,OnePlus 12,1,64999,5,61749.05
ORD007575,2024-11-19,Pune,Electronics,OnePlus 12,2,64999,5,123498.1
ORD007576,2026-01-18,Bengaluru,Electronics,Sony WH-1000XM5,3,29999,15,76497.45
ORD007577,2024-06-09,Kolkata,Home,IKEA Study Table,1,12999,10,11699.1
ORD007578,2025-12-22,Delhi,Electronics,OnePlus 12,1,64999,5,61749.05
ORD007579,2026-04-03,Chennai,Electronics,Sony WH-1000XM5,3,29999,10,80997.3
ORD007580,2026-05-21,Ahmedabad,Home,Philips Air Fryer,1,8999,0,8999.0
ORD007581,2025-07-27,Mumbai,Home,Philips Air Fryer,2,8999,15,15298.3
ORD007582,2024-10-02,Pune,Fashion,Levi's Jeans,1,2499,5,2374.05
ORD007583,2025-05-28,Delhi,Electronics,OnePlus 12,1,64999,10,58499.1
ORD007584,2026-03-31,Pune,Fashion,Nike Air Max,1,6999,10,6299.1
ORD007585,2026-06-08,Ahmedabad,Electronics,Samsung Galaxy S24,4,74999,10,269996.4
ORD007586,2025-02-14,Bengaluru,Fashion,Nike Air Max,1,6999,10,6299.1
ORD007587,2026-05-20,Delhi,Electronics,Samsung Galaxy S24,1,74999,15,63749.15
ORD007588,2024-10-06,Kolkata,Home,IKEA Study Table,1,12999,0,12999.0
ORD007589,2025-07-07,Ahmedabad,Electronics,Apple iPhone 15,1,79999,5,75999.05
ORD007590,2026-01-28,Pune,Fashion,Levi's Jeans,2,2499,0,4998.0
ORD007591,2026-05-26,Chennai,Home,Philips Air Fryer,2,8999,10,16198.2
ORD007592,2025-05-08,Bengaluru,Fashion,Nike Air Max,1,6999,10,6299.1
ORD007593,2025-07-26,Delhi,Electronics,Samsung Galaxy S24,2,74999,15,127498.3
ORD007594,2024-06-21,Delhi,Electronics,Samsung Galaxy S24,1,74999,15,63749.15
ORD007595,2026-05-19,Bengaluru,Home,Philips Air Fryer,1,8999,15,7649.15
ORD007596,2026-03-17,Kolkata,Home,IKEA Study Table,1,12999,15,11049.15
ORD007597,2025-08-05,Chennai,Home,IKEA Study Table,1,12999,5,12349.05
ORD007598,2025-05-09,Pune,Home,Philips Air Fryer,1,8999,10,8099.1
ORD007599,2025-07-26,Chennai,Home,IKEA Study Table,1,12999,0,12999.0
ORD007600,2025-04-27,Hyderabad,Electronics,Sony WH-1000XM5,2,29999,0,59998.0
ORD007601,2026-04-04,Bengaluru,Electronics,OnePlus 12,1,64999,15,55249.15
ORD007602,2026-05-10,Kolkata,Electronics,Sony WH-1000XM5,1,29999,0,29999.0
ORD007603,2024-07-22,Mumbai,Home,Philips Air Fryer,1,8999,0,8999.0
ORD007604,2025-05-03,Pune,Electronics,Samsung Galaxy S24,1,74999,5,71249.05
ORD007605,2025-03-31,Hyderabad,Fashion,Nike Air Max,1,6999,0,6999.0
ORD007606,2025-09-15,Ahmedabad,Fashion,Levi's Jeans,1,2499,5,2374.05
ORD007607,2025-07-06,Pune,Fashion,Levi's Jeans,1,2499,5,2374.05
ORD007608,2024-07-10,Pune,Fashion,Levi's Jeans,4,2499,0,9996.0
ORD007609,2024-11-22,Pune,Electronics,Apple iPhone 15,3,79999,15,203997.45
ORD007610,2025-04-25,Kolkata,Home,Philips Air Fryer,2,8999,10,16198.2
ORD007611,2024-07-03,Chennai,Electronics,Apple iPhone 15,1,79999,0,79999.0
ORD007612,2024-06-09,Ahmedabad,Home,IKEA Study Table,1,12999,0,12999.0
ORD007613,2024-11-24,Kolkata,Home,IKEA Study Table,2,12999,15,22098.3
ORD007614,2025-08-29,Mumbai,Electronics,Sony WH-1000XM5,1,29999,5,28499.05
ORD007615,2026-04-01,Delhi,Home,Philips Air Fryer,1,8999,5,8549.05
ORD007616,2026-02-07,Delhi,Home,IKEA Study Table,1,12999,10,11699.1
ORD007617,2025-05-26,Kolkata,Electronics,OnePlus 12,1,64999,15,55249.15
ORD007618,2025-09-07,Kolkata,Electronics,OnePlus 12,3,64999,10,175497.3
ORD007619,2025-02-11,Chennai,Electronics,Samsung Galaxy S24,2,74999,10,134998.2
ORD007620,2026-03-24,Kolkata,Home,IKEA Study Table,2,12999,5,24698.1
ORD007621,2025-12-07,Chennai,Home,IKEA Study Table,1,12999,0,12999.0
ORD007622,2024-07-06,Kolkata,Fashion,Levi's Jeans,2,2499,0,4998.0
ORD007623,2025-03-29,Ahmedabad,Home,IKEA Study Table,1,12999,5,12349.05
ORD007624,2025-02-22,Chennai,Electronics,Apple iPhone 15,2,79999,15,135998.3
ORD007625,2024-11-02,Pune,Home,Philips Air Fryer,1,8999,15,7649.15
ORD007626,2026-04-06,Kolkata,Electronics,Apple iPhone 15,3,79999,10,215997.3
ORD007627,2025-10-24,Kolkata,Electronics,Sony WH-1000XM5,3,29999,15,76497.45
ORD007628,2024-11-04,Ahmedabad,Fashion,Levi's Jeans,2,2499,5,4748.1
ORD007629,2025-01-19,Mumbai,Fashion,Levi's Jeans,1,2499,15,2124.15
ORD007630,2024-08-08,Kolkata,Electronics,OnePlus 12,1,64999,5,61749.05
ORD007631,2025-04-24,Chennai,Home,Philips Air Fryer,2,8999,15,15298.3
ORD007632,2026-04-26,Chennai,Home,Philips Air Fryer,2,8999,10,16198.2
ORD007633,2024-11-13,Ahmedabad,Home,IKEA Study Table,2,12999,15,22098.3
ORD007634,2026-04-03,Kolkata,Fashion,Levi's Jeans,2,2499,10,4498.2
ORD007635,2026-01-29,Hyderabad,Electronics,Samsung Galaxy S24,1,74999,5,71249.05
ORD007636,2025-03-21,Mumbai,Home,IKEA Study Table,3,12999,10,35097.3
ORD007637,2026-01-04,Delhi,Electronics,OnePlus 12,1,64999,10,58499.1
ORD007638,2026-02-21,Hyderabad,Home,IKEA Study Table,1,12999,0,12999.0
ORD007639,2025-10-03,Hyderabad,Home,Philips Air Fryer,1,8999,5,8549.05
ORD007640,2026-03-22,Kolkata,Fashion,Nike Air Max,3,6999,5,19947.15
ORD007641,2025-01-05,Kolkata,Fashion,Nike Air Max,1,6999,0,6999.0
ORD007642,2026-04-24,Delhi,Electronics,Apple iPhone 15,1,79999,5,75999.05
ORD007643,2025-09-10,Bengaluru,Fashion,Nike Air Max,3,6999,5,19947.15
ORD007644,2025-10-19,Hyderabad,Electronics,Samsung Galaxy S24,1,74999,15,63749.15
ORD007645,2025-10-21,Mumbai,Electronics,Apple iPhone 15,2,79999,10,143998.2
ORD007646,2025-12-25,Mumbai,Home,IKEA Study Table,1,12999,5,12349.05
ORD007647,2025-02-16,Ahmedabad,Fashion,Levi's Jeans,1,2499,0,2499.0
ORD007648,2025-06-18,Mumbai,Electronics,Sony WH-1000XM5,1,29999,10,26999.1
ORD007649,2025-09-24,Ahmedabad,Fashion,Nike Air Max,1,6999,5,6649.05
ORD007650,2024-08-14,Ahmedabad,Fashion,Nike Air Max,1,6999,15,5949.15
ORD007651,2025-11-22,Ahmedabad,Electronics,Sony WH-1000XM5,1,29999,10,26999.1
ORD007652,2025-01-31,Hyderabad,Home,IKEA Study Table,1,12999,15,11049.15
ORD007653,2025-06-08,Delhi,Home,Philips Air Fryer,3,8999,0,26997.0
ORD007654,2025-10-09,Kolkata,Electronics,Sony WH-1000XM5,3,29999,5,85497.15
ORD007655,2025-07-06,Hyderabad,Electronics,Sony WH-1000XM5,2,29999,15,50998.3
ORD007656,2024-08-07,Mumbai,Electronics,Samsung Galaxy S24,1,74999,5,71249.05
ORD007657,2024-11-19,Mumbai,Fashion,Levi's Jeans,2,2499,0,4998.0
ORD007658,2024-10-08,Ahmedabad,Electronics,Samsung Galaxy S24,1,74999,15,63749.15
ORD007659,2024-11-07,Chennai,Electronics,Apple iPhone 15,1,79999,0,79999.0
ORD007660,2025-08-19,Kolkata,Electronics,Samsung Galaxy S24,1,74999,10,67499.1
ORD007661,2025-01-06,Delhi,Home,IKEA Study Table,1,12999,15,11049.15
ORD007662,2025-06-18,Ahmedabad,Electronics,Sony WH-1000XM5,4,29999,0,119996.0
ORD007663,2024-11-08,Chennai,Electronics,Samsung Galaxy S24,1,74999,5,71249.05
ORD007664,2024-10-08,Hyderabad,Home,IKEA Study Table,3,12999,10,35097.3
ORD007665,2025-09-12,Chennai,Home,IKEA Study Table,1,12999,5,12349.05
ORD007666,2025-08-30,Bengaluru,Electronics,Apple iPhone 15,3,79999,10,215997.3
ORD007667,2025-02-16,Mumbai,Home,Philips Air Fryer,1,8999,15,7649.15
ORD007668,2024-10-11,Chennai,Home,Philips Air Fryer,3,8999,15,22947.45
ORD007669,2026-05-23,Kolkata,Home,Philips Air Fryer,2,8999,0,17998.0
ORD007670,2025-08-27,Bengaluru,Electronics,Samsung Galaxy S24,2,74999,0,149998.0
ORD007671,2026-05-13,Pune,Electronics,OnePlus 12,1,64999,15,55249.15
ORD007672,2026-06-03,Delhi,Electronics,Sony WH-1000XM5,1,29999,5,28499.05
ORD007673,2025-05-19,Hyderabad,Home,IKEA Study Table,1,12999,10,11699.1
ORD007674,2024-12-29,Delhi,Electronics,Samsung Galaxy S24,2,74999,5,142498.1
ORD007675,2024-08-27,Mumbai,Home,IKEA Study Table,1,12999,15,11049.15
ORD007676,2025-07-01,Kolkata,Fashion,Nike Air Max,3,6999,0,20997.0
ORD007677,2025-02-12,Chennai,Electronics,Samsung Galaxy S24,2,74999,15,127498.3
ORD007678,2026-01-20,Hyderabad,Electronics,Samsung Galaxy S24,3,74999,15,191247.45
ORD007679,2025-04-09,Delhi,Electronics,Apple iPhone 15,1,79999,15,67999.15
ORD007680,2026-01-26,Delhi,Fashion,Levi's Jeans,1,2499,10,2249.1
ORD007681,2024-07-21,Kolkata,Electronics,Apple iPhone 15,1,79999,10,71999.1
ORD007682,2026-05-24,Hyderabad,Electronics,Sony WH-1000XM5,1,29999,10,26999.1
ORD007683,2026-05-20,Bengaluru,Electronics,Apple iPhone 15,3,79999,10,215997.3
ORD007684,2026-03-30,Mumbai,Home,IKEA Study Table,1,12999,0,12999.0
ORD007685,2024-12-28,Delhi,Electronics,Sony WH-1000XM5,1,29999,15,25499.15
ORD007686,2026-02-08,Delhi,Home,Philips Air Fryer,2,8999,10,16198.2
ORD007687,2026-02-13,Hyderabad,Electronics,Samsung Galaxy S24,1,74999,10,67499.1
ORD007688,2024-07-13,Chennai,Fashion,Levi's Jeans,4,2499,0,9996.0
ORD007689,2026-03-30,Mumbai,Electronics,Sony WH-1000XM5,1,29999,5,28499.05
ORD007690,2025-11-03,Ahmedabad,Home,IKEA Study Table,2,12999,10,23398.2
ORD007691,2025-10-02,Bengaluru,Electronics,Apple iPhone 15,2,79999,10,143998.2
ORD007692,2024-11-28,Pune,Home,Philips Air Fryer,2,8999,0,17998.0
ORD007693,2025-12-13,Bengaluru,Fashion,Nike Air Max,1,6999,0,6999.0
ORD007694,2025-03-16,Mumbai,Home,Philips Air Fryer,1,8999,5,8549.05
ORD007695,2025-03-10,Ahmedabad,Electronics,OnePlus 12,3,64999,10,175497.3
ORD007696,2024-06-15,Delhi,Fashion,Nike Air Max,1,6999,0,6999.0
ORD007697,2026-03-04,Chennai,Electronics,Apple iPhone 15,1,79999,0,79999.0
ORD007698,2025-10-14,Bengaluru,Fashion,Levi's Jeans,2,2499,0,4998.0
ORD007699,2024-11-22,Mumbai,Home,IKEA Study Table,1,12999,5,12349.05
ORD007700,2025-07-26,Delhi,Electronics,Samsung Galaxy S24,1,74999,10,67499.1
ORD007701,2024-09-21,Mumbai,Electronics,Samsung Galaxy S24,1,74999,10,67499.1
ORD007702,2026-02-28,Pune,Electronics,Apple iPhone 15,1,79999,5,75999.05
ORD007703,2024-08-09,Bengaluru,Electronics,OnePlus 12,2,64999,15,110498.3
ORD007704,2024-11-08,Mumbai,Electronics,Apple iPhone 15,1,79999,0,79999.0
ORD007705,2025-11-21,Chennai,Electronics,Sony WH-1000XM5,3,29999,0,89997.0
ORD007706,2025-09-19,Delhi,Fashion,Levi's Jeans,1,2499,15,2124.15
ORD007707,2024-06-13,Kolkata,Fashion,Nike Air Max,1,6999,15,5949.15
ORD007708,2026-05-30,Hyderabad,Electronics,Sony WH-1000XM5,1,29999,5,28499.05
ORD007709,2024-12-19,Delhi,Fashion,Nike Air Max,2,6999,10,12598.2
ORD007710,2025-06-20,Bengaluru,Electronics,Samsung Galaxy S24,1,74999,0,74999.0
ORD007711,2025-10-16,Bengaluru,Home,IKEA Study Table,1,12999,5,12349.05
ORD007712,2025-10-29,Chennai,Home,Philips Air Fryer,3,8999,5,25647.15
ORD007713,2025-01-21,Chennai,Electronics,Samsung Galaxy S24,1,74999,5,71249.05
ORD007714,2024-09-27,Pune,Fashion,Nike Air Max,2,6999,15,11898.3
ORD007715,2025-03-28,Delhi,Fashion,Nike Air Max,3,6999,0,20997.0
ORD007716,2024-10-10,Ahmedabad,Electronics,Apple iPhone 15,3,79999,0,239997.0
ORD007717,2025-08-08,Kolkata,Fashion,Nike Air Max,2,6999,10,12598.2
ORD007718,2026-01-18,Mumbai,Home,Philips Air Fryer,1,8999,10,8099.1
ORD007719,2025-05-06,Pune,Fashion,Levi's Jeans,1,2499,10,2249.1
ORD007720,2024-06-26,Hyderabad,Fashion,Nike Air Max,2,6999,5,13298.1
ORD007721,2026-01-15,Mumbai,Fashion,Levi's Jeans,1,2499,10,2249.1
ORD007722,2024-10-17,Kolkata,Electronics,Sony WH-1000XM5,3,29999,0,89997.0
ORD007723,2025-02-13,Chennai,Home,Philips Air Fryer,1,8999,10,8099.1
ORD007724,2024-12-16,Chennai,Fashion,Nike Air Max,2,6999,5,13298.1
ORD007725,2024-10-27,Mumbai,Fashion,Nike Air Max,1,6999,0,6999.0
ORD007726,2025-02-07,Kolkata,Electronics,OnePlus 12,2,64999,15,110498.3
ORD007727,2024-10-04,Kolkata,Fashion,Nike Air Max,1,6999,15,5949.15
ORD007728,2026-01-11,Chennai,Home,IKEA Study Table,1,12999,5,12349.05
ORD007729,2025-03-04,Bengaluru,Fashion,Levi's Jeans,3,2499,0,7497.0
ORD007730,2025-04-28,Hyderabad,Electronics,Sony WH-1000XM5,1,29999,5,28499.05
ORD007731,2025-03-23,Mumbai,Electronics,Sony WH-1000XM5,1,29999,15,25499.15
ORD007732,2026-05-22,Chennai,Electronics,Apple iPhone 15,1,79999,10,71999.1
ORD007733,2026-01-17,Hyderabad,Fashion,Nike Air Max,1,6999,10,6299.1
ORD007734,2025-06-11,Pune,Home,Philips Air Fryer,1,8999,10,8099.1
ORD007735,2026-02-21,Chennai,Home,Philips Air Fryer,1,8999,5,8549.05
ORD007736,2024-09-12,Pune,Home,Philips Air Fryer,2,8999,15,15298.3
ORD007737,2026-01-31,Chennai,Electronics,OnePlus 12,1,64999,5,61749.05
ORD007738,2024-12-21,Ahmedabad,Electronics,Apple iPhone 15,3,79999,15,203997.45
ORD007739,2024-12-18,Ahmedabad,Home,IKEA Study Table,1,12999,0,12999.0
ORD007740,2026-01-08,Bengaluru,Fashion,Levi's Jeans,1,2499,5,2374.05
ORD007741,2025-03-28,Ahmedabad,Home,IKEA Study Table,1,12999,15,11049.15
ORD007742,2024-06-19,Hyderabad,Fashion,Nike Air Max,1,6999,0,6999.0
ORD007743,2025-12-21,Hyderabad,Fashion,Nike Air Max,3,6999,5,19947.15
ORD007744,2025-08-30,Mumbai,Electronics,Samsung Galaxy S24,1,74999,0,74999.0
ORD007745,2025-01-11,Chennai,Fashion,Nike Air Max,1,6999,10,6299.1
ORD007746,2026-03-14,Chennai,Electronics,Sony WH-1000XM5,2,29999,10,53998.2
ORD007747,2024-07-11,Ahmedabad,Fashion,Nike Air Max,3,6999,10,18897.3
ORD007748,2025-05-18,Delhi,Electronics,OnePlus 12,4,64999,15,220996.6
ORD007749,2024-12-21,Ahmedabad,Electronics,Sony WH-1000XM5,1,29999,15,25499.15
ORD007750,2024-11-14,Mumbai,Home,Philips Air Fryer,1,8999,10,8099.1
ORD007751,2024-09-28,Mumbai,Fashion,Levi's Jeans,4,2499,0,9996.0
ORD007752,2025-09-10,Hyderabad,Home,Philips Air Fryer,2,8999,0,17998.0
ORD007753,2024-07-15,Chennai,Electronics,Sony WH-1000XM5,1,29999,0,29999.0
ORD007754,2025-02-15,Bengaluru,Fashion,Nike Air Max,2,6999,10,12598.2
ORD007755,2024-07-09,Delhi,Electronics,Samsung Galaxy S24,2,74999,15,127498.3
ORD007756,2025-02-22,Mumbai,Electronics,Sony WH-1000XM5,1,29999,15,25499.15
ORD007757,2025-12-18,Mumbai,Electronics,Sony WH-1000XM5,3,29999,15,76497.45
ORD007758,2025-08-02,Pune,Fashion,Nike Air Max,2,6999,0,13998.0
ORD007759,2024-11-22,Pune,Electronics,Apple iPhone 15,1,79999,5,75999.05
ORD007760,2025-02-04,Bengaluru,Electronics,Samsung Galaxy S24,1,74999,5,71249.05
ORD007761,2025-04-25,Mumbai,Electronics,Apple iPhone 15,1,79999,10,71999.1
ORD007762,2025-12-18,Delhi,Electronics,Apple iPhone 15,2,79999,5,151998.1
ORD007763,2024-12-15,Delhi,Electronics,Sony WH-1000XM5,3,29999,15,76497.45
ORD007764,2025-02-24,Mumbai,Home,IKEA Study Table,1,12999,5,12349.05
ORD007765,2025-08-12,Bengaluru,Electronics,Sony WH-1000XM5,1,29999,15,25499.15
ORD007766,2025-05-08,Hyderabad,Electronics,Samsung Galaxy S24,1,74999,5,71249.05
ORD007767,2026-04-02,Pune,Fashion,Levi's Jeans,4,2499,15,8496.6
ORD007768,2025-01-12,Ahmedabad,Home,Philips Air Fryer,2,8999,15,15298.3
ORD007769,2025-08-23,Bengaluru,Electronics,Sony WH-1000XM5,2,29999,10,53998.2
ORD007770,2025-06-05,Pune,Electronics,Apple iPhone 15,1,79999,10,71999.1
ORD007771,2025-02-27,Ahmedabad,Electronics,OnePlus 12,1,64999,15,55249.15
ORD007772,2025-05-27,Ahmedabad,Fashion,Levi's Jeans,1,2499,5,2374.05
ORD007773,2024-07-26,Hyderabad,Fashion,Levi's Jeans,1,2499,0,2499.0
ORD007774,2024-09-26,Bengaluru,Home,IKEA Study Table,2,12999,5,24698.1
ORD007775,2025-10-26,Ahmedabad,Home,IKEA Study Table,1,12999,15,11049.15
ORD007776,2024-10-23,Pune,Electronics,Sony WH-1000XM5,1,29999,10,26999.1
ORD007777,2025-02-01,Hyderabad,Home,IKEA Study Table,1,12999,10,11699.1
ORD007778,2025-11-30,Pune,Electronics,OnePlus 12,1,64999,15,55249.15
ORD007779,2025-08-02,Ahmedabad,Fashion,Levi's Jeans,3,2499,10,6747.3
ORD007780,2025-09-21,Delhi,Electronics,Sony WH-1000XM5,4,29999,10,107996.4
ORD007781,2024-08-29,Ahmedabad,Electronics,Samsung Galaxy S24,2,74999,10,134998.2
ORD007782,2025-06-17,Delhi,Home,Philips Air Fryer,1,8999,5,8549.05
ORD007783,2024-10-07,Ahmedabad,Fashion,Levi's Jeans,1,2499,5,2374.05
ORD007784,2026-01-20,Hyderabad,Electronics,Apple iPhone 15,2,79999,15,135998.3
ORD007785,2025-03-13,Pune,Home,Philips Air Fryer,1,8999,0,8999.0
ORD007786,2026-02-11,Delhi,Electronics,OnePlus 12,2,64999,5,123498.1
ORD007787,2025-11-24,Bengaluru,Electronics,OnePlus 12,1,64999,15,55249.15
ORD007788,2025-09-30,Kolkata,Electronics,OnePlus 12,3,64999,5,185247.15
ORD007789,2024-12-29,Mumbai,Electronics,Sony WH-1000XM5,1,29999,10,26999.1
ORD007790,2026-01-03,Delhi,Home,Philips Air Fryer,2,8999,0,17998.0
ORD007791,2024-07-23,Chennai,Home,Philips Air Fryer,1,8999,10,8099.1
ORD007792,2026-04-17,Hyderabad,Home,IKEA Study Table,1,12999,0,12999.0
ORD007793,2024-11-14,Chennai,Fashion,Nike Air Max,1,6999,15,5949.15
ORD007794,2026-04-29,Kolkata,Home,IKEA Study Table,2,12999,10,23398.2
ORD007795,2026-05-20,Mumbai,Home,Philips Air Fryer,1,8999,0,8999.0
ORD007796,2025-05-04,Ahmedabad,Fashion,Nike Air Max,1,6999,5,6649.05
ORD007797,2026-03-16,Hyderabad,Home,IKEA Study Table,2,12999,10,23398.2
ORD007798,2024-09-03,Delhi,Fashion,Levi's Jeans,1,2499,15,2124.15
ORD007799,2024-07-26,Ahmedabad,Electronics,OnePlus 12,1,64999,10,58499.1
ORD007800,2026-01-16,Chennai,Electronics,Samsung Galaxy S24,1,74999,15,63749.15
ORD007801,2026-01-25,Bengaluru,Electronics,Sony WH-1000XM5,3,29999,10,80997.3
ORD007802,2025-09-29,Pune,Electronics,Apple iPhone 15,1,79999,5,75999.05
ORD007803,2025-07-25,Pune,Home,Philips Air Fryer,1,8999,15,7649.15
ORD007804,2025-01-02,Chennai,Fashion,Nike Air Max,1,6999,5,6649.05
ORD007805,2024-08-23,Chennai,Electronics,Samsung Galaxy S24,2,74999,0,149998.0
ORD007806,2025-04-16,Chennai,Electronics,Apple iPhone 15,2,79999,15,135998.3
ORD007807,2025-07-26,Chennai,Electronics,Samsung Galaxy S24,1,74999,10,67499.1
ORD007808,2025-10-13,Delhi,Electronics,Apple iPhone 15,1,79999,10,71999.1
ORD007809,2025-01-22,Ahmedabad,Electronics,OnePlus 12,2,64999,15,110498.3
ORD007810,2025-11-19,Bengaluru,Home,Philips Air Fryer,2,8999,5,17098.1
ORD007811,2025-11-02,Hyderabad,Home,IKEA Study Table,2,12999,0,25998.0
ORD007812,2025-06-09,Mumbai,Electronics,OnePlus 12,1,64999,0,64999.0
ORD007813,2024-10-29,Kolkata,Home,Philips Air Fryer,1,8999,0,8999.0
ORD007814,2025-07-08,Bengaluru,Electronics,Apple iPhone 15,1,79999,5,75999.05
ORD007815,2025-05-29,Kolkata,Electronics,Samsung Galaxy S24,1,74999,10,67499.1
ORD007816,2024-09-20,Chennai,Fashion,Levi's Jeans,1,2499,15,2124.15
ORD007817,2024-06-08,Kolkata,Electronics,Apple iPhone 15,1,79999,5,75999.05
ORD007818,2024-07-14,Ahmedabad,Electronics,Apple iPhone 15,2,79999,10,143998.2
ORD007819,2025-05-04,Delhi,Electronics,Samsung Galaxy S24,4,74999,10,269996.4
ORD007820,2025-02-13,Mumbai,Fashion,Nike Air Max,3,6999,5,19947.15
ORD007821,2026-05-23,Kolkata,Fashion,Levi's Jeans,3,2499,0,7497.0
ORD007822,2024-10-14,Pune,Home,IKEA Study Table,2,12999,10,23398.2
ORD007823,2025-08-09,Mumbai,Electronics,Sony WH-1000XM5,1,29999,0,29999.0
ORD007824,2024-10-10,Pune,Electronics,OnePlus 12,3,64999,5,185247.15
ORD007825,2025-05-03,Hyderabad,Home,Philips Air Fryer,1,8999,15,7649.15
ORD007826,2025-01-06,Kolkata,Fashion,Nike Air Max,2,6999,5,13298.1
ORD007827,2024-09-19,Delhi,Electronics,Samsung Galaxy S24,1,74999,15,63749.15
ORD007828,2025-11-06,Pune,Electronics,OnePlus 12,1,64999,5,61749.05
ORD007829,2024-12-04,Pune,Electronics,OnePlus 12,1,64999,5,61749.05
ORD007830,2025-11-25,Chennai,Electronics,OnePlus 12,1,64999,15,55249.15
ORD007831,2024-12-02,Delhi,Home,Philips Air Fryer,3,8999,5,25647.15
ORD007832,2024-09-19,Chennai,Electronics,Sony WH-1000XM5,1,29999,15,25499.15
ORD007833,2025-07-27,Bengaluru,Fashion,Nike Air Max,1,6999,15,5949.15
ORD007834,2025-02-13,Chennai,Fashion,Levi's Jeans,1,2499,10,2249.1
ORD007835,2024-12-08,Mumbai,Electronics,OnePlus 12,1,64999,5,61749.05
ORD007836,2025-10-29,Mumbai,Electronics,Sony WH-1000XM5,1,29999,15,25499.15
ORD007837,2026-03-19,Pune,Electronics,OnePlus 12,1,64999,10,58499.1
ORD007838,2024-11-06,Ahmedabad,Electronics,Apple iPhone 15,1,79999,10,71999.1
ORD007839,2025-11-15,Chennai,Home,IKEA Study Table,1,12999,0,12999.0
ORD007840,2024-11-26,Bengaluru,Home,IKEA Study Table,4,12999,0,51996.0
ORD007841,2026-03-22,Ahmedabad,Electronics,Samsung Galaxy S24,2,74999,0,149998.0
ORD007842,2025-06-19,Bengaluru,Home,IKEA Study Table,3,12999,5,37047.15
ORD007843,2024-09-30,Delhi,Electronics,Sony WH-1000XM5,1,29999,5,28499.05
ORD007844,2025-01-19,Hyderabad,Electronics,Sony WH-1000XM5,1,29999,10,26999.1
ORD007845,2025-10-22,Pune,Fashion,Levi's Jeans,2,2499,10,4498.2
ORD007846,2025-07-27,Kolkata,Home,Philips Air Fryer,1,8999,0,8999.0
ORD007847,2025-02-01,Delhi,Fashion,Levi's Jeans,1,2499,0,2499.0
ORD007848,2025-12-07,Ahmedabad,Electronics,Apple iPhone 15,1,79999,5,75999.05
ORD007849,2026-03-31,Chennai,Fashion,Levi's Jeans,1,2499,10,2249.1
ORD007850,2025-10-16,Mumbai,Electronics,Samsung Galaxy S24,1,74999,5,71249.05
ORD007851,2026-03-01,Chennai,Fashion,Levi's Jeans,1,2499,0,2499.0
ORD007852,2025-04-29,Chennai,Fashion,Levi's Jeans,1,2499,0,2499.0
ORD007853,2025-08-05,Delhi,Electronics,Samsung Galaxy S24,1,74999,5,71249.05
ORD007854,2025-02-02,Delhi,Fashion,Levi's Jeans,1,2499,10,2249.1
ORD007855,2025-11-26,Delhi,Electronics,Sony WH-1000XM5,4,29999,5,113996.2
ORD007856,2024-09-16,Hyderabad,Electronics,Apple iPhone 15,1,79999,10,71999.1
ORD007857,2025-06-30,Mumbai,Electronics,Sony WH-1000XM5,1,29999,0,29999.0
ORD007858,2026-04-24,Delhi,Fashion,Levi's Jeans,1,2499,10,2249.1
ORD007859,2025-10-09,Bengaluru,Home,IKEA Study Table,3,12999,0,38997.0
ORD007860,2026-03-30,Hyderabad,Electronics,Samsung Galaxy S24,2,74999,0,149998.0
ORD007861,2026-04-10,Chennai,Home,IKEA Study Table,1,12999,5,12349.05
ORD007862,2025-03-26,Delhi,Electronics,OnePlus 12,1,64999,5,61749.05
ORD007863,2026-04-07,Ahmedabad,Home,IKEA Study Table,1,12999,10,11699.1
ORD007864,2025-05-11,Chennai,Electronics,Samsung Galaxy S24,1,74999,15,63749.15
ORD007865,2024-12-30,Kolkata,Electronics,Apple iPhone 15,1,79999,0,79999.0
ORD007866,2026-02-16,Mumbai,Electronics,Sony WH-1000XM5,4,29999,5,113996.2
ORD007867,2024-08-03,Chennai,Electronics,Samsung Galaxy S24,4,74999,10,269996.4
ORD007868,2025-12-09,Delhi,Electronics,Samsung Galaxy S24,2,74999,5,142498.1
ORD007869,2024-09-01,Ahmedabad,Electronics,Samsung Galaxy S24,1,74999,5,71249.05
ORD007870,2025-08-10,Hyderabad,Fashion,Levi's Jeans,2,2499,0,4998.0
ORD007871,2024-09-01,Hyderabad,Fashion,Levi's Jeans,1,2499,10,2249.1
ORD007872,2024-11-10,Delhi,Fashion,Nike Air Max,2,6999,10,12598.2
ORD007873,2024-07-12,Ahmedabad,Fashion,Nike Air Max,1,6999,15,5949.15
ORD007874,2025-11-25,Ahmedabad,Fashion,Nike Air Max,1,6999,10,6299.1
ORD007875,2025-04-21,Chennai,Electronics,OnePlus 12,3,64999,15,165747.45
ORD007876,2025-06-24,Kolkata,Home,Philips Air Fryer,1,8999,5,8549.05
ORD007877,2025-11-01,Ahmedabad,Electronics,Samsung Galaxy S24,1,74999,5,71249.05
ORD007878,2025-11-16,Pune,Electronics,Apple iPhone 15,2,79999,15,135998.3
ORD007879,2024-09-19,Pune,Electronics,Samsung Galaxy S24,1,74999,0,74999.0
ORD007880,2024-07-30,Ahmedabad,Electronics,Apple iPhone 15,4,79999,5,303996.2
ORD007881,2025-04-15,Hyderabad,Electronics,Apple iPhone 15,1,79999,0,79999.0
ORD007882,2025-10-03,Kolkata,Electronics,Apple iPhone 15,2,79999,0,159998.0
ORD007883,2025-12-17,Bengaluru,Electronics,Apple iPhone 15,1,79999,5,75999.05
ORD007884,2024-06-17,Mumbai,Home,IKEA Study Table,2,12999,5,24698.1
ORD007885,2025-01-16,Kolkata,Fashion,Nike Air Max,3,6999,15,17847.45
ORD007886,2024-09-12,Pune,Home,IKEA Study Table,3,12999,0,38997.0
ORD007887,2025-05-27,Bengaluru,Fashion,Levi's Jeans,2,2499,15,4248.3
ORD007888,2025-02-07,Pune,Home,Philips Air Fryer,1,8999,0,8999.0
ORD007889,2026-06-06,Hyderabad,Fashion,Nike Air Max,1,6999,15,5949.15
ORD007890,2025-04-18,Kolkata,Home,Philips Air Fryer,1,8999,15,7649.15
ORD007891,2025-11-24,Ahmedabad,Electronics,Sony WH-1000XM5,2,29999,10,53998.2
ORD007892,2026-02-16,Bengaluru,Electronics,Samsung Galaxy S24,4,74999,5,284996.2
ORD007893,2025-11-29,Delhi,Electronics,Apple iPhone 15,1,79999,0,79999.0
ORD007894,2024-06-23,Hyderabad,Fashion,Nike Air Max,1,6999,15,5949.15
ORD007895,2025-09-26,Kolkata,Electronics,OnePlus 12,1,64999,0,64999.0
ORD007896,2026-02-05,Hyderabad,Fashion,Nike Air Max,1,6999,15,5949.15
ORD007897,2025-07-27,Chennai,Home,Philips Air Fryer,2,8999,5,17098.1
ORD007898,2025-02-27,Kolkata,Electronics,Samsung Galaxy S24,1,74999,0,74999.0
ORD007899,2025-05-17,Hyderabad,Home,IKEA Study Table,1,12999,15,11049.15
ORD007900,2025-03-09,Chennai,Home,IKEA Study Table,1,12999,5,12349.05
ORD007901,2025-10-27,Delhi,Fashion,Nike Air Max,2,6999,10,12598.2
ORD007902,2025-04-02,Pune,Electronics,Sony WH-1000XM5,1,29999,15,25499.15
ORD007903,2026-02-03,Pune,Electronics,OnePlus 12,1,64999,0,64999.0
ORD007904,2025-05-29,Hyderabad,Electronics,Sony WH-1000XM5,1,29999,15,25499.15
ORD007905,2024-09-07,Bengaluru,Home,Philips Air Fryer,2,8999,0,17998.0
ORD007906,2026-01-09,Pune,Home,Philips Air Fryer,2,8999,0,17998.0
ORD007907,2024-06-16,Delhi,Home,Philips Air Fryer,4,8999,5,34196.2
ORD007908,2025-11-08,Delhi,Fashion,Nike Air Max,1,6999,0,6999.0
ORD007909,2025-07-19,Delhi,Electronics,Samsung Galaxy S24,1,74999,15,63749.15
ORD007910,2025-04-04,Bengaluru,Electronics,Apple iPhone 15,1,79999,15,67999.15
ORD007911,2024-09-09,Chennai,Home,IKEA Study Table,1,12999,5,12349.05
ORD007912,2026-03-24,Mumbai,Fashion,Nike Air Max,1,6999,5,6649.05
ORD007913,2025-05-06,Kolkata,Electronics,OnePlus 12,1,64999,10,58499.1
ORD007914,2025-12-30,Pune,Fashion,Levi's Jeans,1,2499,0,2499.0
ORD007915,2025-02-09,Delhi,Electronics,OnePlus 12,1,64999,15,55249.15
ORD007916,2026-03-10,Kolkata,Fashion,Levi's Jeans,2,2499,0,4998.0
ORD007917,2025-07-29,Bengaluru,Electronics,Sony WH-1000XM5,1,29999,5,28499.05
ORD007918,2025-07-29,Kolkata,Electronics,OnePlus 12,1,64999,0,64999.0
ORD007919,2025-09-10,Mumbai,Home,IKEA Study Table,1,12999,10,11699.1
ORD007920,2025-05-06,Kolkata,Electronics,Sony WH-1000XM5,1,29999,10,26999.1
ORD007921,2026-04-14,Chennai,Fashion,Nike Air Max,2,6999,0,13998.0
ORD007922,2026-04-26,Kolkata,Fashion,Nike Air Max,4,6999,15,23796.6
ORD007923,2025-08-20,Pune,Electronics,Samsung Galaxy S24,1,74999,5,71249.05
ORD007924,2024-06-22,Hyderabad,Electronics,OnePlus 12,2,64999,5,123498.1
ORD007925,2024-08-15,Pune,Fashion,Nike Air Max,1,6999,5,6649.05
ORD007926,2026-03-18,Chennai,Electronics,Samsung Galaxy S24,2,74999,15,127498.3
ORD007927,2025-06-21,Kolkata,Electronics,Apple iPhone 15,3,79999,5,227997.15
ORD007928,2024-12-07,Mumbai,Electronics,OnePlus 12,1,64999,10,58499.1
ORD007929,2025-07-19,Kolkata,Electronics,Sony WH-1000XM5,1,29999,10,26999.1
ORD007930,2025-10-26,Hyderabad,Fashion,Nike Air Max,4,6999,5,26596.2
ORD007931,2024-06-08,Ahmedabad,Electronics,Sony WH-1000XM5,1,29999,0,29999.0
ORD007932,2026-01-17,Mumbai,Home,Philips Air Fryer,3,8999,15,22947.45
ORD007933,2024-09-08,Hyderabad,Fashion,Nike Air Max,1,6999,15,5949.15
ORD007934,2025-10-03,Hyderabad,Electronics,Sony WH-1000XM5,2,29999,10,53998.2
ORD007935,2024-08-16,Mumbai,Electronics,Samsung Galaxy S24,1,74999,0,74999.0
ORD007936,2025-04-21,Kolkata,Fashion,Levi's Jeans,1,2499,15,2124.15
ORD007937,2025-04-19,Hyderabad,Fashion,Levi's Jeans,2,2499,10,4498.2
ORD007938,2024-08-18,Pune,Electronics,OnePlus 12,1,64999,0,64999.0
ORD007939,2026-01-02,Pune,Electronics,Samsung Galaxy S24,1,74999,15,63749.15
ORD007940,2026-02-28,Chennai,Electronics,Sony WH-1000XM5,4,29999,5,113996.2
ORD007941,2024-10-29,Delhi,Home,IKEA Study Table,4,12999,10,46796.4
ORD007942,2024-09-14,Pune,Fashion,Levi's Jeans,2,2499,0,4998.0
ORD007943,2025-05-02,Mumbai,Electronics,Samsung Galaxy S24,1,74999,15,63749.15
ORD007944,2026-01-11,Ahmedabad,Electronics,Sony WH-1000XM5,1,29999,10,26999.1
ORD007945,2024-11-27,Hyderabad,Electronics,Apple iPhone 15,2,79999,15,135998.3
ORD007946,2025-11-15,Chennai,Electronics,OnePlus 12,1,64999,10,58499.1
ORD007947,2026-03-16,Mumbai,Fashion,Nike Air Max,1,6999,5,6649.05
ORD007948,2025-12-10,Chennai,Electronics,OnePlus 12,4,64999,5,246996.2
ORD007949,2025-10-13,Bengaluru,Fashion,Levi's Jeans,2,2499,5,4748.1
ORD007950,2026-04-29,Kolkata,Electronics,Sony WH-1000XM5,1,29999,0,29999.0
ORD007951,2026-02-10,Hyderabad,Electronics,Samsung Galaxy S24,2,74999,5,142498.1
ORD007952,2026-02-15,Mumbai,Electronics,Sony WH-1000XM5,1,29999,15,25499.15
ORD007953,2026-04-09,Kolkata,Fashion,Nike Air Max,2,6999,10,12598.2
ORD007954,2026-05-10,Ahmedabad,Electronics,Apple iPhone 15,2,79999,0,159998.0
ORD007955,2026-01-13,Pune,Electronics,Apple iPhone 15,2,79999,5,151998.1
ORD007956,2025-05-16,Pune,Electronics,Apple iPhone 15,1,79999,10,71999.1
ORD007957,2026-03-22,Pune,Home,Philips Air Fryer,1,8999,5,8549.05
ORD007958,2026-05-02,Bengaluru,Fashion,Levi's Jeans,2,2499,0,4998.0
ORD007959,2025-11-29,Hyderabad,Electronics,Apple iPhone 15,3,79999,5,227997.15
ORD007960,2024-12-02,Pune,Electronics,Samsung Galaxy S24,1,74999,15,63749.15
ORD007961,2025-02-17,Ahmedabad,Home,Philips Air Fryer,1,8999,10,8099.1
ORD007962,2025-10-17,Chennai,Fashion,Levi's Jeans,2,2499,0,4998.0
ORD007963,2026-02-18,Delhi,Fashion,Levi's Jeans,1,2499,5,2374.05
ORD007964,2025-12-22,Bengaluru,Home,Philips Air Fryer,1,8999,0,8999.0
ORD007965,2024-08-21,Chennai,Fashion,Nike Air Max,4,6999,0,27996.0
ORD007966,2026-02-19,Pune,Home,Philips Air Fryer,2,8999,10,16198.2
ORD007967,2025-10-29,Chennai,Home,IKEA Study Table,2,12999,0,25998.0
ORD007968,2024-06-19,Chennai,Home,IKEA Study Table,1,12999,0,12999.0
ORD007969,2026-04-09,Bengaluru,Electronics,OnePlus 12,2,64999,10,116998.2
ORD007970,2024-12-14,Pune,Electronics,OnePlus 12,1,64999,0,64999.0
ORD007971,2025-02-14,Pune,Fashion,Levi's Jeans,1,2499,10,2249.1
ORD007972,2025-11-30,Pune,Fashion,Levi's Jeans,1,2499,0,2499.0
ORD007973,2024-10-29,Ahmedabad,Electronics,Sony WH-1000XM5,2,29999,10,53998.2
ORD007974,2025-01-20,Bengaluru,Electronics,Sony WH-1000XM5,1,29999,10,26999.1
ORD007975,2024-06-15,Pune,Home,Philips Air Fryer,1,8999,0,8999.0
ORD007976,2024-12-31,Pune,Electronics,OnePlus 12,2,64999,0,129998.0
ORD007977,2026-05-02,Bengaluru,Home,IKEA Study Table,1,12999,0,12999.0
ORD007978,2025-07-26,Hyderabad,Electronics,Apple iPhone 15,2,79999,10,143998.2
ORD007979,2026-04-08,Ahmedabad,Home,Philips Air Fryer,2,8999,15,15298.3
ORD007980,2026-04-16,Bengaluru,Fashion,Nike Air Max,2,6999,0,13998.0
ORD007981,2025-04-16,Delhi,Home,IKEA Study Table,1,12999,0,12999.0
ORD007982,2025-07-05,Pune,Home,Philips Air Fryer,1,8999,10,8099.1
ORD007983,2025-08-18,Pune,Home,Philips Air Fryer,1,8999,10,8099.1
ORD007984,2025-06-28,Pune,Fashion,Nike Air Max,1,6999,5,6649.05
ORD007985,2026-02-23,Delhi,Electronics,Apple iPhone 15,3,79999,0,239997.0
ORD007986,2025-03-15,Delhi,Electronics,Apple iPhone 15,1,79999,5,75999.05
ORD007987,2026-03-31,Delhi,Electronics,Samsung Galaxy S24,1,74999,5,71249.05
ORD007988,2025-12-16,Mumbai,Fashion,Levi's Jeans,1,2499,10,2249.1
ORD007989,2024-12-17,Ahmedabad,Electronics,OnePlus 12,1,64999,10,58499.1
ORD007990,2024-12-09,Pune,Electronics,OnePlus 12,3,64999,15,165747.45
ORD007991,2024-10-13,Mumbai,Electronics,Sony WH-1000XM5,4,29999,5,113996.2
ORD007992,2026-03-24,Bengaluru,Electronics,OnePlus 12,1,64999,10,58499.1
ORD007993,2025-02-01,Mumbai,Electronics,Sony WH-1000XM5,1,29999,15,25499.15
ORD007994,2026-05-06,Hyderabad,Home,IKEA Study Table,1,12999,0,12999.0
ORD007995,2025-04-11,Kolkata,Electronics,OnePlus 12,2,64999,5,123498.1
ORD007996,2024-12-18,Hyderabad,Home,Philips Air Fryer,2,8999,15,15298.3
ORD007997,2025-09-23,Kolkata,Electronics,Apple iPhone 15,4,79999,15,271996.6
ORD007998,2026-03-28,Chennai,Electronics,OnePlus 12,1,64999,15,55249.15
ORD007999,2025-06-12,Mumbai,Electronics,OnePlus 12,2,64999,0,129998.0
ORD008000,2025-08-11,Chennai,Electronics,Sony WH-1000XM5,2,29999,0,59998.0
ORD008001,2024-12-25,Bengaluru,Electronics,Samsung Galaxy S24,1,74999,15,63749.15
ORD008002,2026-01-07,Chennai,Fashion,Levi's Jeans,2,2499,5,4748.1
ORD008003,2025-03-03,Hyderabad,Fashion,Levi's Jeans,1,2499,10,2249.1
ORD008004,2025-04-10,Bengaluru,Electronics,Samsung Galaxy S24,1,74999,5,71249.05
ORD008005,2025-03-12,Delhi,Home,IKEA Study Table,4,12999,15,44196.6
ORD008006,2024-12-07,Pune,Fashion,Nike Air Max,2,6999,5,13298.1
ORD008007,2025-02-01,Ahmedabad,Electronics,OnePlus 12,2,64999,5,123498.1
ORD008008,2025-12-10,Kolkata,Electronics,Sony WH-1000XM5,4,29999,5,113996.2
ORD008009,2025-02-03,Mumbai,Home,Philips Air Fryer,1,8999,15,7649.15
ORD008010,2026-03-28,Chennai,Fashion,Levi's Jeans,1,2499,5,2374.05
ORD008011,2025-04-30,Pune,Home,IKEA Study Table,2,12999,5,24698.1
ORD008012,2025-08-14,Pune,Fashion,Nike Air Max,1,6999,0,6999.0
ORD008013,2024-06-24,Pune,Home,Philips Air Fryer,2,8999,5,17098.1
ORD008014,2025-03-21,Kolkata,Electronics,Sony WH-1000XM5,1,29999,10,26999.1
ORD008015,2026-02-10,Mumbai,Electronics,Apple iPhone 15,1,79999,15,67999.15
ORD008016,2025-03-21,Hyderabad,Home,IKEA Study Table,1,12999,0,12999.0
ORD008017,2026-05-17,Delhi,Fashion,Levi's Jeans,2,2499,15,4248.3
ORD008018,2025-08-09,Ahmedabad,Fashion,Nike Air Max,1,6999,15,5949.15
ORD008019,2025-07-04,Mumbai,Electronics,OnePlus 12,2,64999,5,123498.1
ORD008020,2025-04-11,Pune,Fashion,Nike Air Max,3,6999,10,18897.3
ORD008021,2025-05-08,Hyderabad,Fashion,Levi's Jeans,1,2499,10,2249.1
ORD008022,2024-06-10,Chennai,Electronics,OnePlus 12,1,64999,10,58499.1
ORD008023,2025-09-18,Mumbai,Fashion,Nike Air Max,1,6999,5,6649.05
ORD008024,2026-01-10,Hyderabad,Fashion,Nike Air Max,2,6999,10,12598.2
ORD008025,2025-08-03,Chennai,Electronics,Samsung Galaxy S24,1,74999,5,71249.05
ORD008026,2025-10-11,Mumbai,Electronics,Samsung Galaxy S24,3,74999,0,224997.0
ORD008027,2025-11-14,Pune,Home,Philips Air Fryer,1,8999,10,8099.1
ORD008028,2024-10-15,Delhi,Electronics,Sony WH-1000XM5,4,29999,15,101996.6
ORD008029,2026-02-26,Chennai,Home,Philips Air Fryer,2,8999,0,17998.0
ORD008030,2025-02-14,Delhi,Electronics,Apple iPhone 15,1,79999,15,67999.15
ORD008031,2026-04-25,Bengaluru,Home,IKEA Study Table,3,12999,5,37047.15
ORD008032,2025-07-12,Kolkata,Electronics,Sony WH-1000XM5,1,29999,15,25499.15
ORD008033,2025-12-21,Delhi,Home,IKEA Study Table,3,12999,0,38997.0
ORD008034,2025-08-10,Bengaluru,Electronics,OnePlus 12,1,64999,0,64999.0
ORD008035,2024-09-13,Chennai,Electronics,Samsung Galaxy S24,1,74999,5,71249.05
ORD008036,2026-04-25,Bengaluru,Fashion,Levi's Jeans,2,2499,10,4498.2
ORD008037,2025-03-14,Kolkata,Electronics,Samsung Galaxy S24,1,74999,5,71249.05
ORD008038,2025-04-12,Delhi,Fashion,Nike Air Max,3,6999,15,17847.45
ORD008039,2026-05-06,Pune,Home,IKEA Study Table,3,12999,5,37047.15
ORD008040,2025-02-05,Delhi,Electronics,Samsung Galaxy S24,1,74999,5,71249.05
ORD008041,2025-12-15,Bengaluru,Electronics,Samsung Galaxy S24,3,74999,15,191247.45
ORD008042,2025-07-21,Chennai,Electronics,Sony WH-1000XM5,1,29999,15,25499.15
ORD008043,2025-11-11,Mumbai,Fashion,Levi's Jeans,2,2499,0,4998.0
ORD008044,2024-07-09,Mumbai,Electronics,Sony WH-1000XM5,2,29999,0,59998.0
ORD008045,2025-10-27,Chennai,Electronics,Sony WH-1000XM5,2,29999,10,53998.2
ORD008046,2024-07-20,Bengaluru,Electronics,Samsung Galaxy S24,2,74999,0,149998.0
ORD008047,2024-08-22,Pune,Electronics,Samsung Galaxy S24,1,74999,10,67499.1
ORD008048,2026-04-25,Kolkata,Fashion,Levi's Jeans,1,2499,0,2499.0
ORD008049,2024-09-21,Ahmedabad,Electronics,Apple iPhone 15,1,79999,10,71999.1
ORD008050,2024-10-16,Kolkata,Electronics,Samsung Galaxy S24,1,74999,15,63749.15
ORD008051,2025-09-23,Hyderabad,Electronics,Sony WH-1000XM5,1,29999,0,29999.0
ORD008052,2024-11-01,Delhi,Home,IKEA Study Table,3,12999,0,38997.0
ORD008053,2026-03-28,Delhi,Electronics,OnePlus 12,4,64999,10,233996.4
ORD008054,2026-03-09,Delhi,Fashion,Levi's Jeans,2,2499,10,4498.2
ORD008055,2025-03-03,Pune,Electronics,Sony WH-1000XM5,1,29999,5,28499.05
ORD008056,2024-10-02,Mumbai,Electronics,Apple iPhone 15,1,79999,0,79999.0
ORD008057,2026-03-16,Mumbai,Electronics,Apple iPhone 15,1,79999,15,67999.15
ORD008058,2024-07-01,Pune,Electronics,Samsung Galaxy S24,1,74999,10,67499.1
ORD008059,2025-01-07,Chennai,Electronics,Sony WH-1000XM5,1,29999,10,26999.1
ORD008060,2025-03-25,Hyderabad,Fashion,Nike Air Max,4,6999,15,23796.6
ORD008061,2025-11-09,Bengaluru,Electronics,OnePlus 12,1,64999,15,55249.15
ORD008062,2025-04-03,Ahmedabad,Electronics,OnePlus 12,2,64999,10,116998.2
ORD008063,2024-11-23,Kolkata,Home,IKEA Study Table,1,12999,0,12999.0
ORD008064,2025-03-29,Kolkata,Home,Philips Air Fryer,2,8999,0,17998.0
ORD008065,2025-01-17,Kolkata,Home,IKEA Study Table,1,12999,15,11049.15
ORD008066,2025-09-05,Kolkata,Fashion,Nike Air Max,3,6999,5,19947.15
ORD008067,2025-05-01,Delhi,Home,IKEA Study Table,2,12999,5,24698.1
ORD008068,2025-02-02,Kolkata,Electronics,Samsung Galaxy S24,1,74999,5,71249.05
ORD008069,2024-10-09,Delhi,Electronics,OnePlus 12,1,64999,15,55249.15
ORD008070,2026-05-31,Hyderabad,Electronics,Apple iPhone 15,1,79999,0,79999.0
ORD008071,2026-01-06,Pune,Fashion,Nike Air Max,1,6999,15,5949.15
ORD008072,2026-01-03,Hyderabad,Home,IKEA Study Table,2,12999,5,24698.1
ORD008073,2026-05-12,Kolkata,Electronics,Samsung Galaxy S24,1,74999,0,74999.0
ORD008074,2026-02-25,Delhi,Home,Philips Air Fryer,2,8999,0,17998.0
ORD008075,2025-09-02,Chennai,Electronics,Samsung Galaxy S24,1,74999,15,63749.15
ORD008076,2026-04-12,Chennai,Fashion,Nike Air Max,2,6999,0,13998.0
ORD008077,2024-10-12,Mumbai,Electronics,Sony WH-1000XM5,2,29999,5,56998.1
ORD008078,2025-08-07,Delhi,Fashion,Nike Air Max,3,6999,10,18897.3
ORD008079,2025-07-18,Pune,Electronics,Sony WH-1000XM5,1,29999,15,25499.15
ORD008080,2025-08-18,Delhi,Fashion,Nike Air Max,1,6999,15,5949.15
ORD008081,2025-11-16,Mumbai,Fashion,Nike Air Max,2,6999,15,11898.3
ORD008082,2026-01-29,Pune,Electronics,OnePlus 12,4,64999,15,220996.6
ORD008083,2025-03-31,Bengaluru,Fashion,Nike Air Max,1,6999,10,6299.1
ORD008084,2026-02-26,Chennai,Electronics,Apple iPhone 15,2,79999,10,143998.2
ORD008085,2025-11-23,Chennai,Fashion,Nike Air Max,2,6999,5,13298.1
ORD008086,2025-04-13,Kolkata,Fashion,Levi's Jeans,1,2499,0,2499.0
ORD008087,2024-07-10,Bengaluru,Home,Philips Air Fryer,1,8999,5,8549.05
ORD008088,2026-04-14,Mumbai,Electronics,Samsung Galaxy S24,2,74999,0,149998.0
ORD008089,2025-01-25,Hyderabad,Home,IKEA Study Table,2,12999,0,25998.0
ORD008090,2026-01-15,Kolkata,Electronics,Apple iPhone 15,2,79999,10,143998.2
ORD008091,2025-09-27,Hyderabad,Electronics,Samsung Galaxy S24,4,74999,5,284996.2
ORD008092,2025-02-10,Chennai,Home,Philips Air Fryer,1,8999,15,7649.15
ORD008093,2026-04-19,Hyderabad,Home,IKEA Study Table,1,12999,0,12999.0
ORD008094,2025-12-08,Hyderabad,Electronics,Samsung Galaxy S24,3,74999,0,224997.0
ORD008095,2025-12-30,Ahmedabad,Home,Philips Air Fryer,1,8999,0,8999.0
ORD008096,2026-06-07,Ahmedabad,Fashion,Levi's Jeans,4,2499,5,9496.2
ORD008097,2024-06-23,Kolkata,Electronics,OnePlus 12,2,64999,10,116998.2
ORD008098,2025-03-27,Kolkata,Electronics,Apple iPhone 15,2,79999,15,135998.3
ORD008099,2025-10-10,Pune,Electronics,Samsung Galaxy S24,1,74999,0,74999.0
ORD008100,2025-06-30,Delhi,Home,IKEA Study Table,1,12999,0,12999.0
ORD008101,2025-05-07,Mumbai,Electronics,Sony WH-1000XM5,1,29999,15,25499.15
ORD008102,2026-05-27,Mumbai,Fashion,Levi's Jeans,2,2499,5,4748.1
ORD008103,2025-11-29,Ahmedabad,Home,IKEA Study Table,1,12999,10,11699.1
ORD008104,2025-01-18,Hyderabad,Home,Philips Air Fryer,2,8999,15,15298.3
ORD008105,2024-07-31,Hyderabad,Electronics,Apple iPhone 15,2,79999,0,159998.0
ORD008106,2026-03-30,Kolkata,Electronics,Sony WH-1000XM5,1,29999,0,29999.0
ORD008107,2025-07-30,Hyderabad,Home,IKEA Study Table,2,12999,5,24698.1
ORD008108,2025-10-29,Hyderabad,Home,Philips Air Fryer,2,8999,5,17098.1
ORD008109,2026-05-01,Pune,Home,IKEA Study Table,1,12999,0,12999.0
ORD008110,2024-07-02,Hyderabad,Electronics,Sony WH-1000XM5,1,29999,15,25499.15
ORD008111,2024-07-17,Hyderabad,Electronics,Sony WH-1000XM5,1,29999,0,29999.0
ORD008112,2024-09-18,Pune,Fashion,Nike Air Max,2,6999,10,12598.2
ORD008113,2026-01-27,Pune,Electronics,Samsung Galaxy S24,1,74999,10,67499.1
ORD008114,2025-04-09,Hyderabad,Home,IKEA Study Table,1,12999,5,12349.05
ORD008115,2025-07-16,Hyderabad,Electronics,Sony WH-1000XM5,3,29999,15,76497.45
ORD008116,2024-11-18,Chennai,Electronics,Sony WH-1000XM5,2,29999,5,56998.1
ORD008117,2026-05-19,Hyderabad,Home,Philips Air Fryer,2,8999,15,15298.3
ORD008118,2024-08-20,Delhi,Electronics,Apple iPhone 15,4,79999,10,287996.4
ORD008119,2025-01-06,Bengaluru,Home,Philips Air Fryer,1,8999,0,8999.0
ORD008120,2025-07-14,Hyderabad,Electronics,Sony WH-1000XM5,1,29999,10,26999.1
ORD008121,2025-05-30,Mumbai,Electronics,Samsung Galaxy S24,2,74999,0,149998.0
ORD008122,2026-02-17,Kolkata,Electronics,OnePlus 12,1,64999,0,64999.0
ORD008123,2025-10-19,Delhi,Electronics,Samsung Galaxy S24,1,74999,15,63749.15
ORD008124,2026-02-14,Bengaluru,Electronics,Apple iPhone 15,2,79999,10,143998.2
ORD008125,2025-03-22,Hyderabad,Electronics,OnePlus 12,1,64999,10,58499.1
ORD008126,2025-11-22,Kolkata,Electronics,OnePlus 12,2,64999,15,110498.3
ORD008127,2025-01-09,Delhi,Electronics,Sony WH-1000XM5,2,29999,10,53998.2
ORD008128,2025-05-05,Ahmedabad,Fashion,Levi's Jeans,2,2499,10,4498.2
ORD008129,2025-11-19,Pune,Electronics,Samsung Galaxy S24,1,74999,15,63749.15
ORD008130,2024-08-01,Hyderabad,Fashion,Nike Air Max,2,6999,10,12598.2
ORD008131,2024-08-05,Hyderabad,Electronics,OnePlus 12,1,64999,0,64999.0
ORD008132,2024-09-26,Chennai,Fashion,Nike Air Max,1,6999,15,5949.15
ORD008133,2026-05-27,Chennai,Electronics,OnePlus 12,1,64999,5,61749.05
ORD008134,2024-11-29,Hyderabad,Electronics,Apple iPhone 15,1,79999,10,71999.1
ORD008135,2026-04-26,Bengaluru,Electronics,Apple iPhone 15,1,79999,5,75999.05
ORD008136,2026-04-15,Delhi,Electronics,Sony WH-1000XM5,1,29999,10,26999.1
ORD008137,2026-02-08,Chennai,Fashion,Nike Air Max,1,6999,5,6649.05
ORD008138,2024-10-07,Chennai,Electronics,OnePlus 12,1,64999,0,64999.0
ORD008139,2024-07-16,Chennai,Electronics,Apple iPhone 15,3,79999,15,203997.45
ORD008140,2025-10-15,Kolkata,Electronics,Apple iPhone 15,3,79999,0,239997.0
ORD008141,2025-12-16,Bengaluru,Electronics,Sony WH-1000XM5,1,29999,10,26999.1
ORD008142,2025-04-08,Kolkata,Fashion,Nike Air Max,1,6999,15,5949.15
ORD008143,2025-04-11,Hyderabad,Home,IKEA Study Table,1,12999,10,11699.1
ORD008144,2025-05-06,Mumbai,Home,Philips Air Fryer,1,8999,5,8549.05
ORD008145,2025-09-04,Mumbai,Fashion,Levi's Jeans,1,2499,0,2499.0
ORD008146,2025-03-28,Ahmedabad,Home,Philips Air Fryer,1,8999,5,8549.05
ORD008147,2025-10-04,Kolkata,Fashion,Levi's Jeans,1,2499,5,2374.05
ORD008148,2025-06-09,Kolkata,Fashion,Nike Air Max,2,6999,5,13298.1
ORD008149,2024-11-10,Hyderabad,Home,IKEA Study Table,1,12999,10,11699.1
ORD008150,2024-09-03,Bengaluru,Home,Philips Air Fryer,1,8999,0,8999.0
ORD008151,2025-08-13,Mumbai,Electronics,Samsung Galaxy S24,1,74999,10,67499.1
ORD008152,2024-11-05,Hyderabad,Home,IKEA Study Table,1,12999,10,11699.1
ORD008153,2025-03-21,Mumbai,Fashion,Nike Air Max,2,6999,15,11898.3
ORD008154,2025-01-13,Delhi,Electronics,Samsung Galaxy S24,2,74999,0,149998.0
ORD008155,2025-01-29,Kolkata,Electronics,OnePlus 12,2,64999,10,116998.2
ORD008156,2024-11-13,Ahmedabad,Electronics,Apple iPhone 15,1,79999,5,75999.05
ORD008157,2024-09-27,Kolkata,Electronics,OnePlus 12,1,64999,0,64999.0
ORD008158,2025-11-08,Mumbai,Fashion,Levi's Jeans,1,2499,15,2124.15
ORD008159,2025-12-25,Delhi,Electronics,Sony WH-1000XM5,1,29999,0,29999.0
ORD008160,2024-10-08,Hyderabad,Fashion,Levi's Jeans,1,2499,10,2249.1
ORD008161,2024-08-03,Bengaluru,Electronics,OnePlus 12,1,64999,10,58499.1
ORD008162,2024-11-04,Hyderabad,Electronics,Sony WH-1000XM5,1,29999,15,25499.15
ORD008163,2026-02-12,Hyderabad,Home,Philips Air Fryer,2,8999,10,16198.2
ORD008164,2025-02-17,Kolkata,Fashion,Nike Air Max,2,6999,10,12598.2
ORD008165,2026-05-03,Pune,Electronics,Samsung Galaxy S24,1,74999,5,71249.05
ORD008166,2024-06-24,Bengaluru,Home,IKEA Study Table,2,12999,10,23398.2
ORD008167,2025-05-01,Bengaluru,Home,IKEA Study Table,2,12999,5,24698.1
ORD008168,2026-02-15,Mumbai,Electronics,OnePlus 12,3,64999,10,175497.3
ORD008169,2025-08-03,Ahmedabad,Electronics,OnePlus 12,1,64999,5,61749.05
ORD008170,2026-01-16,Kolkata,Electronics,OnePlus 12,1,64999,0,64999.0
ORD008171,2026-04-02,Mumbai,Home,Philips Air Fryer,3,8999,10,24297.3
ORD008172,2025-07-24,Ahmedabad,Fashion,Levi's Jeans,4,2499,10,8996.4
ORD008173,2025-10-02,Pune,Fashion,Nike Air Max,2,6999,0,13998.0
ORD008174,2025-03-28,Pune,Electronics,OnePlus 12,1,64999,5,61749.05
ORD008175,2024-10-18,Mumbai,Electronics,Samsung Galaxy S24,4,74999,10,269996.4
ORD008176,2025-08-03,Bengaluru,Electronics,OnePlus 12,2,64999,5,123498.1
ORD008177,2024-08-01,Chennai,Electronics,Apple iPhone 15,1,79999,10,71999.1
ORD008178,2025-07-22,Kolkata,Fashion,Nike Air Max,1,6999,5,6649.05
ORD008179,2025-04-02,Bengaluru,Home,Philips Air Fryer,1,8999,10,8099.1
ORD008180,2024-08-10,Hyderabad,Electronics,Sony WH-1000XM5,2,29999,10,53998.2
ORD008181,2025-05-09,Kolkata,Electronics,Sony WH-1000XM5,3,29999,5,85497.15
ORD008182,2026-04-02,Kolkata,Electronics,Sony WH-1000XM5,2,29999,5,56998.1
ORD008183,2025-09-30,Pune,Electronics,Sony WH-1000XM5,2,29999,5,56998.1
ORD008184,2025-07-11,Bengaluru,Fashion,Nike Air Max,1,6999,0,6999.0
ORD008185,2026-05-21,Bengaluru,Home,Philips Air Fryer,1,8999,15,7649.15
ORD008186,2025-10-28,Ahmedabad,Electronics,Samsung Galaxy S24,1,74999,10,67499.1
ORD008187,2025-01-25,Delhi,Home,Philips Air Fryer,4,8999,10,32396.4
ORD008188,2026-03-02,Kolkata,Home,IKEA Study Table,1,12999,10,11699.1
ORD008189,2026-03-14,Chennai,Electronics,Sony WH-1000XM5,1,29999,0,29999.0
ORD008190,2024-07-11,Pune,Electronics,OnePlus 12,1,64999,5,61749.05
ORD008191,2024-11-04,Mumbai,Home,IKEA Study Table,1,12999,10,11699.1
ORD008192,2025-10-08,Kolkata,Home,IKEA Study Table,2,12999,5,24698.1
ORD008193,2025-12-07,Pune,Home,IKEA Study Table,2,12999,5,24698.1
ORD008194,2025-08-14,Hyderabad,Electronics,OnePlus 12,2,64999,5,123498.1
ORD008195,2025-05-08,Mumbai,Electronics,Samsung Galaxy S24,2,74999,10,134998.2
ORD008196,2024-11-23,Chennai,Electronics,OnePlus 12,2,64999,15,110498.3
ORD008197,2025-01-05,Mumbai,Electronics,Apple iPhone 15,1,79999,15,67999.15
ORD008198,2025-04-21,Bengaluru,Electronics,Apple iPhone 15,2,79999,15,135998.3
ORD008199,2025-09-07,Pune,Electronics,OnePlus 12,1,64999,15,55249.15
ORD008200,2024-12-30,Hyderabad,Electronics,OnePlus 12,3,64999,0,194997.0
ORD008201,2024-09-22,Ahmedabad,Fashion,Nike Air Max,1,6999,10,6299.1
ORD008202,2026-05-16,Pune,Electronics,Apple iPhone 15,1,79999,5,75999.05
ORD008203,2025-01-03,Chennai,Fashion,Nike Air Max,2,6999,15,11898.3
ORD008204,2024-08-28,Mumbai,Electronics,Samsung Galaxy S24,1,74999,15,63749.15
ORD008205,2024-10-06,Mumbai,Electronics,Sony WH-1000XM5,1,29999,0,29999.0
ORD008206,2026-04-14,Pune,Home,Philips Air Fryer,3,8999,10,24297.3
ORD008207,2025-10-09,Hyderabad,Home,IKEA Study Table,1,12999,5,12349.05
ORD008208,2026-02-21,Mumbai,Electronics,Samsung Galaxy S24,3,74999,0,224997.0
ORD008209,2025-11-30,Kolkata,Home,IKEA Study Table,1,12999,15,11049.15
ORD008210,2025-05-06,Chennai,Fashion,Nike Air Max,1,6999,15,5949.15
ORD008211,2025-10-02,Mumbai,Fashion,Nike Air Max,2,6999,10,12598.2
ORD008212,2025-11-14,Hyderabad,Fashion,Nike Air Max,1,6999,0,6999.0
ORD008213,2026-05-16,Bengaluru,Fashion,Nike Air Max,1,6999,15,5949.15
ORD008214,2025-08-25,Ahmedabad,Electronics,Sony WH-1000XM5,1,29999,10,26999.1
ORD008215,2025-06-30,Chennai,Electronics,OnePlus 12,1,64999,15,55249.15
ORD008216,2026-05-01,Hyderabad,Electronics,Samsung Galaxy S24,1,74999,0,74999.0
ORD008217,2026-04-29,Hyderabad,Electronics,OnePlus 12,1,64999,5,61749.05
ORD008218,2024-11-02,Ahmedabad,Fashion,Nike Air Max,3,6999,10,18897.3
ORD008219,2025-07-31,Hyderabad,Electronics,OnePlus 12,1,64999,15,55249.15
ORD008220,2024-08-02,Hyderabad,Electronics,Sony WH-1000XM5,3,29999,5,85497.15
ORD008221,2024-07-21,Kolkata,Electronics,Samsung Galaxy S24,1,74999,15,63749.15
ORD008222,2026-01-15,Ahmedabad,Fashion,Levi's Jeans,4,2499,15,8496.6
ORD008223,2026-02-22,Hyderabad,Fashion,Nike Air Max,1,6999,15,5949.15
ORD008224,2026-05-17,Mumbai,Electronics,Samsung Galaxy S24,4,74999,0,299996.0
ORD008225,2025-08-16,Kolkata,Home,Philips Air Fryer,2,8999,15,15298.3
ORD008226,2025-12-01,Pune,Electronics,OnePlus 12,4,64999,10,233996.4
ORD008227,2024-09-06,Chennai,Home,IKEA Study Table,2,12999,15,22098.3
ORD008228,2025-01-09,Pune,Electronics,Sony WH-1000XM5,1,29999,0,29999.0
ORD008229,2025-01-03,Pune,Electronics,OnePlus 12,1,64999,5,61749.05
ORD008230,2024-11-07,Bengaluru,Home,Philips Air Fryer,2,8999,10,16198.2
ORD008231,2025-02-19,Mumbai,Fashion,Levi's Jeans,4,2499,15,8496.6
ORD008232,2025-09-11,Mumbai,Fashion,Levi's Jeans,1,2499,10,2249.1
ORD008233,2025-08-18,Ahmedabad,Home,IKEA Study Table,2,12999,5,24698.1
ORD008234,2026-03-21,Chennai,Fashion,Nike Air Max,1,6999,15,5949.15
ORD008235,2026-04-07,Ahmedabad,Home,Philips Air Fryer,2,8999,5,17098.1
ORD008236,2024-12-19,Bengaluru,Electronics,OnePlus 12,2,64999,5,123498.1
ORD008237,2025-11-18,Kolkata,Home,IKEA Study Table,4,12999,10,46796.4
ORD008238,2024-12-04,Kolkata,Electronics,Samsung Galaxy S24,1,74999,15,63749.15
ORD008239,2025-05-02,Delhi,Electronics,OnePlus 12,4,64999,5,246996.2
ORD008240,2025-12-14,Kolkata,Electronics,Apple iPhone 15,1,79999,10,71999.1
ORD008241,2026-04-30,Chennai,Fashion,Nike Air Max,2,6999,0,13998.0
ORD008242,2024-12-07,Bengaluru,Electronics,Sony WH-1000XM5,1,29999,10,26999.1
ORD008243,2025-04-01,Mumbai,Fashion,Nike Air Max,2,6999,15,11898.3
ORD008244,2025-11-11,Chennai,Electronics,Apple iPhone 15,1,79999,0,79999.0
ORD008245,2024-12-05,Ahmedabad,Home,IKEA Study Table,2,12999,5,24698.1
ORD008246,2025-01-13,Mumbai,Electronics,Apple iPhone 15,2,79999,5,151998.1
ORD008247,2026-05-08,Pune,Electronics,Sony WH-1000XM5,3,29999,10,80997.3
ORD008248,2025-08-30,Chennai,Electronics,Sony WH-1000XM5,2,29999,15,50998.3
ORD008249,2026-03-08,Ahmedabad,Electronics,Sony WH-1000XM5,1,29999,10,26999.1
ORD008250,2025-03-22,Kolkata,Fashion,Levi's Jeans,2,2499,15,4248.3
ORD008251,2025-03-25,Ahmedabad,Electronics,Apple iPhone 15,2,79999,0,159998.0
ORD008252,2024-07-21,Ahmedabad,Electronics,Apple iPhone 15,1,79999,10,71999.1
ORD008253,2024-07-13,Delhi,Electronics,Samsung Galaxy S24,2,74999,5,142498.1
ORD008254,2024-09-01,Hyderabad,Home,IKEA Study Table,1,12999,0,12999.0
ORD008255,2025-04-28,Hyderabad,Electronics,Samsung Galaxy S24,2,74999,15,127498.3
ORD008256,2025-07-26,Pune,Fashion,Levi's Jeans,1,2499,15,2124.15
ORD008257,2024-06-20,Ahmedabad,Home,Philips Air Fryer,1,8999,15,7649.15
ORD008258,2024-08-26,Kolkata,Electronics,OnePlus 12,3,64999,10,175497.3
ORD008259,2024-10-20,Chennai,Home,IKEA Study Table,2,12999,0,25998.0
ORD008260,2024-08-04,Ahmedabad,Fashion,Levi's Jeans,4,2499,15,8496.6
ORD008261,2025-06-22,Kolkata,Electronics,Samsung Galaxy S24,1,74999,10,67499.1
ORD008262,2025-05-25,Kolkata,Fashion,Levi's Jeans,1,2499,5,2374.05
ORD008263,2026-04-14,Hyderabad,Fashion,Nike Air Max,3,6999,0,20997.0
ORD008264,2025-03-09,Bengaluru,Electronics,Samsung Galaxy S24,2,74999,15,127498.3
ORD008265,2024-10-28,Bengaluru,Home,Philips Air Fryer,1,8999,10,8099.1
ORD008266,2024-08-21,Delhi,Electronics,Samsung Galaxy S24,2,74999,5,142498.1
ORD008267,2025-09-25,Pune,Electronics,Sony WH-1000XM5,1,29999,5,28499.05
ORD008268,2025-11-23,Mumbai,Fashion,Nike Air Max,1,6999,0,6999.0
ORD008269,2026-03-09,Delhi,Home,IKEA Study Table,2,12999,0,25998.0
ORD008270,2024-08-18,Hyderabad,Electronics,OnePlus 12,2,64999,0,129998.0
ORD008271,2024-11-02,Chennai,Fashion,Levi's Jeans,3,2499,10,6747.3
ORD008272,2025-06-14,Pune,Home,Philips Air Fryer,1,8999,15,7649.15
ORD008273,2025-10-04,Pune,Fashion,Nike Air Max,2,6999,10,12598.2
ORD008274,2024-06-15,Ahmedabad,Home,IKEA Study Table,2,12999,15,22098.3
ORD008275,2024-06-27,Delhi,Electronics,Apple iPhone 15,1,79999,15,67999.15
ORD008276,2025-06-15,Hyderabad,Electronics,Samsung Galaxy S24,3,74999,15,191247.45
ORD008277,2025-07-03,Kolkata,Fashion,Nike Air Max,1,6999,15,5949.15
ORD008278,2026-04-07,Chennai,Home,IKEA Study Table,2,12999,15,22098.3
ORD008279,2025-04-03,Ahmedabad,Home,IKEA Study Table,2,12999,15,22098.3
ORD008280,2025-03-02,Mumbai,Fashion,Levi's Jeans,1,2499,15,2124.15
ORD008281,2024-06-18,Bengaluru,Fashion,Nike Air Max,1,6999,10,6299.1
ORD008282,2025-07-08,Bengaluru,Home,Philips Air Fryer,1,8999,10,8099.1
ORD008283,2025-03-03,Hyderabad,Electronics,Samsung Galaxy S24,1,74999,0,74999.0
ORD008284,2024-12-06,Bengaluru,Home,IKEA Study Table,1,12999,15,11049.15
ORD008285,2025-02-26,Bengaluru,Home,IKEA Study Table,1,12999,10,11699.1
ORD008286,2025-07-31,Chennai,Electronics,OnePlus 12,1,64999,0,64999.0
ORD008287,2024-11-21,Kolkata,Electronics,Apple iPhone 15,1,79999,5,75999.05
ORD008288,2026-03-06,Hyderabad,Electronics,Sony WH-1000XM5,2,29999,15,50998.3
ORD008289,2025-01-16,Bengaluru,Electronics,Apple iPhone 15,1,79999,15,67999.15
ORD008290,2025-05-08,Delhi,Fashion,Levi's Jeans,1,2499,15,2124.15
ORD008291,2026-04-27,Hyderabad,Electronics,Apple iPhone 15,1,79999,0,79999.0
ORD008292,2024-09-27,Delhi,Electronics,Sony WH-1000XM5,1,29999,0,29999.0
ORD008293,2024-11-05,Pune,Electronics,Sony WH-1000XM5,1,29999,0,29999.0
ORD008294,2024-10-25,Mumbai,Electronics,Samsung Galaxy S24,3,74999,10,202497.3
ORD008295,2024-06-09,Chennai,Home,Philips Air Fryer,1,8999,10,8099.1
ORD008296,2025-12-19,Hyderabad,Home,IKEA Study Table,1,12999,5,12349.05
ORD008297,2026-03-24,Pune,Fashion,Nike Air Max,1,6999,15,5949.15
ORD008298,2026-03-11,Ahmedabad,Fashion,Nike Air Max,1,6999,5,6649.05
ORD008299,2025-01-06,Kolkata,Home,IKEA Study Table,3,12999,10,35097.3
ORD008300,2024-07-13,Delhi,Electronics,Sony WH-1000XM5,1,29999,15,25499.15
ORD008301,2026-03-30,Delhi,Home,IKEA Study Table,2,12999,0,25998.0
ORD008302,2025-05-17,Ahmedabad,Fashion,Nike Air Max,1,6999,15,5949.15
ORD008303,2025-05-10,Delhi,Home,Philips Air Fryer,4,8999,5,34196.2
ORD008304,2025-02-04,Hyderabad,Fashion,Nike Air Max,2,6999,15,11898.3
ORD008305,2026-02-20,Chennai,Electronics,Samsung Galaxy S24,1,74999,5,71249.05
ORD008306,2025-10-23,Pune,Home,Philips Air Fryer,3,8999,0,26997.0
ORD008307,2025-11-17,Hyderabad,Home,Philips Air Fryer,1,8999,15,7649.15
ORD008308,2024-09-22,Delhi,Home,IKEA Study Table,1,12999,5,12349.05
ORD008309,2025-06-29,Bengaluru,Home,Philips Air Fryer,2,8999,10,16198.2
ORD008310,2025-06-25,Pune,Home,Philips Air Fryer,1,8999,10,8099.1
ORD008311,2024-06-21,Delhi,Home,IKEA Study Table,4,12999,15,44196.6
ORD008312,2025-02-07,Pune,Home,Philips Air Fryer,1,8999,0,8999.0
ORD008313,2026-01-31,Pune,Electronics,Apple iPhone 15,1,79999,15,67999.15
ORD008314,2025-09-06,Bengaluru,Electronics,Apple iPhone 15,2,79999,10,143998.2
ORD008315,2026-04-11,Bengaluru,Electronics,Apple iPhone 15,1,79999,15,67999.15
ORD008316,2025-06-02,Chennai,Electronics,Samsung Galaxy S24,3,74999,0,224997.0
ORD008317,2026-05-27,Chennai,Electronics,Samsung Galaxy S24,1,74999,10,67499.1
ORD008318,2025-01-26,Hyderabad,Home,Philips Air Fryer,1,8999,10,8099.1
ORD008319,2025-11-05,Mumbai,Home,Philips Air Fryer,2,8999,5,17098.1
ORD008320,2026-05-02,Ahmedabad,Electronics,Samsung Galaxy S24,1,74999,15,63749.15
ORD008321,2024-11-19,Delhi,Electronics,Sony WH-1000XM5,2,29999,5,56998.1
ORD008322,2024-12-02,Hyderabad,Fashion,Nike Air Max,1,6999,5,6649.05
ORD008323,2025-12-04,Bengaluru,Electronics,Sony WH-1000XM5,2,29999,15,50998.3
ORD008324,2024-10-17,Hyderabad,Fashion,Nike Air Max,1,6999,0,6999.0
ORD008325,2024-10-08,Chennai,Electronics,Apple iPhone 15,1,79999,15,67999.15
ORD008326,2024-09-30,Pune,Fashion,Nike Air Max,3,6999,10,18897.3
ORD008327,2025-07-31,Bengaluru,Fashion,Levi's Jeans,3,2499,0,7497.0
ORD008328,2024-07-28,Chennai,Fashion,Levi's Jeans,1,2499,5,2374.05
ORD008329,2024-08-17,Mumbai,Electronics,Apple iPhone 15,1,79999,10,71999.1
ORD008330,2025-07-08,Bengaluru,Electronics,Sony WH-1000XM5,2,29999,5,56998.1
ORD008331,2025-11-06,Mumbai,Electronics,Apple iPhone 15,3,79999,15,203997.45
ORD008332,2026-01-22,Hyderabad,Electronics,OnePlus 12,1,64999,0,64999.0
ORD008333,2025-10-09,Kolkata,Electronics,Sony WH-1000XM5,1,29999,0,29999.0
ORD008334,2025-02-19,Delhi,Home,IKEA Study Table,1,12999,5,12349.05
ORD008335,2026-01-01,Bengaluru,Fashion,Nike Air Max,2,6999,5,13298.1
ORD008336,2026-01-04,Kolkata,Home,IKEA Study Table,1,12999,5,12349.05
ORD008337,2024-06-16,Kolkata,Home,Philips Air Fryer,1,8999,10,8099.1
ORD008338,2024-10-30,Kolkata,Home,Philips Air Fryer,1,8999,5,8549.05
ORD008339,2026-06-03,Chennai,Fashion,Nike Air Max,1,6999,5,6649.05
ORD008340,2025-10-03,Hyderabad,Fashion,Nike Air Max,1,6999,0,6999.0
ORD008341,2024-09-02,Ahmedabad,Home,IKEA Study Table,3,12999,5,37047.15
ORD008342,2025-04-10,Delhi,Home,Philips Air Fryer,1,8999,10,8099.1
ORD008343,2026-01-21,Hyderabad,Electronics,Sony WH-1000XM5,2,29999,5,56998.1
ORD008344,2025-11-03,Bengaluru,Electronics,OnePlus 12,1,64999,0,64999.0
ORD008345,2025-12-24,Delhi,Electronics,Samsung Galaxy S24,1,74999,0,74999.0
ORD008346,2024-07-29,Delhi,Fashion,Levi's Jeans,2,2499,5,4748.1
ORD008347,2025-09-29,Chennai,Electronics,Apple iPhone 15,1,79999,15,67999.15
ORD008348,2026-05-11,Kolkata,Electronics,OnePlus 12,3,64999,15,165747.45
ORD008349,2024-07-06,Bengaluru,Electronics,Sony WH-1000XM5,1,29999,0,29999.0
ORD008350,2026-01-11,Pune,Electronics,Apple iPhone 15,1,79999,0,79999.0
ORD008351,2025-02-12,Delhi,Electronics,OnePlus 12,4,64999,10,233996.4
ORD008352,2025-02-05,Hyderabad,Fashion,Nike Air Max,1,6999,0,6999.0
ORD008353,2024-12-20,Ahmedabad,Electronics,OnePlus 12,1,64999,0,64999.0
ORD008354,2025-04-29,Ahmedabad,Electronics,OnePlus 12,4,64999,0,259996.0
ORD008355,2025-10-22,Mumbai,Fashion,Nike Air Max,1,6999,0,6999.0
ORD008356,2026-03-08,Ahmedabad,Fashion,Levi's Jeans,2,2499,5,4748.1
ORD008357,2024-12-11,Hyderabad,Fashion,Levi's Jeans,3,2499,15,6372.45
ORD008358,2025-11-05,Ahmedabad,Fashion,Levi's Jeans,1,2499,5,2374.05
ORD008359,2026-02-16,Mumbai,Electronics,Samsung Galaxy S24,1,74999,5,71249.05
ORD008360,2025-02-22,Bengaluru,Electronics,Apple iPhone 15,1,79999,5,75999.05
ORD008361,2025-09-08,Chennai,Home,IKEA Study Table,1,12999,5,12349.05
ORD008362,2025-06-12,Kolkata,Electronics,OnePlus 12,1,64999,0,64999.0
ORD008363,2024-12-12,Mumbai,Fashion,Nike Air Max,2,6999,0,13998.0
ORD008364,2025-08-14,Delhi,Electronics,Sony WH-1000XM5,1,29999,10,26999.1
ORD008365,2025-08-17,Mumbai,Electronics,Apple iPhone 15,1,79999,0,79999.0
ORD008366,2026-06-08,Chennai,Home,Philips Air Fryer,1,8999,5,8549.05
ORD008367,2024-10-10,Kolkata,Home,Philips Air Fryer,2,8999,15,15298.3
ORD008368,2025-07-27,Ahmedabad,Fashion,Nike Air Max,1,6999,10,6299.1
ORD008369,2025-06-20,Kolkata,Electronics,Samsung Galaxy S24,1,74999,10,67499.1
ORD008370,2026-02-18,Ahmedabad,Electronics,Apple iPhone 15,1,79999,10,71999.1
ORD008371,2024-08-06,Ahmedabad,Electronics,Sony WH-1000XM5,1,29999,10,26999.1
ORD008372,2024-11-14,Hyderabad,Fashion,Nike Air Max,2,6999,15,11898.3
ORD008373,2026-02-12,Delhi,Electronics,Samsung Galaxy S24,1,74999,15,63749.15
ORD008374,2025-02-18,Kolkata,Fashion,Nike Air Max,1,6999,10,6299.1
ORD008375,2025-08-28,Chennai,Electronics,Sony WH-1000XM5,1,29999,0,29999.0
ORD008376,2026-04-30,Ahmedabad,Electronics,Samsung Galaxy S24,2,74999,15,127498.3
ORD008377,2026-05-14,Ahmedabad,Home,Philips Air Fryer,1,8999,10,8099.1
ORD008378,2024-10-23,Mumbai,Fashion,Nike Air Max,2,6999,0,13998.0
ORD008379,2025-01-23,Chennai,Electronics,Sony WH-1000XM5,2,29999,15,50998.3
ORD008380,2024-08-01,Hyderabad,Electronics,OnePlus 12,1,64999,15,55249.15
ORD008381,2025-02-28,Mumbai,Fashion,Levi's Jeans,2,2499,0,4998.0
ORD008382,2024-09-06,Chennai,Electronics,OnePlus 12,1,64999,5,61749.05
ORD008383,2025-07-13,Chennai,Electronics,Samsung Galaxy S24,2,74999,10,134998.2
ORD008384,2024-06-20,Delhi,Home,IKEA Study Table,3,12999,10,35097.3
ORD008385,2024-12-01,Kolkata,Home,IKEA Study Table,2,12999,5,24698.1
ORD008386,2025-06-21,Pune,Home,Philips Air Fryer,1,8999,10,8099.1
ORD008387,2025-07-09,Hyderabad,Fashion,Levi's Jeans,1,2499,15,2124.15
ORD008388,2025-05-18,Mumbai,Electronics,Sony WH-1000XM5,1,29999,15,25499.15
ORD008389,2024-07-31,Bengaluru,Electronics,Samsung Galaxy S24,1,74999,15,63749.15
ORD008390,2025-10-04,Pune,Electronics,OnePlus 12,1,64999,5,61749.05
ORD008391,2024-10-31,Chennai,Electronics,Apple iPhone 15,2,79999,5,151998.1
ORD008392,2025-01-24,Bengaluru,Electronics,OnePlus 12,1,64999,5,61749.05
ORD008393,2025-02-18,Mumbai,Electronics,OnePlus 12,2,64999,10,116998.2
ORD008394,2025-05-29,Ahmedabad,Electronics,Samsung Galaxy S24,2,74999,10,134998.2
ORD008395,2026-04-08,Kolkata,Electronics,OnePlus 12,1,64999,0,64999.0
ORD008396,2025-03-10,Delhi,Home,Philips Air Fryer,2,8999,10,16198.2
ORD008397,2025-06-06,Delhi,Electronics,Apple iPhone 15,3,79999,15,203997.45
ORD008398,2025-08-04,Kolkata,Fashion,Levi's Jeans,2,2499,15,4248.3
ORD008399,2025-04-27,Bengaluru,Electronics,Apple iPhone 15,1,79999,15,67999.15
ORD008400,2024-11-20,Ahmedabad,Fashion,Levi's Jeans,1,2499,15,2124.15
ORD008401,2025-11-28,Ahmedabad,Home,Philips Air Fryer,2,8999,5,17098.1
ORD008402,2025-02-20,Delhi,Electronics,Apple iPhone 15,2,79999,10,143998.2
ORD008403,2024-06-10,Mumbai,Home,Philips Air Fryer,1,8999,10,8099.1
ORD008404,2026-05-21,Chennai,Fashion,Nike Air Max,1,6999,5,6649.05
ORD008405,2025-11-26,Bengaluru,Home,Philips Air Fryer,1,8999,15,7649.15
ORD008406,2024-06-11,Delhi,Home,Philips Air Fryer,1,8999,5,8549.05
ORD008407,2025-02-04,Kolkata,Electronics,OnePlus 12,1,64999,5,61749.05
ORD008408,2025-01-13,Ahmedabad,Electronics,Sony WH-1000XM5,2,29999,10,53998.2
ORD008409,2024-09-19,Hyderabad,Electronics,OnePlus 12,1,64999,0,64999.0
ORD008410,2024-11-02,Hyderabad,Home,IKEA Study Table,1,12999,5,12349.05
ORD008411,2025-01-07,Ahmedabad,Fashion,Levi's Jeans,3,2499,15,6372.45
ORD008412,2025-05-26,Pune,Home,Philips Air Fryer,1,8999,10,8099.1
ORD008413,2024-07-01,Pune,Fashion,Levi's Jeans,1,2499,15,2124.15
ORD008414,2024-07-09,Bengaluru,Electronics,Apple iPhone 15,4,79999,15,271996.6
ORD008415,2025-08-19,Bengaluru,Home,Philips Air Fryer,2,8999,15,15298.3
ORD008416,2025-10-14,Mumbai,Fashion,Levi's Jeans,4,2499,10,8996.4
ORD008417,2026-04-01,Pune,Electronics,Sony WH-1000XM5,2,29999,10,53998.2
ORD008418,2024-12-20,Ahmedabad,Home,Philips Air Fryer,2,8999,10,16198.2
ORD008419,2025-07-09,Hyderabad,Electronics,Samsung Galaxy S24,1,74999,10,67499.1
ORD008420,2025-09-17,Delhi,Electronics,Apple iPhone 15,3,79999,5,227997.15
ORD008421,2025-02-15,Pune,Electronics,Samsung Galaxy S24,1,74999,0,74999.0
ORD008422,2025-04-24,Hyderabad,Home,Philips Air Fryer,1,8999,5,8549.05
ORD008423,2024-09-22,Bengaluru,Home,IKEA Study Table,1,12999,0,12999.0
ORD008424,2024-11-12,Delhi,Electronics,Sony WH-1000XM5,1,29999,15,25499.15
ORD008425,2026-03-30,Bengaluru,Electronics,Apple iPhone 15,1,79999,5,75999.05
ORD008426,2025-12-26,Pune,Electronics,Apple iPhone 15,1,79999,5,75999.05
ORD008427,2026-02-15,Bengaluru,Fashion,Nike Air Max,1,6999,0,6999.0
ORD008428,2026-05-14,Bengaluru,Electronics,Sony WH-1000XM5,1,29999,10,26999.1
ORD008429,2025-12-10,Delhi,Electronics,Sony WH-1000XM5,1,29999,5,28499.05
ORD008430,2026-05-31,Pune,Home,Philips Air Fryer,2,8999,5,17098.1
ORD008431,2024-06-24,Pune,Fashion,Levi's Jeans,2,2499,5,4748.1
ORD008432,2025-04-21,Delhi,Electronics,OnePlus 12,1,64999,5,61749.05
ORD008433,2026-03-01,Kolkata,Electronics,Samsung Galaxy S24,1,74999,15,63749.15
ORD008434,2025-02-03,Bengaluru,Electronics,OnePlus 12,1,64999,0,64999.0
ORD008435,2024-10-12,Pune,Fashion,Nike Air Max,2,6999,5,13298.1
ORD008436,2025-09-10,Ahmedabad,Home,IKEA Study Table,1,12999,10,11699.1
ORD008437,2025-11-23,Pune,Electronics,Apple iPhone 15,1,79999,0,79999.0
ORD008438,2025-05-10,Chennai,Electronics,Samsung Galaxy S24,4,74999,15,254996.6
ORD008439,2025-08-22,Hyderabad,Electronics,Sony WH-1000XM5,2,29999,5,56998.1
ORD008440,2025-10-13,Delhi,Fashion,Levi's Jeans,1,2499,10,2249.1
ORD008441,2025-05-07,Chennai,Home,IKEA Study Table,1,12999,0,12999.0
ORD008442,2025-03-09,Ahmedabad,Fashion,Levi's Jeans,2,2499,10,4498.2
ORD008443,2025-08-06,Kolkata,Electronics,Samsung Galaxy S24,1,74999,0,74999.0
ORD008444,2025-12-06,Bengaluru,Electronics,Apple iPhone 15,1,79999,5,75999.05
ORD008445,2025-03-03,Mumbai,Electronics,Apple iPhone 15,2,79999,0,159998.0
ORD008446,2025-05-17,Delhi,Electronics,Sony WH-1000XM5,2,29999,0,59998.0
ORD008447,2026-02-21,Bengaluru,Fashion,Levi's Jeans,2,2499,0,4998.0
ORD008448,2025-01-16,Mumbai,Electronics,Sony WH-1000XM5,1,29999,15,25499.15
ORD008449,2024-11-01,Bengaluru,Electronics,Apple iPhone 15,1,79999,5,75999.05
ORD008450,2024-11-20,Bengaluru,Fashion,Levi's Jeans,2,2499,5,4748.1
ORD008451,2026-01-27,Ahmedabad,Fashion,Nike Air Max,1,6999,15,5949.15
ORD008452,2025-03-23,Bengaluru,Electronics,OnePlus 12,1,64999,0,64999.0
ORD008453,2025-10-15,Ahmedabad,Electronics,Samsung Galaxy S24,1,74999,0,74999.0
ORD008454,2025-09-19,Bengaluru,Home,IKEA Study Table,1,12999,10,11699.1
ORD008455,2025-05-24,Kolkata,Electronics,Sony WH-1000XM5,1,29999,15,25499.15
ORD008456,2025-03-08,Ahmedabad,Electronics,Apple iPhone 15,1,79999,0,79999.0
ORD008457,2025-12-15,Ahmedabad,Home,IKEA Study Table,1,12999,0,12999.0
ORD008458,2025-04-26,Bengaluru,Home,IKEA Study Table,2,12999,15,22098.3
ORD008459,2026-01-02,Chennai,Electronics,Apple iPhone 15,1,79999,0,79999.0
ORD008460,2026-04-11,Bengaluru,Electronics,Sony WH-1000XM5,1,29999,10,26999.1
ORD008461,2025-08-08,Bengaluru,Home,Philips Air Fryer,1,8999,0,8999.0
ORD008462,2025-12-07,Pune,Electronics,OnePlus 12,1,64999,10,58499.1
ORD008463,2024-12-14,Delhi,Home,IKEA Study Table,2,12999,10,23398.2
ORD008464,2025-04-15,Chennai,Electronics,Apple iPhone 15,1,79999,0,79999.0
ORD008465,2024-12-31,Pune,Electronics,Sony WH-1000XM5,1,29999,10,26999.1
ORD008466,2026-05-17,Kolkata,Electronics,Apple iPhone 15,2,79999,0,159998.0
ORD008467,2025-02-19,Hyderabad,Fashion,Nike Air Max,2,6999,0,13998.0
ORD008468,2025-05-05,Ahmedabad,Fashion,Nike Air Max,1,6999,10,6299.1
ORD008469,2025-11-26,Kolkata,Home,IKEA Study Table,1,12999,5,12349.05
ORD008470,2025-06-12,Mumbai,Fashion,Levi's Jeans,1,2499,15,2124.15
ORD008471,2025-08-21,Mumbai,Electronics,Apple iPhone 15,1,79999,5,75999.05
ORD008472,2026-04-19,Mumbai,Home,IKEA Study Table,1,12999,10,11699.1
ORD008473,2026-03-09,Chennai,Fashion,Nike Air Max,3,6999,5,19947.15
ORD008474,2024-06-19,Pune,Fashion,Nike Air Max,2,6999,0,13998.0
ORD008475,2026-04-17,Bengaluru,Home,IKEA Study Table,3,12999,15,33147.45
ORD008476,2025-09-05,Delhi,Home,IKEA Study Table,2,12999,15,22098.3
ORD008477,2024-10-19,Pune,Electronics,OnePlus 12,1,64999,0,64999.0
ORD008478,2026-03-02,Pune,Electronics,Sony WH-1000XM5,1,29999,10,26999.1
ORD008479,2025-04-25,Delhi,Electronics,Samsung Galaxy S24,2,74999,0,149998.0
ORD008480,2025-12-20,Ahmedabad,Fashion,Levi's Jeans,1,2499,5,2374.05
ORD008481,2026-04-06,Chennai,Electronics,Apple iPhone 15,1,79999,0,79999.0
ORD008482,2025-05-29,Ahmedabad,Electronics,Apple iPhone 15,1,79999,0,79999.0
ORD008483,2024-09-05,Hyderabad,Fashion,Nike Air Max,1,6999,15,5949.15
ORD008484,2025-09-02,Kolkata,Home,IKEA Study Table,2,12999,0,25998.0
ORD008485,2025-03-17,Chennai,Electronics,Apple iPhone 15,2,79999,10,143998.2
ORD008486,2025-02-10,Delhi,Home,IKEA Study Table,1,12999,15,11049.15
ORD008487,2025-12-15,Mumbai,Electronics,Samsung Galaxy S24,1,74999,10,67499.1
ORD008488,2025-05-16,Hyderabad,Home,IKEA Study Table,2,12999,0,25998.0
ORD008489,2025-01-03,Delhi,Fashion,Levi's Jeans,1,2499,0,2499.0
ORD008490,2024-08-23,Pune,Electronics,Samsung Galaxy S24,1,74999,0,74999.0
ORD008491,2024-08-24,Ahmedabad,Fashion,Levi's Jeans,2,2499,10,4498.2
ORD008492,2024-09-20,Kolkata,Home,IKEA Study Table,2,12999,15,22098.3
ORD008493,2024-09-21,Chennai,Home,IKEA Study Table,1,12999,0,12999.0
ORD008494,2026-01-03,Mumbai,Electronics,OnePlus 12,1,64999,15,55249.15
ORD008495,2025-11-03,Pune,Electronics,Samsung Galaxy S24,1,74999,5,71249.05
ORD008496,2025-02-03,Pune,Home,IKEA Study Table,1,12999,10,11699.1
ORD008497,2026-04-23,Mumbai,Home,IKEA Study Table,3,12999,15,33147.45
ORD008498,2025-11-05,Mumbai,Electronics,OnePlus 12,3,64999,5,185247.15
ORD008499,2026-05-23,Delhi,Fashion,Levi's Jeans,2,2499,10,4498.2
ORD008500,2025-03-09,Kolkata,Fashion,Levi's Jeans,1,2499,5,2374.05
ORD008501,2024-10-27,Delhi,Home,IKEA Study Table,2,12999,10,23398.2
ORD008502,2026-05-11,Bengaluru,Electronics,OnePlus 12,1,64999,10,58499.1
ORD008503,2026-01-31,Delhi,Fashion,Levi's Jeans,1,2499,15,2124.15
ORD008504,2025-03-07,Bengaluru,Fashion,Nike Air Max,2,6999,15,11898.3
ORD008505,2024-08-19,Delhi,Home,IKEA Study Table,4,12999,5,49396.2
ORD008506,2025-12-27,Bengaluru,Fashion,Nike Air Max,2,6999,0,13998.0
ORD008507,2025-01-15,Ahmedabad,Fashion,Levi's Jeans,1,2499,5,2374.05
ORD008508,2024-06-14,Ahmedabad,Home,Philips Air Fryer,1,8999,10,8099.1
ORD008509,2024-12-04,Bengaluru,Fashion,Levi's Jeans,1,2499,10,2249.1
ORD008510,2026-01-04,Chennai,Home,IKEA Study Table,1,12999,5,12349.05
ORD008511,2024-06-08,Bengaluru,Home,Philips Air Fryer,2,8999,10,16198.2
ORD008512,2024-08-11,Kolkata,Electronics,Sony WH-1000XM5,2,29999,15,50998.3
ORD008513,2026-02-25,Kolkata,Home,Philips Air Fryer,1,8999,5,8549.05
ORD008514,2025-11-02,Delhi,Electronics,Sony WH-1000XM5,1,29999,5,28499.05
ORD008515,2024-07-16,Bengaluru,Fashion,Levi's Jeans,3,2499,15,6372.45
ORD008516,2025-07-04,Ahmedabad,Electronics,Apple iPhone 15,3,79999,15,203997.45
ORD008517,2026-05-03,Pune,Electronics,Sony WH-1000XM5,1,29999,0,29999.0
ORD008518,2026-02-23,Pune,Fashion,Levi's Jeans,2,2499,5,4748.1
ORD008519,2026-05-11,Hyderabad,Fashion,Nike Air Max,1,6999,5,6649.05
ORD008520,2024-07-09,Delhi,Fashion,Nike Air Max,1,6999,15,5949.15
ORD008521,2025-06-29,Bengaluru,Home,Philips Air Fryer,1,8999,15,7649.15
ORD008522,2024-08-29,Mumbai,Electronics,Sony WH-1000XM5,1,29999,15,25499.15
ORD008523,2024-08-01,Chennai,Fashion,Levi's Jeans,1,2499,10,2249.1
ORD008524,2026-01-06,Delhi,Electronics,Samsung Galaxy S24,2,74999,10,134998.2
ORD008525,2025-08-10,Pune,Fashion,Levi's Jeans,3,2499,5,7122.15
ORD008526,2025-03-05,Hyderabad,Electronics,Samsung Galaxy S24,1,74999,10,67499.1
ORD008527,2025-06-24,Kolkata,Fashion,Levi's Jeans,1,2499,10,2249.1
ORD008528,2026-04-02,Hyderabad,Fashion,Levi's Jeans,1,2499,0,2499.0
ORD008529,2025-02-14,Ahmedabad,Electronics,OnePlus 12,3,64999,10,175497.3
ORD008530,2025-11-02,Pune,Electronics,Sony WH-1000XM5,1,29999,10,26999.1
ORD008531,2025-06-19,Ahmedabad,Electronics,OnePlus 12,2,64999,0,129998.0
ORD008532,2024-09-12,Hyderabad,Fashion,Levi's Jeans,2,2499,5,4748.1
ORD008533,2025-01-24,Bengaluru,Home,Philips Air Fryer,1,8999,15,7649.15
ORD008534,2024-12-31,Chennai,Fashion,Levi's Jeans,1,2499,5,2374.05
ORD008535,2025-06-24,Chennai,Electronics,Sony WH-1000XM5,2,29999,15,50998.3
ORD008536,2025-07-29,Mumbai,Electronics,Samsung Galaxy S24,1,74999,0,74999.0
ORD008537,2024-11-02,Hyderabad,Home,IKEA Study Table,1,12999,0,12999.0
ORD008538,2026-05-25,Delhi,Fashion,Nike Air Max,4,6999,0,27996.0
ORD008539,2025-04-14,Delhi,Fashion,Levi's Jeans,1,2499,5,2374.05
ORD008540,2025-03-09,Bengaluru,Electronics,Apple iPhone 15,1,79999,15,67999.15
ORD008541,2025-04-01,Pune,Fashion,Levi's Jeans,1,2499,5,2374.05
ORD008542,2025-05-05,Bengaluru,Electronics,Apple iPhone 15,2,79999,0,159998.0
ORD008543,2025-11-07,Delhi,Fashion,Levi's Jeans,1,2499,10,2249.1
ORD008544,2025-04-01,Bengaluru,Home,IKEA Study Table,1,12999,15,11049.15
ORD008545,2025-09-21,Pune,Fashion,Levi's Jeans,1,2499,0,2499.0
ORD008546,2026-03-01,Ahmedabad,Fashion,Levi's Jeans,2,2499,0,4998.0
ORD008547,2024-11-18,Pune,Home,Philips Air Fryer,2,8999,15,15298.3
ORD008548,2025-01-24,Delhi,Electronics,Apple iPhone 15,1,79999,15,67999.15
ORD008549,2025-01-15,Bengaluru,Home,IKEA Study Table,3,12999,0,38997.0
ORD008550,2024-09-02,Mumbai,Electronics,Samsung Galaxy S24,1,74999,15,63749.15
ORD008551,2026-02-09,Pune,Home,Philips Air Fryer,1,8999,15,7649.15
ORD008552,2024-07-15,Mumbai,Fashion,Levi's Jeans,1,2499,10,2249.1
ORD008553,2025-03-22,Chennai,Electronics,Samsung Galaxy S24,1,74999,5,71249.05
ORD008554,2025-03-17,Pune,Electronics,Apple iPhone 15,1,79999,5,75999.05
ORD008555,2025-12-04,Mumbai,Home,Philips Air Fryer,1,8999,10,8099.1
ORD008556,2025-09-09,Bengaluru,Electronics,OnePlus 12,3,64999,15,165747.45
ORD008557,2025-05-21,Bengaluru,Home,Philips Air Fryer,2,8999,5,17098.1
ORD008558,2025-11-30,Ahmedabad,Electronics,Samsung Galaxy S24,3,74999,0,224997.0
ORD008559,2025-10-19,Bengaluru,Electronics,Samsung Galaxy S24,1,74999,10,67499.1
ORD008560,2024-07-01,Ahmedabad,Fashion,Nike Air Max,1,6999,15,5949.15
ORD008561,2026-05-05,Hyderabad,Home,Philips Air Fryer,2,8999,15,15298.3
ORD008562,2025-11-29,Pune,Electronics,OnePlus 12,1,64999,0,64999.0
ORD008563,2025-09-02,Bengaluru,Fashion,Levi's Jeans,1,2499,10,2249.1
ORD008564,2025-06-09,Delhi,Fashion,Levi's Jeans,1,2499,15,2124.15
ORD008565,2025-02-11,Pune,Home,IKEA Study Table,1,12999,15,11049.15
ORD008566,2025-11-27,Chennai,Fashion,Nike Air Max,1,6999,5,6649.05
ORD008567,2025-06-07,Kolkata,Fashion,Levi's Jeans,1,2499,10,2249.1
ORD008568,2024-06-11,Bengaluru,Home,Philips Air Fryer,1,8999,15,7649.15
ORD008569,2026-02-19,Kolkata,Electronics,Sony WH-1000XM5,1,29999,10,26999.1
ORD008570,2026-03-06,Ahmedabad,Home,IKEA Study Table,1,12999,5,12349.05
ORD008571,2025-11-09,Hyderabad,Home,IKEA Study Table,1,12999,15,11049.15
ORD008572,2025-10-08,Hyderabad,Electronics,Samsung Galaxy S24,1,74999,5,71249.05
ORD008573,2025-05-05,Delhi,Electronics,Samsung Galaxy S24,1,74999,10,67499.1
ORD008574,2026-02-28,Ahmedabad,Electronics,Apple iPhone 15,4,79999,10,287996.4
ORD008575,2025-12-19,Ahmedabad,Electronics,Apple iPhone 15,3,79999,10,215997.3
ORD008576,2025-12-21,Ahmedabad,Home,Philips Air Fryer,1,8999,0,8999.0
ORD008577,2024-08-21,Ahmedabad,Electronics,Sony WH-1000XM5,1,29999,15,25499.15
ORD008578,2025-02-16,Pune,Electronics,Apple iPhone 15,3,79999,10,215997.3
ORD008579,2024-07-20,Hyderabad,Electronics,OnePlus 12,1,64999,0,64999.0
ORD008580,2026-03-05,Ahmedabad,Electronics,OnePlus 12,1,64999,5,61749.05
ORD008581,2025-07-08,Pune,Fashion,Levi's Jeans,2,2499,10,4498.2
ORD008582,2025-04-29,Hyderabad,Electronics,Apple iPhone 15,3,79999,5,227997.15
ORD008583,2025-08-06,Chennai,Fashion,Nike Air Max,1,6999,0,6999.0
ORD008584,2025-04-15,Delhi,Electronics,Sony WH-1000XM5,1,29999,10,26999.1
ORD008585,2025-03-12,Delhi,Fashion,Nike Air Max,1,6999,10,6299.1
ORD008586,2025-11-12,Mumbai,Home,IKEA Study Table,2,12999,10,23398.2
ORD008587,2025-08-03,Chennai,Home,IKEA Study Table,2,12999,15,22098.3
ORD008588,2026-05-22,Kolkata,Fashion,Nike Air Max,1,6999,5,6649.05
ORD008589,2026-06-08,Bengaluru,Fashion,Levi's Jeans,1,2499,10,2249.1
ORD008590,2026-01-14,Chennai,Fashion,Nike Air Max,1,6999,5,6649.05
ORD008591,2025-06-19,Pune,Fashion,Levi's Jeans,1,2499,0,2499.0
ORD008592,2025-02-14,Bengaluru,Home,IKEA Study Table,2,12999,5,24698.1
ORD008593,2025-03-25,Hyderabad,Home,IKEA Study Table,1,12999,5,12349.05
ORD008594,2025-08-19,Delhi,Home,Philips Air Fryer,1,8999,5,8549.05
ORD008595,2025-03-16,Bengaluru,Home,Philips Air Fryer,1,8999,0,8999.0
ORD008596,2025-06-28,Hyderabad,Electronics,Apple iPhone 15,2,79999,10,143998.2
ORD008597,2024-09-29,Hyderabad,Electronics,Apple iPhone 15,1,79999,0,79999.0
ORD008598,2026-06-07,Bengaluru,Electronics,Samsung Galaxy S24,1,74999,0,74999.0
ORD008599,2024-12-10,Kolkata,Fashion,Levi's Jeans,1,2499,10,2249.1
ORD008600,2025-06-09,Pune,Fashion,Nike Air Max,1,6999,10,6299.1
ORD008601,2025-09-20,Ahmedabad,Electronics,Sony WH-1000XM5,2,29999,15,50998.3
ORD008602,2024-09-20,Ahmedabad,Electronics,Sony WH-1000XM5,1,29999,10,26999.1
ORD008603,2024-06-25,Bengaluru,Electronics,Samsung Galaxy S24,1,74999,15,63749.15
ORD008604,2025-08-24,Bengaluru,Electronics,Apple iPhone 15,1,79999,10,71999.1
ORD008605,2026-05-07,Delhi,Electronics,Apple iPhone 15,1,79999,5,75999.05
ORD008606,2024-07-30,Pune,Fashion,Levi's Jeans,3,2499,0,7497.0
ORD008607,2025-01-07,Kolkata,Home,IKEA Study Table,1,12999,5,12349.05
ORD008608,2025-07-14,Chennai,Electronics,OnePlus 12,1,64999,15,55249.15
ORD008609,2025-11-15,Hyderabad,Electronics,Sony WH-1000XM5,2,29999,0,59998.0
ORD008610,2025-09-07,Kolkata,Electronics,Samsung Galaxy S24,2,74999,0,149998.0
ORD008611,2025-10-14,Mumbai,Electronics,Samsung Galaxy S24,2,74999,15,127498.3
ORD008612,2025-08-28,Mumbai,Electronics,Sony WH-1000XM5,1,29999,5,28499.05
ORD008613,2026-05-04,Hyderabad,Fashion,Nike Air Max,1,6999,0,6999.0
ORD008614,2024-12-05,Mumbai,Electronics,Sony WH-1000XM5,1,29999,15,25499.15
ORD008615,2025-02-04,Pune,Electronics,OnePlus 12,2,64999,5,123498.1
ORD008616,2025-09-11,Bengaluru,Electronics,Sony WH-1000XM5,1,29999,0,29999.0
ORD008617,2024-12-26,Ahmedabad,Electronics,Samsung Galaxy S24,1,74999,5,71249.05
ORD008618,2025-04-29,Kolkata,Home,IKEA Study Table,2,12999,15,22098.3
ORD008619,2025-03-22,Delhi,Home,IKEA Study Table,2,12999,15,22098.3
ORD008620,2024-10-07,Ahmedabad,Home,Philips Air Fryer,1,8999,15,7649.15
ORD008621,2024-09-07,Chennai,Fashion,Levi's Jeans,1,2499,10,2249.1
ORD008622,2025-03-09,Chennai,Electronics,Apple iPhone 15,1,79999,0,79999.0
ORD008623,2024-10-05,Pune,Fashion,Levi's Jeans,1,2499,0,2499.0
ORD008624,2024-11-22,Chennai,Electronics,Apple iPhone 15,1,79999,5,75999.05
ORD008625,2025-12-30,Bengaluru,Fashion,Nike Air Max,1,6999,0,6999.0
ORD008626,2026-02-23,Pune,Electronics,Sony WH-1000XM5,2,29999,5,56998.1
ORD008627,2025-08-05,Hyderabad,Electronics,Sony WH-1000XM5,1,29999,0,29999.0
ORD008628,2025-05-02,Kolkata,Fashion,Nike Air Max,1,6999,0,6999.0
ORD008629,2025-09-16,Mumbai,Electronics,Apple iPhone 15,1,79999,10,71999.1
ORD008630,2025-09-01,Mumbai,Home,Philips Air Fryer,1,8999,15,7649.15
ORD008631,2024-11-06,Chennai,Home,Philips Air Fryer,1,8999,0,8999.0
ORD008632,2025-11-04,Hyderabad,Electronics,Samsung Galaxy S24,2,74999,10,134998.2
ORD008633,2025-06-29,Ahmedabad,Home,IKEA Study Table,1,12999,0,12999.0
ORD008634,2025-05-26,Hyderabad,Fashion,Levi's Jeans,1,2499,5,2374.05
ORD008635,2024-07-09,Delhi,Electronics,OnePlus 12,1,64999,15,55249.15
ORD008636,2026-05-06,Mumbai,Electronics,Apple iPhone 15,1,79999,10,71999.1
ORD008637,2024-08-04,Bengaluru,Home,Philips Air Fryer,1,8999,15,7649.15
ORD008638,2024-09-20,Bengaluru,Fashion,Nike Air Max,1,6999,0,6999.0
ORD008639,2026-01-16,Delhi,Electronics,Sony WH-1000XM5,2,29999,10,53998.2
ORD008640,2025-04-20,Bengaluru,Home,IKEA Study Table,1,12999,0,12999.0
ORD008641,2026-02-20,Pune,Fashion,Nike Air Max,1,6999,10,6299.1
ORD008642,2025-07-14,Pune,Fashion,Levi's Jeans,2,2499,10,4498.2
ORD008643,2026-02-02,Pune,Home,Philips Air Fryer,2,8999,10,16198.2
ORD008644,2024-12-07,Hyderabad,Fashion,Levi's Jeans,1,2499,15,2124.15
ORD008645,2024-10-29,Bengaluru,Fashion,Levi's Jeans,1,2499,10,2249.1
ORD008646,2025-04-18,Mumbai,Electronics,Sony WH-1000XM5,2,29999,0,59998.0
ORD008647,2024-07-30,Bengaluru,Fashion,Levi's Jeans,1,2499,10,2249.1
ORD008648,2026-03-10,Kolkata,Fashion,Levi's Jeans,3,2499,15,6372.45
ORD008649,2025-08-23,Mumbai,Fashion,Nike Air Max,1,6999,15,5949.15
ORD008650,2025-07-08,Kolkata,Electronics,Samsung Galaxy S24,1,74999,15,63749.15
ORD008651,2026-05-16,Hyderabad,Fashion,Nike Air Max,2,6999,0,13998.0
ORD008652,2025-11-02,Delhi,Home,Philips Air Fryer,1,8999,0,8999.0
ORD008653,2026-05-03,Mumbai,Home,Philips Air Fryer,1,8999,10,8099.1
ORD008654,2024-11-22,Mumbai,Electronics,OnePlus 12,3,64999,0,194997.0
ORD008655,2025-12-18,Kolkata,Fashion,Levi's Jeans,2,2499,15,4248.3
ORD008656,2025-09-23,Delhi,Electronics,Apple iPhone 15,2,79999,15,135998.3
ORD008657,2025-10-24,Mumbai,Fashion,Levi's Jeans,2,2499,15,4248.3
ORD008658,2025-09-23,Delhi,Electronics,Sony WH-1000XM5,1,29999,0,29999.0
ORD008659,2025-11-28,Bengaluru,Fashion,Levi's Jeans,1,2499,15,2124.15
ORD008660,2024-07-01,Chennai,Electronics,Samsung Galaxy S24,1,74999,10,67499.1
ORD008661,2026-03-03,Kolkata,Home,IKEA Study Table,1,12999,5,12349.05
ORD008662,2026-04-04,Delhi,Fashion,Nike Air Max,1,6999,5,6649.05
ORD008663,2026-03-28,Kolkata,Electronics,OnePlus 12,2,64999,15,110498.3
ORD008664,2025-11-22,Mumbai,Fashion,Nike Air Max,3,6999,10,18897.3
ORD008665,2026-06-06,Pune,Home,Philips Air Fryer,3,8999,15,22947.45
ORD008666,2024-08-08,Pune,Fashion,Nike Air Max,1,6999,15,5949.15
ORD008667,2025-09-12,Ahmedabad,Fashion,Nike Air Max,1,6999,15,5949.15
ORD008668,2026-04-21,Hyderabad,Electronics,Samsung Galaxy S24,3,74999,15,191247.45
ORD008669,2025-07-27,Delhi,Electronics,Apple iPhone 15,1,79999,15,67999.15
ORD008670,2025-04-09,Chennai,Home,Philips Air Fryer,1,8999,0,8999.0
ORD008671,2025-07-16,Pune,Fashion,Nike Air Max,1,6999,15,5949.15
ORD008672,2024-11-27,Ahmedabad,Electronics,Samsung Galaxy S24,1,74999,10,67499.1
ORD008673,2026-04-04,Chennai,Electronics,Sony WH-1000XM5,1,29999,10,26999.1
ORD008674,2025-12-23,Ahmedabad,Electronics,Samsung Galaxy S24,1,74999,10,67499.1
ORD008675,2026-03-20,Pune,Home,Philips Air Fryer,1,8999,5,8549.05
ORD008676,2026-04-07,Kolkata,Electronics,OnePlus 12,2,64999,15,110498.3
ORD008677,2025-09-11,Kolkata,Fashion,Levi's Jeans,1,2499,15,2124.15
ORD008678,2024-10-19,Delhi,Fashion,Levi's Jeans,1,2499,15,2124.15
ORD008679,2026-03-10,Mumbai,Electronics,Samsung Galaxy S24,1,74999,5,71249.05
ORD008680,2025-06-28,Hyderabad,Fashion,Nike Air Max,1,6999,0,6999.0
ORD008681,2025-07-13,Bengaluru,Electronics,Sony WH-1000XM5,1,29999,5,28499.05
ORD008682,2026-04-17,Ahmedabad,Fashion,Nike Air Max,2,6999,0,13998.0
ORD008683,2025-11-23,Pune,Fashion,Levi's Jeans,1,2499,0,2499.0
ORD008684,2024-10-31,Mumbai,Electronics,OnePlus 12,1,64999,15,55249.15
ORD008685,2025-03-31,Pune,Electronics,Samsung Galaxy S24,1,74999,5,71249.05
ORD008686,2025-08-04,Delhi,Electronics,Samsung Galaxy S24,1,74999,15,63749.15
ORD008687,2025-05-21,Chennai,Home,IKEA Study Table,4,12999,0,51996.0
ORD008688,2026-01-25,Mumbai,Fashion,Nike Air Max,1,6999,15,5949.15
ORD008689,2025-05-06,Delhi,Home,Philips Air Fryer,2,8999,5,17098.1
ORD008690,2025-03-08,Ahmedabad,Electronics,Apple iPhone 15,1,79999,10,71999.1
ORD008691,2025-08-30,Kolkata,Home,IKEA Study Table,1,12999,10,11699.1
ORD008692,2026-04-21,Bengaluru,Home,IKEA Study Table,1,12999,10,11699.1
ORD008693,2025-07-03,Hyderabad,Fashion,Levi's Jeans,2,2499,0,4998.0
ORD008694,2025-12-24,Delhi,Electronics,Apple iPhone 15,2,79999,0,159998.0
ORD008695,2024-11-26,Delhi,Electronics,OnePlus 12,1,64999,0,64999.0
ORD008696,2025-11-28,Kolkata,Electronics,OnePlus 12,1,64999,5,61749.05
ORD008697,2025-05-08,Delhi,Fashion,Levi's Jeans,3,2499,15,6372.45
ORD008698,2024-09-30,Chennai,Fashion,Nike Air Max,1,6999,5,6649.05
ORD008699,2024-12-03,Mumbai,Home,Philips Air Fryer,1,8999,5,8549.05
ORD008700,2025-06-10,Ahmedabad,Electronics,Sony WH-1000XM5,2,29999,0,59998.0
ORD008701,2026-03-25,Bengaluru,Fashion,Nike Air Max,1,6999,15,5949.15
ORD008702,2024-11-23,Pune,Electronics,Samsung Galaxy S24,1,74999,5,71249.05
ORD008703,2025-01-06,Pune,Electronics,Samsung Galaxy S24,1,74999,5,71249.05
ORD008704,2026-03-07,Delhi,Home,IKEA Study Table,1,12999,0,12999.0
ORD008705,2024-08-15,Delhi,Home,Philips Air Fryer,1,8999,15,7649.15
ORD008706,2026-03-26,Kolkata,Home,Philips Air Fryer,2,8999,10,16198.2
ORD008707,2026-03-06,Bengaluru,Electronics,OnePlus 12,1,64999,5,61749.05
ORD008708,2026-05-29,Hyderabad,Home,Philips Air Fryer,4,8999,10,32396.4
ORD008709,2025-09-27,Kolkata,Fashion,Nike Air Max,1,6999,5,6649.05
ORD008710,2025-11-12,Mumbai,Electronics,Apple iPhone 15,2,79999,10,143998.2
ORD008711,2025-11-02,Chennai,Electronics,Sony WH-1000XM5,1,29999,5,28499.05
ORD008712,2024-08-07,Delhi,Electronics,Sony WH-1000XM5,2,29999,0,59998.0
ORD008713,2026-03-04,Bengaluru,Electronics,OnePlus 12,2,64999,10,116998.2
ORD008714,2025-11-18,Ahmedabad,Home,IKEA Study Table,4,12999,10,46796.4
ORD008715,2024-12-15,Mumbai,Home,IKEA Study Table,2,12999,10,23398.2
ORD008716,2025-05-31,Kolkata,Electronics,Sony WH-1000XM5,1,29999,15,25499.15
ORD008717,2025-11-06,Bengaluru,Electronics,Apple iPhone 15,1,79999,0,79999.0
ORD008718,2025-12-04,Hyderabad,Home,Philips Air Fryer,1,8999,10,8099.1
ORD008719,2026-05-14,Delhi,Electronics,Samsung Galaxy S24,1,74999,5,71249.05
ORD008720,2025-10-18,Chennai,Electronics,OnePlus 12,3,64999,0,194997.0
ORD008721,2025-02-26,Kolkata,Electronics,Samsung Galaxy S24,1,74999,15,63749.15
ORD008722,2025-03-20,Delhi,Home,IKEA Study Table,1,12999,0,12999.0
ORD008723,2025-02-13,Chennai,Home,Philips Air Fryer,2,8999,15,15298.3
ORD008724,2025-12-30,Bengaluru,Home,IKEA Study Table,1,12999,10,11699.1
ORD008725,2026-01-17,Pune,Electronics,OnePlus 12,4,64999,15,220996.6
ORD008726,2026-04-06,Bengaluru,Fashion,Nike Air Max,2,6999,0,13998.0
ORD008727,2025-02-01,Hyderabad,Fashion,Levi's Jeans,1,2499,10,2249.1
ORD008728,2025-03-15,Chennai,Electronics,Sony WH-1000XM5,2,29999,10,53998.2
ORD008729,2024-09-29,Ahmedabad,Home,IKEA Study Table,1,12999,15,11049.15
ORD008730,2026-04-21,Ahmedabad,Electronics,Samsung Galaxy S24,2,74999,5,142498.1
ORD008731,2024-07-02,Mumbai,Fashion,Nike Air Max,2,6999,0,13998.0
ORD008732,2025-08-18,Ahmedabad,Electronics,Samsung Galaxy S24,2,74999,10,134998.2
ORD008733,2025-01-16,Delhi,Home,IKEA Study Table,1,12999,5,12349.05
ORD008734,2025-12-27,Ahmedabad,Fashion,Nike Air Max,4,6999,5,26596.2
ORD008735,2024-10-17,Pune,Electronics,Apple iPhone 15,3,79999,10,215997.3
ORD008736,2025-12-08,Ahmedabad,Electronics,OnePlus 12,2,64999,0,129998.0
ORD008737,2025-07-03,Delhi,Home,Philips Air Fryer,1,8999,10,8099.1
ORD008738,2025-02-20,Mumbai,Home,Philips Air Fryer,1,8999,15,7649.15
ORD008739,2025-07-23,Mumbai,Home,IKEA Study Table,1,12999,5,12349.05
ORD008740,2024-06-10,Pune,Electronics,Sony WH-1000XM5,3,29999,5,85497.15
ORD008741,2026-04-17,Ahmedabad,Electronics,Samsung Galaxy S24,1,74999,15,63749.15
ORD008742,2024-06-17,Kolkata,Home,IKEA Study Table,1,12999,5,12349.05
ORD008743,2025-09-17,Kolkata,Electronics,OnePlus 12,3,64999,5,185247.15
ORD008744,2025-09-10,Delhi,Electronics,Sony WH-1000XM5,1,29999,10,26999.1
ORD008745,2024-12-18,Mumbai,Home,Philips Air Fryer,1,8999,15,7649.15
ORD008746,2025-08-02,Chennai,Home,IKEA Study Table,2,12999,0,25998.0
ORD008747,2025-07-22,Kolkata,Home,Philips Air Fryer,2,8999,10,16198.2
ORD008748,2024-07-28,Ahmedabad,Fashion,Levi's Jeans,2,2499,5,4748.1
ORD008749,2025-04-22,Hyderabad,Home,IKEA Study Table,1,12999,10,11699.1
ORD008750,2025-06-22,Delhi,Home,Philips Air Fryer,2,8999,5,17098.1
ORD008751,2024-10-10,Chennai,Electronics,Samsung Galaxy S24,1,74999,0,74999.0
ORD008752,2025-05-04,Delhi,Fashion,Levi's Jeans,4,2499,15,8496.6
ORD008753,2024-06-26,Pune,Electronics,Apple iPhone 15,2,79999,15,135998.3
ORD008754,2026-01-08,Delhi,Electronics,Apple iPhone 15,2,79999,10,143998.2
ORD008755,2025-07-03,Ahmedabad,Electronics,Samsung Galaxy S24,1,74999,5,71249.05
ORD008756,2024-07-10,Kolkata,Home,Philips Air Fryer,1,8999,10,8099.1
ORD008757,2025-04-14,Mumbai,Electronics,Apple iPhone 15,2,79999,10,143998.2
ORD008758,2025-10-14,Hyderabad,Fashion,Levi's Jeans,1,2499,0,2499.0
ORD008759,2024-06-24,Kolkata,Home,Philips Air Fryer,1,8999,10,8099.1
ORD008760,2025-11-19,Mumbai,Electronics,Apple iPhone 15,1,79999,0,79999.0
ORD008761,2025-02-01,Hyderabad,Electronics,Apple iPhone 15,1,79999,10,71999.1
ORD008762,2024-12-30,Hyderabad,Home,Philips Air Fryer,1,8999,5,8549.05
ORD008763,2026-01-13,Delhi,Home,IKEA Study Table,1,12999,15,11049.15
ORD008764,2025-05-07,Pune,Electronics,Apple iPhone 15,1,79999,10,71999.1
ORD008765,2025-04-02,Ahmedabad,Electronics,Sony WH-1000XM5,1,29999,10,26999.1
ORD008766,2025-06-14,Bengaluru,Home,IKEA Study Table,1,12999,5,12349.05
ORD008767,2024-08-16,Chennai,Electronics,Samsung Galaxy S24,1,74999,0,74999.0
ORD008768,2025-09-26,Bengaluru,Fashion,Levi's Jeans,1,2499,10,2249.1
ORD008769,2025-08-22,Pune,Fashion,Nike Air Max,2,6999,0,13998.0
ORD008770,2025-02-06,Hyderabad,Electronics,Apple iPhone 15,1,79999,10,71999.1
ORD008771,2025-06-08,Hyderabad,Electronics,Apple iPhone 15,1,79999,5,75999.05
ORD008772,2024-07-14,Kolkata,Electronics,Samsung Galaxy S24,2,74999,10,134998.2
ORD008773,2025-05-31,Bengaluru,Electronics,Apple iPhone 15,2,79999,5,151998.1
ORD008774,2024-12-22,Ahmedabad,Electronics,Sony WH-1000XM5,1,29999,15,25499.15
ORD008775,2026-04-26,Mumbai,Home,IKEA Study Table,1,12999,15,11049.15
ORD008776,2026-05-01,Pune,Home,Philips Air Fryer,2,8999,10,16198.2
ORD008777,2025-02-26,Mumbai,Electronics,Sony WH-1000XM5,2,29999,10,53998.2
ORD008778,2024-11-16,Delhi,Electronics,Sony WH-1000XM5,1,29999,15,25499.15
ORD008779,2024-07-16,Mumbai,Home,IKEA Study Table,1,12999,5,12349.05
ORD008780,2024-10-03,Delhi,Electronics,Samsung Galaxy S24,1,74999,15,63749.15
ORD008781,2026-06-04,Kolkata,Electronics,OnePlus 12,2,64999,5,123498.1
ORD008782,2026-01-07,Delhi,Electronics,Apple iPhone 15,1,79999,15,67999.15
ORD008783,2025-10-17,Pune,Electronics,OnePlus 12,3,64999,15,165747.45
ORD008784,2026-01-23,Chennai,Fashion,Nike Air Max,3,6999,0,20997.0
ORD008785,2026-05-20,Pune,Electronics,Samsung Galaxy S24,1,74999,0,74999.0
ORD008786,2026-03-05,Chennai,Home,IKEA Study Table,1,12999,0,12999.0
ORD008787,2025-12-21,Kolkata,Home,IKEA Study Table,2,12999,15,22098.3
ORD008788,2025-12-11,Bengaluru,Home,IKEA Study Table,1,12999,5,12349.05
ORD008789,2026-03-02,Bengaluru,Electronics,Apple iPhone 15,3,79999,0,239997.0
ORD008790,2025-01-10,Hyderabad,Home,IKEA Study Table,1,12999,15,11049.15
ORD008791,2024-07-08,Delhi,Electronics,Apple iPhone 15,1,79999,5,75999.05
ORD008792,2024-09-02,Ahmedabad,Electronics,Apple iPhone 15,1,79999,0,79999.0
ORD008793,2025-01-24,Pune,Home,IKEA Study Table,1,12999,15,11049.15
ORD008794,2026-02-22,Bengaluru,Electronics,OnePlus 12,1,64999,15,55249.15
ORD008795,2026-01-03,Pune,Home,Philips Air Fryer,1,8999,15,7649.15
ORD008796,2025-06-16,Ahmedabad,Electronics,Sony WH-1000XM5,3,29999,10,80997.3
ORD008797,2024-12-24,Pune,Home,IKEA Study Table,3,12999,10,35097.3
ORD008798,2026-01-15,Chennai,Fashion,Levi's Jeans,1,2499,15,2124.15
ORD008799,2026-05-25,Hyderabad,Electronics,OnePlus 12,1,64999,10,58499.1
ORD008800,2024-11-25,Bengaluru,Electronics,OnePlus 12,4,64999,10,233996.4
ORD008801,2024-09-19,Pune,Home,Philips Air Fryer,2,8999,0,17998.0
ORD008802,2024-10-14,Pune,Fashion,Nike Air Max,3,6999,0,20997.0
ORD008803,2025-06-29,Delhi,Fashion,Nike Air Max,2,6999,15,11898.3
ORD008804,2025-06-25,Pune,Electronics,Sony WH-1000XM5,1,29999,10,26999.1
ORD008805,2026-05-21,Ahmedabad,Fashion,Nike Air Max,1,6999,10,6299.1
ORD008806,2026-02-16,Mumbai,Home,IKEA Study Table,4,12999,10,46796.4
ORD008807,2026-03-23,Delhi,Home,Philips Air Fryer,2,8999,0,17998.0
ORD008808,2025-03-03,Hyderabad,Electronics,Sony WH-1000XM5,4,29999,5,113996.2
ORD008809,2025-12-01,Bengaluru,Home,Philips Air Fryer,1,8999,0,8999.0
ORD008810,2026-03-23,Mumbai,Home,IKEA Study Table,1,12999,15,11049.15
ORD008811,2025-05-03,Chennai,Electronics,Sony WH-1000XM5,3,29999,10,80997.3
ORD008812,2026-03-24,Delhi,Home,Philips Air Fryer,1,8999,5,8549.05
ORD008813,2024-08-09,Bengaluru,Electronics,OnePlus 12,1,64999,10,58499.1
ORD008814,2025-01-06,Mumbai,Fashion,Levi's Jeans,2,2499,15,4248.3
ORD008815,2026-04-09,Kolkata,Fashion,Nike Air Max,1,6999,10,6299.1
ORD008816,2026-04-19,Delhi,Electronics,OnePlus 12,1,64999,0,64999.0
ORD008817,2025-12-02,Kolkata,Electronics,OnePlus 12,4,64999,5,246996.2
ORD008818,2026-01-01,Bengaluru,Electronics,Samsung Galaxy S24,1,74999,15,63749.15
ORD008819,2026-01-25,Hyderabad,Home,Philips Air Fryer,1,8999,15,7649.15
ORD008820,2024-07-28,Delhi,Home,IKEA Study Table,1,12999,5,12349.05
ORD008821,2024-06-15,Hyderabad,Home,IKEA Study Table,1,12999,10,11699.1
ORD008822,2025-06-14,Bengaluru,Home,IKEA Study Table,1,12999,15,11049.15
ORD008823,2024-07-16,Pune,Home,Philips Air Fryer,1,8999,5,8549.05
ORD008824,2025-04-12,Pune,Electronics,OnePlus 12,1,64999,10,58499.1
ORD008825,2025-11-15,Bengaluru,Electronics,OnePlus 12,3,64999,5,185247.15
ORD008826,2025-07-10,Bengaluru,Electronics,Apple iPhone 15,3,79999,15,203997.45
ORD008827,2025-09-28,Pune,Fashion,Nike Air Max,1,6999,10,6299.1
ORD008828,2025-10-05,Hyderabad,Fashion,Nike Air Max,1,6999,10,6299.1
ORD008829,2024-11-15,Chennai,Electronics,Samsung Galaxy S24,2,74999,5,142498.1
ORD008830,2025-11-21,Mumbai,Electronics,Sony WH-1000XM5,1,29999,0,29999.0
ORD008831,2025-08-19,Mumbai,Electronics,Sony WH-1000XM5,1,29999,5,28499.05
ORD008832,2025-07-23,Bengaluru,Electronics,Sony WH-1000XM5,3,29999,5,85497.15
ORD008833,2026-05-07,Hyderabad,Home,Philips Air Fryer,1,8999,10,8099.1
ORD008834,2025-06-11,Ahmedabad,Electronics,Apple iPhone 15,1,79999,15,67999.15
ORD008835,2026-05-08,Ahmedabad,Fashion,Nike Air Max,1,6999,15,5949.15
ORD008836,2025-10-19,Chennai,Electronics,OnePlus 12,1,64999,5,61749.05
ORD008837,2024-06-15,Ahmedabad,Electronics,Apple iPhone 15,1,79999,5,75999.05
ORD008838,2024-09-06,Hyderabad,Fashion,Nike Air Max,1,6999,5,6649.05
ORD008839,2026-04-09,Delhi,Home,IKEA Study Table,1,12999,5,12349.05
ORD008840,2026-02-17,Kolkata,Electronics,Apple iPhone 15,1,79999,10,71999.1
ORD008841,2025-09-16,Ahmedabad,Electronics,OnePlus 12,1,64999,10,58499.1
ORD008842,2025-01-03,Ahmedabad,Home,IKEA Study Table,3,12999,5,37047.15
ORD008843,2026-01-12,Delhi,Electronics,Sony WH-1000XM5,1,29999,5,28499.05
ORD008844,2026-04-11,Ahmedabad,Electronics,Apple iPhone 15,3,79999,10,215997.3
ORD008845,2025-02-27,Ahmedabad,Electronics,Apple iPhone 15,1,79999,5,75999.05
ORD008846,2026-05-19,Delhi,Electronics,OnePlus 12,1,64999,0,64999.0
ORD008847,2025-07-13,Hyderabad,Electronics,Sony WH-1000XM5,2,29999,15,50998.3
ORD008848,2025-04-16,Kolkata,Electronics,Apple iPhone 15,1,79999,10,71999.1
ORD008849,2025-12-30,Ahmedabad,Fashion,Levi's Jeans,1,2499,0,2499.0
ORD008850,2026-04-21,Mumbai,Electronics,Sony WH-1000XM5,1,29999,5,28499.05
ORD008851,2025-11-02,Pune,Electronics,Sony WH-1000XM5,3,29999,0,89997.0
ORD008852,2026-01-22,Ahmedabad,Home,Philips Air Fryer,1,8999,15,7649.15
ORD008853,2025-02-01,Hyderabad,Electronics,OnePlus 12,4,64999,5,246996.2
ORD008854,2025-05-04,Pune,Fashion,Nike Air Max,2,6999,10,12598.2
ORD008855,2024-09-16,Kolkata,Fashion,Levi's Jeans,2,2499,10,4498.2
ORD008856,2024-12-17,Pune,Home,Philips Air Fryer,1,8999,10,8099.1
ORD008857,2025-07-31,Ahmedabad,Electronics,Samsung Galaxy S24,2,74999,10,134998.2
ORD008858,2024-09-06,Mumbai,Electronics,Samsung Galaxy S24,1,74999,15,63749.15
ORD008859,2024-07-07,Mumbai,Electronics,Apple iPhone 15,1,79999,15,67999.15
ORD008860,2025-06-01,Pune,Fashion,Levi's Jeans,1,2499,0,2499.0
ORD008861,2026-05-12,Delhi,Home,IKEA Study Table,1,12999,10,11699.1
ORD008862,2026-03-31,Bengaluru,Electronics,Samsung Galaxy S24,3,74999,15,191247.45
ORD008863,2025-04-09,Ahmedabad,Fashion,Levi's Jeans,1,2499,0,2499.0
ORD008864,2024-06-29,Chennai,Home,Philips Air Fryer,2,8999,10,16198.2
ORD008865,2026-04-19,Bengaluru,Home,IKEA Study Table,3,12999,5,37047.15
ORD008866,2026-02-08,Bengaluru,Electronics,Samsung Galaxy S24,1,74999,0,74999.0
ORD008867,2024-11-01,Delhi,Fashion,Levi's Jeans,1,2499,5,2374.05
ORD008868,2024-07-28,Mumbai,Fashion,Nike Air Max,1,6999,10,6299.1
ORD008869,2025-06-10,Mumbai,Home,IKEA Study Table,1,12999,0,12999.0
ORD008870,2025-01-04,Mumbai,Home,IKEA Study Table,2,12999,10,23398.2
ORD008871,2025-09-25,Chennai,Electronics,OnePlus 12,1,64999,0,64999.0
ORD008872,2024-09-28,Kolkata,Electronics,Apple iPhone 15,2,79999,15,135998.3
ORD008873,2024-10-17,Delhi,Electronics,Samsung Galaxy S24,1,74999,10,67499.1
ORD008874,2025-07-21,Kolkata,Electronics,Sony WH-1000XM5,2,29999,0,59998.0
ORD008875,2026-02-15,Chennai,Electronics,Samsung Galaxy S24,1,74999,10,67499.1
ORD008876,2025-11-02,Bengaluru,Fashion,Levi's Jeans,2,2499,0,4998.0
ORD008877,2024-11-02,Bengaluru,Electronics,OnePlus 12,1,64999,5,61749.05
ORD008878,2026-02-15,Pune,Electronics,Apple iPhone 15,2,79999,5,151998.1
ORD008879,2026-03-26,Mumbai,Fashion,Nike Air Max,2,6999,5,13298.1
ORD008880,2025-10-04,Ahmedabad,Fashion,Nike Air Max,1,6999,15,5949.15
ORD008881,2024-12-26,Ahmedabad,Electronics,Apple iPhone 15,1,79999,5,75999.05
ORD008882,2025-09-18,Chennai,Home,Philips Air Fryer,1,8999,0,8999.0
ORD008883,2024-08-05,Bengaluru,Electronics,Apple iPhone 15,1,79999,5,75999.05
ORD008884,2024-11-19,Delhi,Fashion,Levi's Jeans,2,2499,0,4998.0
ORD008885,2025-08-07,Bengaluru,Fashion,Levi's Jeans,1,2499,5,2374.05
ORD008886,2024-08-25,Kolkata,Fashion,Nike Air Max,1,6999,5,6649.05
ORD008887,2025-07-20,Delhi,Fashion,Levi's Jeans,2,2499,5,4748.1
ORD008888,2026-05-17,Hyderabad,Electronics,Sony WH-1000XM5,1,29999,10,26999.1
ORD008889,2025-01-12,Kolkata,Electronics,Apple iPhone 15,2,79999,5,151998.1
ORD008890,2024-10-05,Hyderabad,Home,Philips Air Fryer,1,8999,5,8549.05
ORD008891,2025-03-03,Mumbai,Electronics,OnePlus 12,2,64999,10,116998.2
ORD008892,2025-09-01,Ahmedabad,Electronics,Sony WH-1000XM5,1,29999,0,29999.0
ORD008893,2025-12-01,Ahmedabad,Fashion,Levi's Jeans,2,2499,10,4498.2
ORD008894,2024-08-04,Chennai,Electronics,Sony WH-1000XM5,2,29999,0,59998.0
ORD008895,2025-06-14,Hyderabad,Electronics,Apple iPhone 15,1,79999,0,79999.0
ORD008896,2025-05-30,Mumbai,Home,IKEA Study Table,2,12999,10,23398.2
ORD008897,2024-11-20,Delhi,Fashion,Nike Air Max,1,6999,5,6649.05
ORD008898,2024-08-17,Mumbai,Home,IKEA Study Table,1,12999,0,12999.0
ORD008899,2024-07-08,Hyderabad,Electronics,Apple iPhone 15,1,79999,10,71999.1
ORD008900,2026-01-03,Pune,Home,IKEA Study Table,1,12999,5,12349.05
ORD008901,2024-11-23,Hyderabad,Electronics,Samsung Galaxy S24,1,74999,15,63749.15
ORD008902,2026-04-02,Chennai,Electronics,Apple iPhone 15,1,79999,10,71999.1
ORD008903,2025-03-23,Ahmedabad,Home,Philips Air Fryer,1,8999,10,8099.1
ORD008904,2025-09-22,Delhi,Fashion,Nike Air Max,2,6999,15,11898.3
ORD008905,2025-01-18,Ahmedabad,Home,IKEA Study Table,1,12999,10,11699.1
ORD008906,2025-05-18,Kolkata,Home,Philips Air Fryer,1,8999,0,8999.0
ORD008907,2025-03-06,Mumbai,Electronics,OnePlus 12,1,64999,15,55249.15
ORD008908,2025-01-31,Hyderabad,Fashion,Levi's Jeans,3,2499,15,6372.45
ORD008909,2026-05-26,Mumbai,Electronics,Samsung Galaxy S24,1,74999,0,74999.0
ORD008910,2025-08-01,Bengaluru,Electronics,Sony WH-1000XM5,1,29999,5,28499.05
ORD008911,2025-08-14,Hyderabad,Fashion,Nike Air Max,2,6999,5,13298.1
ORD008912,2024-12-27,Chennai,Electronics,Apple iPhone 15,1,79999,5,75999.05
ORD008913,2025-10-27,Ahmedabad,Electronics,Samsung Galaxy S24,1,74999,5,71249.05
ORD008914,2025-07-06,Chennai,Fashion,Nike Air Max,1,6999,15,5949.15
ORD008915,2025-03-06,Ahmedabad,Electronics,OnePlus 12,2,64999,15,110498.3
ORD008916,2024-08-16,Delhi,Fashion,Levi's Jeans,3,2499,0,7497.0
ORD008917,2025-10-24,Kolkata,Electronics,Samsung Galaxy S24,1,74999,15,63749.15
ORD008918,2025-08-18,Hyderabad,Electronics,Samsung Galaxy S24,1,74999,5,71249.05
ORD008919,2025-08-04,Kolkata,Electronics,Samsung Galaxy S24,1,74999,5,71249.05
ORD008920,2024-07-06,Delhi,Home,Philips Air Fryer,3,8999,5,25647.15
ORD008921,2024-10-09,Delhi,Electronics,Sony WH-1000XM5,1,29999,10,26999.1
ORD008922,2025-01-24,Mumbai,Fashion,Nike Air Max,1,6999,15,5949.15
ORD008923,2024-07-03,Delhi,Fashion,Nike Air Max,1,6999,15,5949.15
ORD008924,2025-08-27,Pune,Fashion,Levi's Jeans,2,2499,0,4998.0
ORD008925,2026-04-01,Hyderabad,Electronics,Samsung Galaxy S24,1,74999,15,63749.15
ORD008926,2025-07-26,Kolkata,Home,IKEA Study Table,4,12999,10,46796.4
ORD008927,2025-12-03,Kolkata,Electronics,Sony WH-1000XM5,2,29999,15,50998.3
ORD008928,2024-09-24,Ahmedabad,Electronics,Apple iPhone 15,1,79999,0,79999.0
ORD008929,2025-01-02,Chennai,Home,IKEA Study Table,1,12999,10,11699.1
ORD008930,2026-05-14,Kolkata,Home,Philips Air Fryer,4,8999,10,32396.4
ORD008931,2025-03-19,Pune,Home,IKEA Study Table,1,12999,15,11049.15
ORD008932,2025-09-05,Mumbai,Electronics,Apple iPhone 15,2,79999,10,143998.2
ORD008933,2025-11-14,Pune,Fashion,Nike Air Max,1,6999,15,5949.15
ORD008934,2024-10-14,Hyderabad,Electronics,Apple iPhone 15,1,79999,0,79999.0
ORD008935,2025-04-10,Chennai,Electronics,Samsung Galaxy S24,2,74999,15,127498.3
ORD008936,2024-08-12,Delhi,Home,Philips Air Fryer,2,8999,10,16198.2
ORD008937,2024-11-03,Pune,Electronics,Apple iPhone 15,1,79999,5,75999.05
ORD008938,2024-07-14,Ahmedabad,Home,IKEA Study Table,2,12999,0,25998.0
ORD008939,2025-06-09,Bengaluru,Electronics,Samsung Galaxy S24,1,74999,15,63749.15
ORD008940,2025-10-30,Pune,Electronics,Sony WH-1000XM5,1,29999,10,26999.1
ORD008941,2024-11-08,Kolkata,Electronics,Samsung Galaxy S24,1,74999,10,67499.1
ORD008942,2024-08-23,Bengaluru,Home,Philips Air Fryer,1,8999,0,8999.0
ORD008943,2024-11-25,Bengaluru,Home,Philips Air Fryer,1,8999,15,7649.15
ORD008944,2025-05-02,Pune,Electronics,Samsung Galaxy S24,1,74999,5,71249.05
ORD008945,2025-03-02,Bengaluru,Electronics,OnePlus 12,2,64999,10,116998.2
ORD008946,2025-07-05,Ahmedabad,Fashion,Levi's Jeans,1,2499,0,2499.0
ORD008947,2025-01-25,Pune,Electronics,Apple iPhone 15,2,79999,10,143998.2
ORD008948,2026-04-01,Chennai,Fashion,Nike Air Max,2,6999,10,12598.2
ORD008949,2026-04-02,Mumbai,Electronics,Sony WH-1000XM5,1,29999,5,28499.05
ORD008950,2025-02-05,Delhi,Fashion,Levi's Jeans,1,2499,15,2124.15
ORD008951,2025-09-21,Ahmedabad,Electronics,Samsung Galaxy S24,1,74999,10,67499.1
ORD008952,2025-05-16,Ahmedabad,Home,IKEA Study Table,1,12999,0,12999.0
ORD008953,2026-03-29,Hyderabad,Fashion,Levi's Jeans,1,2499,0,2499.0
ORD008954,2024-08-20,Hyderabad,Fashion,Levi's Jeans,1,2499,0,2499.0
ORD008955,2024-07-23,Ahmedabad,Electronics,Apple iPhone 15,2,79999,10,143998.2
ORD008956,2025-10-09,Mumbai,Electronics,Apple iPhone 15,1,79999,0,79999.0
ORD008957,2025-09-19,Kolkata,Home,Philips Air Fryer,1,8999,0,8999.0
ORD008958,2026-03-12,Bengaluru,Home,IKEA Study Table,1,12999,15,11049.15
ORD008959,2024-12-07,Hyderabad,Electronics,OnePlus 12,2,64999,10,116998.2
ORD008960,2025-05-06,Hyderabad,Electronics,OnePlus 12,1,64999,5,61749.05
ORD008961,2026-04-19,Bengaluru,Fashion,Levi's Jeans,4,2499,15,8496.6
ORD008962,2025-04-16,Delhi,Fashion,Nike Air Max,1,6999,15,5949.15
ORD008963,2025-03-19,Hyderabad,Home,Philips Air Fryer,1,8999,10,8099.1
ORD008964,2026-06-03,Kolkata,Home,IKEA Study Table,2,12999,10,23398.2
ORD008965,2025-02-11,Pune,Electronics,Sony WH-1000XM5,4,29999,15,101996.6
ORD008966,2025-03-22,Delhi,Electronics,Apple iPhone 15,2,79999,10,143998.2
ORD008967,2024-07-05,Ahmedabad,Electronics,OnePlus 12,1,64999,0,64999.0
ORD008968,2026-04-26,Delhi,Home,IKEA Study Table,1,12999,10,11699.1
ORD008969,2026-01-10,Kolkata,Home,Philips Air Fryer,1,8999,0,8999.0
ORD008970,2025-05-08,Hyderabad,Fashion,Levi's Jeans,3,2499,0,7497.0
ORD008971,2025-10-21,Chennai,Electronics,Apple iPhone 15,4,79999,5,303996.2
ORD008972,2025-03-29,Mumbai,Home,Philips Air Fryer,4,8999,0,35996.0
ORD008973,2025-03-24,Ahmedabad,Fashion,Levi's Jeans,1,2499,0,2499.0
ORD008974,2025-09-06,Chennai,Home,Philips Air Fryer,2,8999,15,15298.3
ORD008975,2026-04-29,Kolkata,Electronics,OnePlus 12,1,64999,0,64999.0
ORD008976,2025-03-25,Kolkata,Electronics,Samsung Galaxy S24,4,74999,15,254996.6
ORD008977,2025-05-18,Chennai,Electronics,Samsung Galaxy S24,1,74999,5,71249.05
ORD008978,2024-10-18,Bengaluru,Electronics,Apple iPhone 15,1,79999,10,71999.1
ORD008979,2025-09-29,Hyderabad,Home,IKEA Study Table,1,12999,0,12999.0
ORD008980,2025-07-06,Kolkata,Electronics,Sony WH-1000XM5,1,29999,0,29999.0
ORD008981,2025-07-26,Bengaluru,Home,Philips Air Fryer,1,8999,5,8549.05
ORD008982,2026-04-15,Hyderabad,Home,IKEA Study Table,1,12999,10,11699.1
ORD008983,2025-01-17,Delhi,Electronics,Sony WH-1000XM5,4,29999,15,101996.6
ORD008984,2025-05-25,Ahmedabad,Electronics,Samsung Galaxy S24,1,74999,10,67499.1
ORD008985,2025-01-20,Chennai,Fashion,Levi's Jeans,3,2499,5,7122.15
ORD008986,2025-12-17,Ahmedabad,Home,Philips Air Fryer,1,8999,10,8099.1
ORD008987,2025-03-25,Mumbai,Home,IKEA Study Table,4,12999,5,49396.2
ORD008988,2024-06-15,Ahmedabad,Electronics,Sony WH-1000XM5,1,29999,0,29999.0
ORD008989,2026-03-02,Mumbai,Electronics,Samsung Galaxy S24,1,74999,10,67499.1
ORD008990,2024-08-05,Delhi,Electronics,OnePlus 12,1,64999,0,64999.0
ORD008991,2024-06-12,Delhi,Fashion,Levi's Jeans,1,2499,15,2124.15
ORD008992,2025-10-17,Mumbai,Electronics,Samsung Galaxy S24,3,74999,5,213747.15
ORD008993,2024-10-23,Ahmedabad,Home,Philips Air Fryer,1,8999,15,7649.15
ORD008994,2024-06-18,Chennai,Fashion,Nike Air Max,1,6999,0,6999.0
ORD008995,2025-10-10,Hyderabad,Electronics,Sony WH-1000XM5,2,29999,5,56998.1
ORD008996,2026-02-18,Ahmedabad,Electronics,OnePlus 12,2,64999,0,129998.0
ORD008997,2026-05-20,Bengaluru,Fashion,Levi's Jeans,1,2499,5,2374.05
ORD008998,2024-06-13,Mumbai,Home,Philips Air Fryer,3,8999,15,22947.45
ORD008999,2025-08-08,Delhi,Fashion,Nike Air Max,1,6999,0,6999.0
ORD009000,2025-04-29,Delhi,Electronics,Apple iPhone 15,4,79999,15,271996.6
ORD009001,2025-06-14,Kolkata,Electronics,OnePlus 12,1,64999,15,55249.15
ORD009002,2026-02-16,Chennai,Home,Philips Air Fryer,1,8999,10,8099.1
ORD009003,2024-09-25,Pune,Electronics,OnePlus 12,1,64999,10,58499.1
ORD009004,2026-05-20,Chennai,Electronics,Apple iPhone 15,1,79999,10,71999.1
ORD009005,2025-03-17,Chennai,Home,IKEA Study Table,1,12999,5,12349.05
ORD009006,2026-05-30,Hyderabad,Electronics,Apple iPhone 15,1,79999,15,67999.15
ORD009007,2024-10-25,Chennai,Fashion,Levi's Jeans,1,2499,5,2374.05
ORD009008,2025-09-25,Ahmedabad,Home,Philips Air Fryer,2,8999,10,16198.2
ORD009009,2026-06-07,Chennai,Electronics,OnePlus 12,3,64999,5,185247.15
ORD009010,2024-09-05,Bengaluru,Home,Philips Air Fryer,1,8999,15,7649.15
ORD009011,2024-08-24,Chennai,Fashion,Nike Air Max,2,6999,0,13998.0
ORD009012,2026-05-27,Chennai,Electronics,Samsung Galaxy S24,1,74999,15,63749.15
ORD009013,2025-05-04,Kolkata,Electronics,Samsung Galaxy S24,3,74999,5,213747.15
ORD009014,2026-05-08,Pune,Fashion,Levi's Jeans,1,2499,5,2374.05
ORD009015,2025-10-08,Hyderabad,Electronics,OnePlus 12,1,64999,5,61749.05
ORD009016,2026-01-05,Mumbai,Fashion,Levi's Jeans,2,2499,10,4498.2
ORD009017,2025-06-18,Ahmedabad,Electronics,Samsung Galaxy S24,2,74999,15,127498.3
ORD009018,2025-06-28,Ahmedabad,Electronics,OnePlus 12,1,64999,10,58499.1
ORD009019,2026-06-03,Pune,Electronics,Samsung Galaxy S24,1,74999,15,63749.15
ORD009020,2024-08-23,Chennai,Fashion,Nike Air Max,1,6999,15,5949.15
ORD009021,2025-02-10,Bengaluru,Electronics,Sony WH-1000XM5,1,29999,5,28499.05
ORD009022,2025-12-17,Mumbai,Fashion,Levi's Jeans,3,2499,15,6372.45
ORD009023,2026-05-01,Pune,Electronics,Samsung Galaxy S24,4,74999,0,299996.0
ORD009024,2025-09-29,Bengaluru,Fashion,Levi's Jeans,1,2499,0,2499.0
ORD009025,2025-11-10,Mumbai,Home,IKEA Study Table,1,12999,10,11699.1
ORD009026,2024-11-04,Pune,Fashion,Levi's Jeans,1,2499,10,2249.1
ORD009027,2026-01-29,Kolkata,Electronics,OnePlus 12,3,64999,0,194997.0
ORD009028,2025-07-07,Mumbai,Electronics,Sony WH-1000XM5,1,29999,0,29999.0
ORD009029,2025-03-11,Chennai,Fashion,Nike Air Max,1,6999,0,6999.0
ORD009030,2024-08-21,Mumbai,Electronics,Apple iPhone 15,1,79999,10,71999.1
ORD009031,2025-02-06,Chennai,Electronics,Sony WH-1000XM5,1,29999,0,29999.0
ORD009032,2026-04-11,Mumbai,Electronics,Apple iPhone 15,1,79999,0,79999.0
ORD009033,2024-09-27,Chennai,Fashion,Nike Air Max,1,6999,5,6649.05
ORD009034,2025-05-04,Bengaluru,Home,Philips Air Fryer,2,8999,0,17998.0
ORD009035,2025-04-07,Pune,Electronics,Samsung Galaxy S24,2,74999,0,149998.0
ORD009036,2025-10-23,Ahmedabad,Home,Philips Air Fryer,2,8999,10,16198.2
ORD009037,2025-05-22,Bengaluru,Electronics,Apple iPhone 15,3,79999,0,239997.0
ORD009038,2024-11-04,Ahmedabad,Fashion,Levi's Jeans,3,2499,15,6372.45
ORD009039,2024-06-23,Bengaluru,Fashion,Levi's Jeans,1,2499,0,2499.0
ORD009040,2025-07-07,Ahmedabad,Fashion,Nike Air Max,1,6999,5,6649.05
ORD009041,2024-12-03,Hyderabad,Electronics,OnePlus 12,1,64999,10,58499.1
ORD009042,2025-08-18,Ahmedabad,Fashion,Nike Air Max,1,6999,5,6649.05
ORD009043,2024-06-13,Mumbai,Electronics,Apple iPhone 15,3,79999,5,227997.15
ORD009044,2024-07-15,Ahmedabad,Electronics,Sony WH-1000XM5,1,29999,10,26999.1
ORD009045,2025-01-29,Kolkata,Fashion,Nike Air Max,1,6999,10,6299.1
ORD009046,2025-09-29,Chennai,Electronics,Samsung Galaxy S24,2,74999,15,127498.3
ORD009047,2025-12-22,Delhi,Home,IKEA Study Table,3,12999,0,38997.0
ORD009048,2024-06-28,Mumbai,Electronics,Apple iPhone 15,1,79999,10,71999.1
ORD009049,2025-06-14,Hyderabad,Fashion,Levi's Jeans,1,2499,15,2124.15
ORD009050,2026-01-13,Mumbai,Electronics,Samsung Galaxy S24,1,74999,10,67499.1
ORD009051,2025-07-09,Delhi,Home,Philips Air Fryer,1,8999,10,8099.1
ORD009052,2025-10-11,Mumbai,Electronics,OnePlus 12,2,64999,5,123498.1
ORD009053,2026-02-05,Kolkata,Home,IKEA Study Table,4,12999,10,46796.4
ORD009054,2026-04-09,Ahmedabad,Home,Philips Air Fryer,1,8999,5,8549.05
ORD009055,2025-12-11,Chennai,Electronics,Samsung Galaxy S24,3,74999,10,202497.3
ORD009056,2026-01-14,Pune,Home,IKEA Study Table,1,12999,15,11049.15
ORD009057,2025-11-19,Delhi,Electronics,Apple iPhone 15,2,79999,5,151998.1
ORD009058,2026-01-14,Delhi,Fashion,Levi's Jeans,3,2499,0,7497.0
ORD009059,2026-03-27,Bengaluru,Fashion,Nike Air Max,1,6999,10,6299.1
ORD009060,2025-02-26,Pune,Home,IKEA Study Table,1,12999,10,11699.1
ORD009061,2025-11-11,Chennai,Electronics,OnePlus 12,1,64999,15,55249.15
ORD009062,2025-12-08,Chennai,Home,Philips Air Fryer,2,8999,5,17098.1
ORD009063,2025-03-24,Ahmedabad,Home,Philips Air Fryer,2,8999,15,15298.3
ORD009064,2025-08-18,Delhi,Electronics,OnePlus 12,1,64999,15,55249.15
ORD009065,2025-11-05,Chennai,Electronics,Samsung Galaxy S24,2,74999,15,127498.3
ORD009066,2025-10-02,Delhi,Electronics,Sony WH-1000XM5,3,29999,0,89997.0
ORD009067,2025-10-29,Mumbai,Fashion,Nike Air Max,4,6999,15,23796.6
ORD009068,2025-08-07,Mumbai,Electronics,OnePlus 12,3,64999,5,185247.15
ORD009069,2024-10-07,Pune,Electronics,Samsung Galaxy S24,3,74999,15,191247.45
ORD009070,2025-10-28,Chennai,Electronics,Apple iPhone 15,1,79999,10,71999.1
ORD009071,2025-08-04,Hyderabad,Electronics,Apple iPhone 15,1,79999,15,67999.15
ORD009072,2024-08-24,Delhi,Fashion,Levi's Jeans,1,2499,10,2249.1
ORD009073,2026-02-06,Delhi,Fashion,Levi's Jeans,1,2499,10,2249.1
ORD009074,2024-11-08,Bengaluru,Electronics,Samsung Galaxy S24,1,74999,5,71249.05
ORD009075,2026-05-03,Ahmedabad,Electronics,Sony WH-1000XM5,2,29999,0,59998.0
ORD009076,2025-07-30,Ahmedabad,Home,Philips Air Fryer,4,8999,0,35996.0
ORD009077,2024-09-24,Kolkata,Home,Philips Air Fryer,2,8999,10,16198.2
ORD009078,2025-01-12,Mumbai,Home,IKEA Study Table,2,12999,5,24698.1
ORD009079,2025-07-15,Hyderabad,Electronics,Samsung Galaxy S24,1,74999,0,74999.0
ORD009080,2025-06-30,Delhi,Electronics,Apple iPhone 15,1,79999,10,71999.1
ORD009081,2024-06-24,Ahmedabad,Home,IKEA Study Table,2,12999,5,24698.1
ORD009082,2026-05-02,Kolkata,Electronics,Apple iPhone 15,2,79999,15,135998.3
ORD009083,2024-08-05,Delhi,Home,IKEA Study Table,2,12999,10,23398.2
ORD009084,2024-06-25,Bengaluru,Electronics,Sony WH-1000XM5,3,29999,10,80997.3
ORD009085,2026-05-01,Bengaluru,Electronics,OnePlus 12,1,64999,5,61749.05
ORD009086,2024-07-29,Kolkata,Electronics,OnePlus 12,1,64999,10,58499.1
ORD009087,2025-02-14,Kolkata,Home,IKEA Study Table,1,12999,5,12349.05
ORD009088,2025-01-25,Chennai,Home,IKEA Study Table,1,12999,15,11049.15
ORD009089,2025-12-17,Chennai,Electronics,Apple iPhone 15,1,79999,0,79999.0
ORD009090,2024-10-07,Hyderabad,Electronics,OnePlus 12,1,64999,10,58499.1
ORD009091,2024-08-23,Ahmedabad,Home,Philips Air Fryer,4,8999,5,34196.2
ORD009092,2024-09-03,Kolkata,Electronics,Sony WH-1000XM5,1,29999,15,25499.15
ORD009093,2024-12-11,Hyderabad,Fashion,Levi's Jeans,1,2499,0,2499.0
ORD009094,2025-03-26,Chennai,Home,IKEA Study Table,1,12999,5,12349.05
ORD009095,2024-08-28,Mumbai,Fashion,Levi's Jeans,1,2499,15,2124.15
ORD009096,2024-06-15,Bengaluru,Home,Philips Air Fryer,1,8999,5,8549.05
ORD009097,2025-09-19,Bengaluru,Fashion,Nike Air Max,1,6999,0,6999.0
ORD009098,2024-07-21,Ahmedabad,Fashion,Nike Air Max,1,6999,0,6999.0
ORD009099,2025-03-01,Ahmedabad,Home,IKEA Study Table,1,12999,10,11699.1
ORD009100,2026-05-05,Ahmedabad,Home,IKEA Study Table,2,12999,0,25998.0
ORD009101,2025-09-11,Delhi,Electronics,Sony WH-1000XM5,2,29999,0,59998.0
ORD009102,2025-02-26,Chennai,Fashion,Nike Air Max,2,6999,10,12598.2
ORD009103,2026-01-29,Pune,Electronics,OnePlus 12,2,64999,0,129998.0
ORD009104,2025-01-02,Delhi,Fashion,Nike Air Max,2,6999,5,13298.1
ORD009105,2025-06-24,Pune,Fashion,Nike Air Max,4,6999,0,27996.0
ORD009106,2024-12-01,Kolkata,Fashion,Levi's Jeans,1,2499,15,2124.15
ORD009107,2025-06-01,Ahmedabad,Home,Philips Air Fryer,1,8999,5,8549.05
ORD009108,2025-09-11,Kolkata,Fashion,Nike Air Max,1,6999,15,5949.15
ORD009109,2025-06-04,Bengaluru,Electronics,Samsung Galaxy S24,2,74999,5,142498.1
ORD009110,2025-02-17,Mumbai,Electronics,Apple iPhone 15,1,79999,0,79999.0
ORD009111,2025-04-12,Bengaluru,Electronics,Apple iPhone 15,1,79999,10,71999.1
ORD009112,2025-02-19,Ahmedabad,Home,Philips Air Fryer,2,8999,0,17998.0
ORD009113,2024-09-24,Kolkata,Electronics,OnePlus 12,1,64999,10,58499.1
ORD009114,2025-04-25,Hyderabad,Fashion,Nike Air Max,1,6999,0,6999.0
ORD009115,2025-09-04,Kolkata,Electronics,Apple iPhone 15,1,79999,15,67999.15
ORD009116,2025-01-24,Mumbai,Electronics,Samsung Galaxy S24,2,74999,0,149998.0
ORD009117,2025-04-10,Kolkata,Electronics,Apple iPhone 15,2,79999,10,143998.2
ORD009118,2025-03-07,Kolkata,Electronics,OnePlus 12,1,64999,5,61749.05
ORD009119,2024-10-16,Ahmedabad,Fashion,Levi's Jeans,3,2499,15,6372.45
ORD009120,2024-12-10,Hyderabad,Fashion,Nike Air Max,2,6999,5,13298.1
ORD009121,2025-12-09,Pune,Electronics,Sony WH-1000XM5,3,29999,10,80997.3
ORD009122,2025-03-12,Bengaluru,Home,IKEA Study Table,1,12999,15,11049.15
ORD009123,2024-10-12,Hyderabad,Fashion,Nike Air Max,1,6999,5,6649.05
ORD009124,2025-05-06,Chennai,Electronics,Sony WH-1000XM5,2,29999,5,56998.1
ORD009125,2025-06-10,Chennai,Electronics,Sony WH-1000XM5,3,29999,15,76497.45
ORD009126,2026-03-05,Kolkata,Home,IKEA Study Table,2,12999,15,22098.3
ORD009127,2024-11-13,Ahmedabad,Electronics,Sony WH-1000XM5,1,29999,5,28499.05
ORD009128,2025-05-13,Chennai,Fashion,Nike Air Max,1,6999,15,5949.15
ORD009129,2025-10-01,Mumbai,Electronics,Apple iPhone 15,1,79999,0,79999.0
ORD009130,2026-03-27,Pune,Fashion,Levi's Jeans,2,2499,15,4248.3
ORD009131,2024-07-29,Pune,Fashion,Levi's Jeans,1,2499,15,2124.15
ORD009132,2024-11-12,Ahmedabad,Electronics,OnePlus 12,3,64999,0,194997.0
ORD009133,2025-06-05,Kolkata,Electronics,Samsung Galaxy S24,3,74999,0,224997.0
ORD009134,2024-06-22,Ahmedabad,Fashion,Levi's Jeans,4,2499,15,8496.6
ORD009135,2026-03-07,Kolkata,Home,IKEA Study Table,2,12999,10,23398.2
ORD009136,2025-04-18,Kolkata,Electronics,OnePlus 12,2,64999,0,129998.0
ORD009137,2024-11-22,Hyderabad,Electronics,Samsung Galaxy S24,2,74999,5,142498.1
ORD009138,2026-01-25,Delhi,Electronics,Sony WH-1000XM5,1,29999,15,25499.15
ORD009139,2025-12-01,Delhi,Electronics,Apple iPhone 15,1,79999,10,71999.1
ORD009140,2024-09-04,Bengaluru,Home,Philips Air Fryer,3,8999,10,24297.3
ORD009141,2025-02-11,Ahmedabad,Fashion,Nike Air Max,1,6999,15,5949.15
ORD009142,2024-10-29,Kolkata,Home,IKEA Study Table,1,12999,0,12999.0
ORD009143,2026-04-08,Bengaluru,Electronics,Samsung Galaxy S24,2,74999,15,127498.3
ORD009144,2024-12-10,Kolkata,Electronics,Sony WH-1000XM5,2,29999,10,53998.2
ORD009145,2024-10-30,Pune,Home,Philips Air Fryer,1,8999,15,7649.15
ORD009146,2024-07-11,Hyderabad,Electronics,OnePlus 12,2,64999,0,129998.0
ORD009147,2025-06-16,Pune,Electronics,Sony WH-1000XM5,2,29999,5,56998.1
ORD009148,2025-01-17,Chennai,Home,Philips Air Fryer,1,8999,15,7649.15
ORD009149,2024-08-24,Delhi,Home,Philips Air Fryer,2,8999,10,16198.2
ORD009150,2025-02-26,Chennai,Electronics,Apple iPhone 15,1,79999,0,79999.0
ORD009151,2024-07-14,Delhi,Home,Philips Air Fryer,3,8999,15,22947.45
ORD009152,2024-09-10,Delhi,Electronics,Apple iPhone 15,1,79999,15,67999.15
ORD009153,2024-12-25,Mumbai,Home,Philips Air Fryer,1,8999,0,8999.0
ORD009154,2024-09-21,Hyderabad,Fashion,Nike Air Max,2,6999,15,11898.3
ORD009155,2025-06-18,Mumbai,Electronics,Apple iPhone 15,1,79999,15,67999.15
ORD009156,2024-09-30,Pune,Fashion,Levi's Jeans,2,2499,0,4998.0
ORD009157,2024-11-06,Delhi,Electronics,Sony WH-1000XM5,2,29999,10,53998.2
ORD009158,2025-01-01,Ahmedabad,Home,IKEA Study Table,2,12999,5,24698.1
ORD009159,2026-01-29,Bengaluru,Fashion,Nike Air Max,3,6999,15,17847.45
ORD009160,2024-06-17,Kolkata,Fashion,Nike Air Max,1,6999,15,5949.15
ORD009161,2025-03-06,Chennai,Home,IKEA Study Table,1,12999,0,12999.0
ORD009162,2025-04-25,Kolkata,Fashion,Nike Air Max,1,6999,0,6999.0
ORD009163,2024-12-19,Pune,Electronics,Samsung Galaxy S24,4,74999,15,254996.6
ORD009164,2025-06-14,Kolkata,Fashion,Nike Air Max,1,6999,5,6649.05
ORD009165,2026-06-05,Delhi,Electronics,Apple iPhone 15,1,79999,5,75999.05
ORD009166,2025-05-12,Delhi,Electronics,Sony WH-1000XM5,2,29999,0,59998.0
ORD009167,2024-11-28,Kolkata,Electronics,OnePlus 12,1,64999,5,61749.05
ORD009168,2024-12-23,Pune,Fashion,Levi's Jeans,1,2499,5,2374.05
ORD009169,2024-11-15,Pune,Electronics,Sony WH-1000XM5,1,29999,10,26999.1
ORD009170,2026-01-03,Bengaluru,Fashion,Nike Air Max,1,6999,0,6999.0
ORD009171,2025-02-11,Chennai,Electronics,Samsung Galaxy S24,1,74999,5,71249.05
ORD009172,2026-04-20,Ahmedabad,Electronics,Samsung Galaxy S24,2,74999,10,134998.2
ORD009173,2025-11-26,Chennai,Electronics,Samsung Galaxy S24,1,74999,10,67499.1
ORD009174,2025-01-20,Chennai,Electronics,OnePlus 12,1,64999,10,58499.1
ORD009175,2024-12-29,Kolkata,Electronics,OnePlus 12,2,64999,10,116998.2
ORD009176,2025-02-04,Delhi,Electronics,Apple iPhone 15,3,79999,15,203997.45
ORD009177,2026-06-02,Bengaluru,Electronics,Apple iPhone 15,2,79999,5,151998.1
ORD009178,2025-01-18,Delhi,Electronics,OnePlus 12,2,64999,5,123498.1
ORD009179,2024-09-15,Kolkata,Fashion,Nike Air Max,4,6999,15,23796.6
ORD009180,2026-04-09,Chennai,Electronics,Samsung Galaxy S24,1,74999,5,71249.05
ORD009181,2026-04-27,Ahmedabad,Home,Philips Air Fryer,1,8999,5,8549.05
ORD009182,2025-05-16,Hyderabad,Fashion,Levi's Jeans,3,2499,15,6372.45
ORD009183,2025-05-31,Chennai,Home,Philips Air Fryer,1,8999,10,8099.1
ORD009184,2025-10-28,Delhi,Electronics,Apple iPhone 15,1,79999,5,75999.05
ORD009185,2025-04-21,Chennai,Electronics,Samsung Galaxy S24,2,74999,0,149998.0
ORD009186,2025-10-07,Kolkata,Electronics,Apple iPhone 15,1,79999,0,79999.0
ORD009187,2024-08-03,Chennai,Fashion,Nike Air Max,1,6999,10,6299.1
ORD009188,2024-09-15,Pune,Electronics,Apple iPhone 15,2,79999,10,143998.2
ORD009189,2025-07-11,Pune,Electronics,Apple iPhone 15,1,79999,0,79999.0
ORD009190,2025-03-03,Kolkata,Electronics,Apple iPhone 15,1,79999,15,67999.15
ORD009191,2024-11-07,Hyderabad,Home,IKEA Study Table,2,12999,10,23398.2
ORD009192,2025-06-10,Kolkata,Home,IKEA Study Table,1,12999,5,12349.05
ORD009193,2024-09-24,Hyderabad,Home,Philips Air Fryer,1,8999,15,7649.15
ORD009194,2025-10-08,Delhi,Home,Philips Air Fryer,2,8999,5,17098.1
ORD009195,2024-06-22,Kolkata,Electronics,Sony WH-1000XM5,1,29999,15,25499.15
ORD009196,2024-08-17,Delhi,Fashion,Levi's Jeans,2,2499,15,4248.3
ORD009197,2025-02-16,Bengaluru,Electronics,Sony WH-1000XM5,4,29999,5,113996.2
ORD009198,2026-01-02,Pune,Home,Philips Air Fryer,3,8999,5,25647.15
ORD009199,2025-07-15,Delhi,Electronics,Samsung Galaxy S24,1,74999,5,71249.05
ORD009200,2025-01-28,Delhi,Home,IKEA Study Table,1,12999,15,11049.15
ORD009201,2024-09-24,Chennai,Fashion,Levi's Jeans,4,2499,0,9996.0
ORD009202,2025-03-19,Mumbai,Electronics,OnePlus 12,1,64999,10,58499.1
ORD009203,2025-01-28,Hyderabad,Fashion,Nike Air Max,3,6999,0,20997.0
ORD009204,2025-11-08,Mumbai,Home,IKEA Study Table,1,12999,15,11049.15
ORD009205,2025-11-10,Bengaluru,Home,IKEA Study Table,3,12999,15,33147.45
ORD009206,2025-10-27,Kolkata,Electronics,Samsung Galaxy S24,1,74999,15,63749.15
ORD009207,2026-05-05,Ahmedabad,Electronics,Sony WH-1000XM5,4,29999,15,101996.6
ORD009208,2025-06-10,Pune,Electronics,Apple iPhone 15,1,79999,10,71999.1
ORD009209,2024-12-10,Kolkata,Electronics,Samsung Galaxy S24,1,74999,10,67499.1
ORD009210,2025-09-06,Delhi,Electronics,Sony WH-1000XM5,1,29999,10,26999.1
ORD009211,2024-08-31,Kolkata,Home,IKEA Study Table,2,12999,10,23398.2
ORD009212,2026-03-24,Chennai,Fashion,Levi's Jeans,1,2499,10,2249.1
ORD009213,2025-10-19,Hyderabad,Home,IKEA Study Table,1,12999,0,12999.0
ORD009214,2025-03-11,Pune,Fashion,Levi's Jeans,1,2499,15,2124.15
ORD009215,2025-12-05,Bengaluru,Home,Philips Air Fryer,1,8999,10,8099.1
ORD009216,2025-09-03,Kolkata,Fashion,Nike Air Max,1,6999,15,5949.15
ORD009217,2024-07-23,Bengaluru,Home,IKEA Study Table,1,12999,15,11049.15
ORD009218,2024-12-29,Kolkata,Electronics,Samsung Galaxy S24,1,74999,10,67499.1
ORD009219,2024-12-14,Pune,Home,IKEA Study Table,1,12999,0,12999.0
ORD009220,2026-04-05,Delhi,Home,IKEA Study Table,1,12999,15,11049.15
ORD009221,2025-06-03,Mumbai,Electronics,OnePlus 12,2,64999,0,129998.0
ORD009222,2024-11-24,Chennai,Electronics,Apple iPhone 15,1,79999,0,79999.0
ORD009223,2026-03-21,Kolkata,Fashion,Levi's Jeans,1,2499,0,2499.0
ORD009224,2024-06-29,Hyderabad,Electronics,Sony WH-1000XM5,1,29999,10,26999.1
ORD009225,2025-08-31,Delhi,Electronics,Apple iPhone 15,1,79999,0,79999.0
ORD009226,2026-05-19,Hyderabad,Fashion,Levi's Jeans,1,2499,5,2374.05
ORD009227,2025-06-24,Pune,Home,Philips Air Fryer,1,8999,15,7649.15
ORD009228,2025-02-26,Delhi,Electronics,OnePlus 12,1,64999,5,61749.05
ORD009229,2025-10-15,Chennai,Electronics,Apple iPhone 15,2,79999,15,135998.3
ORD009230,2026-04-14,Chennai,Electronics,Sony WH-1000XM5,1,29999,5,28499.05
ORD009231,2024-10-21,Ahmedabad,Home,IKEA Study Table,1,12999,0,12999.0
ORD009232,2025-08-17,Ahmedabad,Electronics,OnePlus 12,1,64999,0,64999.0
ORD009233,2025-05-13,Chennai,Electronics,Apple iPhone 15,1,79999,15,67999.15
ORD009234,2026-02-07,Kolkata,Home,IKEA Study Table,1,12999,5,12349.05
ORD009235,2025-08-04,Delhi,Electronics,Sony WH-1000XM5,1,29999,15,25499.15
ORD009236,2025-04-02,Kolkata,Electronics,Apple iPhone 15,1,79999,15,67999.15
ORD009237,2025-09-17,Ahmedabad,Electronics,Sony WH-1000XM5,1,29999,5,28499.05
ORD009238,2024-08-14,Kolkata,Home,Philips Air Fryer,1,8999,15,7649.15
ORD009239,2025-06-18,Mumbai,Fashion,Nike Air Max,3,6999,0,20997.0
ORD009240,2025-09-11,Mumbai,Fashion,Levi's Jeans,1,2499,10,2249.1
ORD009241,2025-05-19,Bengaluru,Home,IKEA Study Table,2,12999,15,22098.3
ORD009242,2025-05-21,Kolkata,Electronics,Apple iPhone 15,2,79999,0,159998.0
ORD009243,2025-05-27,Ahmedabad,Electronics,Sony WH-1000XM5,2,29999,5,56998.1
ORD009244,2026-03-01,Chennai,Fashion,Nike Air Max,1,6999,5,6649.05
ORD009245,2025-01-25,Chennai,Fashion,Levi's Jeans,1,2499,0,2499.0
ORD009246,2025-07-06,Ahmedabad,Fashion,Levi's Jeans,2,2499,10,4498.2
ORD009247,2024-10-07,Kolkata,Home,IKEA Study Table,1,12999,15,11049.15
ORD009248,2026-04-03,Bengaluru,Fashion,Nike Air Max,1,6999,15,5949.15
ORD009249,2026-03-16,Pune,Fashion,Levi's Jeans,2,2499,10,4498.2
ORD009250,2025-01-12,Mumbai,Home,IKEA Study Table,2,12999,10,23398.2
ORD009251,2024-11-03,Delhi,Home,IKEA Study Table,1,12999,10,11699.1
ORD009252,2024-07-24,Chennai,Electronics,Apple iPhone 15,1,79999,15,67999.15
ORD009253,2025-02-18,Chennai,Home,IKEA Study Table,1,12999,5,12349.05
ORD009254,2024-08-23,Chennai,Electronics,Apple iPhone 15,2,79999,0,159998.0
ORD009255,2024-06-24,Ahmedabad,Electronics,Samsung Galaxy S24,2,74999,0,149998.0
ORD009256,2024-11-12,Bengaluru,Home,Philips Air Fryer,1,8999,0,8999.0
ORD009257,2025-04-11,Kolkata,Electronics,Samsung Galaxy S24,1,74999,5,71249.05
ORD009258,2025-06-11,Kolkata,Electronics,Apple iPhone 15,2,79999,5,151998.1
ORD009259,2025-12-15,Pune,Fashion,Nike Air Max,1,6999,5,6649.05
ORD009260,2025-12-09,Hyderabad,Fashion,Levi's Jeans,4,2499,5,9496.2
ORD009261,2024-11-29,Kolkata,Electronics,Samsung Galaxy S24,1,74999,0,74999.0
ORD009262,2025-02-02,Delhi,Electronics,Sony WH-1000XM5,1,29999,15,25499.15
ORD009263,2025-03-01,Delhi,Electronics,Apple iPhone 15,2,79999,10,143998.2
ORD009264,2026-02-18,Delhi,Electronics,Apple iPhone 15,1,79999,10,71999.1
ORD009265,2025-12-14,Ahmedabad,Home,Philips Air Fryer,2,8999,0,17998.0
ORD009266,2024-09-22,Ahmedabad,Home,IKEA Study Table,1,12999,15,11049.15
ORD009267,2025-11-04,Ahmedabad,Fashion,Nike Air Max,2,6999,0,13998.0
ORD009268,2025-01-05,Chennai,Home,IKEA Study Table,1,12999,10,11699.1
ORD009269,2026-04-08,Hyderabad,Home,IKEA Study Table,2,12999,10,23398.2
ORD009270,2025-06-11,Kolkata,Electronics,Samsung Galaxy S24,2,74999,10,134998.2
ORD009271,2025-11-03,Chennai,Home,IKEA Study Table,3,12999,5,37047.15
ORD009272,2025-05-08,Chennai,Electronics,Apple iPhone 15,1,79999,5,75999.05
ORD009273,2025-05-22,Chennai,Electronics,Samsung Galaxy S24,1,74999,10,67499.1
ORD009274,2025-02-14,Kolkata,Home,IKEA Study Table,1,12999,10,11699.1
ORD009275,2025-11-21,Bengaluru,Fashion,Levi's Jeans,2,2499,15,4248.3
ORD009276,2026-01-16,Hyderabad,Electronics,Apple iPhone 15,1,79999,5,75999.05
ORD009277,2025-01-29,Pune,Electronics,Samsung Galaxy S24,1,74999,10,67499.1
ORD009278,2025-12-27,Hyderabad,Fashion,Nike Air Max,1,6999,15,5949.15
ORD009279,2024-06-28,Mumbai,Electronics,Sony WH-1000XM5,1,29999,15,25499.15
ORD009280,2025-02-22,Pune,Electronics,Samsung Galaxy S24,1,74999,0,74999.0
ORD009281,2025-09-01,Ahmedabad,Fashion,Nike Air Max,2,6999,15,11898.3
ORD009282,2024-07-12,Mumbai,Electronics,Samsung Galaxy S24,1,74999,10,67499.1
ORD009283,2024-06-23,Mumbai,Fashion,Levi's Jeans,1,2499,10,2249.1
ORD009284,2025-08-26,Chennai,Electronics,Apple iPhone 15,1,79999,10,71999.1
ORD009285,2026-03-06,Bengaluru,Fashion,Levi's Jeans,1,2499,5,2374.05
ORD009286,2024-09-08,Ahmedabad,Home,IKEA Study Table,1,12999,0,12999.0
ORD009287,2026-06-03,Delhi,Fashion,Levi's Jeans,2,2499,10,4498.2
ORD009288,2025-03-26,Mumbai,Fashion,Nike Air Max,1,6999,10,6299.1
ORD009289,2025-11-26,Delhi,Electronics,Sony WH-1000XM5,2,29999,15,50998.3
ORD009290,2024-10-24,Bengaluru,Electronics,Sony WH-1000XM5,1,29999,15,25499.15
ORD009291,2026-05-30,Pune,Electronics,OnePlus 12,1,64999,10,58499.1
ORD009292,2024-12-25,Delhi,Home,IKEA Study Table,1,12999,5,12349.05
ORD009293,2025-02-24,Bengaluru,Fashion,Nike Air Max,1,6999,10,6299.1
ORD009294,2025-01-30,Ahmedabad,Fashion,Levi's Jeans,1,2499,15,2124.15
ORD009295,2025-04-29,Mumbai,Electronics,Sony WH-1000XM5,2,29999,0,59998.0
ORD009296,2024-09-08,Mumbai,Electronics,Apple iPhone 15,1,79999,5,75999.05
ORD009297,2024-06-22,Kolkata,Fashion,Levi's Jeans,2,2499,15,4248.3
ORD009298,2025-12-09,Hyderabad,Electronics,OnePlus 12,2,64999,0,129998.0
ORD009299,2025-01-23,Pune,Electronics,Apple iPhone 15,2,79999,15,135998.3
ORD009300,2025-01-10,Delhi,Home,IKEA Study Table,1,12999,15,11049.15
ORD009301,2025-04-12,Pune,Electronics,Samsung Galaxy S24,1,74999,0,74999.0
ORD009302,2024-09-17,Delhi,Home,Philips Air Fryer,4,8999,0,35996.0
ORD009303,2024-09-21,Ahmedabad,Electronics,Apple iPhone 15,1,79999,10,71999.1
ORD009304,2026-04-24,Chennai,Electronics,Samsung Galaxy S24,2,74999,0,149998.0
ORD009305,2026-04-10,Chennai,Electronics,Apple iPhone 15,1,79999,10,71999.1
ORD009306,2024-09-11,Bengaluru,Fashion,Levi's Jeans,3,2499,15,6372.45
ORD009307,2024-12-27,Bengaluru,Fashion,Nike Air Max,1,6999,0,6999.0
ORD009308,2024-09-07,Bengaluru,Fashion,Nike Air Max,1,6999,0,6999.0
ORD009309,2025-08-03,Ahmedabad,Home,IKEA Study Table,1,12999,15,11049.15
ORD009310,2026-04-11,Chennai,Electronics,OnePlus 12,2,64999,5,123498.1
ORD009311,2024-09-22,Kolkata,Home,IKEA Study Table,2,12999,10,23398.2
ORD009312,2026-02-08,Kolkata,Fashion,Levi's Jeans,1,2499,0,2499.0
ORD009313,2026-01-31,Delhi,Electronics,Samsung Galaxy S24,1,74999,5,71249.05
ORD009314,2024-06-19,Pune,Electronics,Samsung Galaxy S24,2,74999,15,127498.3
ORD009315,2025-09-08,Bengaluru,Home,Philips Air Fryer,1,8999,10,8099.1
ORD009316,2026-02-17,Hyderabad,Home,Philips Air Fryer,3,8999,0,26997.0
ORD009317,2026-03-05,Chennai,Fashion,Levi's Jeans,1,2499,15,2124.15
ORD009318,2025-06-02,Pune,Electronics,Apple iPhone 15,2,79999,10,143998.2
ORD009319,2025-01-19,Hyderabad,Fashion,Nike Air Max,1,6999,10,6299.1
ORD009320,2025-09-11,Ahmedabad,Fashion,Nike Air Max,2,6999,5,13298.1
ORD009321,2024-12-31,Hyderabad,Fashion,Levi's Jeans,2,2499,10,4498.2
ORD009322,2026-05-20,Delhi,Electronics,Samsung Galaxy S24,2,74999,0,149998.0
ORD009323,2026-03-24,Kolkata,Home,IKEA Study Table,1,12999,10,11699.1
ORD009324,2025-01-17,Delhi,Home,Philips Air Fryer,1,8999,5,8549.05
ORD009325,2026-05-12,Chennai,Home,IKEA Study Table,1,12999,15,11049.15
ORD009326,2025-07-14,Kolkata,Electronics,OnePlus 12,1,64999,5,61749.05
ORD009327,2024-11-09,Hyderabad,Home,Philips Air Fryer,1,8999,15,7649.15
ORD009328,2024-11-07,Hyderabad,Electronics,Samsung Galaxy S24,1,74999,10,67499.1
ORD009329,2024-10-22,Pune,Electronics,Apple iPhone 15,2,79999,15,135998.3
ORD009330,2026-01-05,Bengaluru,Electronics,Sony WH-1000XM5,1,29999,10,26999.1
ORD009331,2024-10-18,Pune,Fashion,Nike Air Max,1,6999,15,5949.15
ORD009332,2025-08-22,Bengaluru,Electronics,Sony WH-1000XM5,1,29999,15,25499.15
ORD009333,2025-06-02,Pune,Electronics,Samsung Galaxy S24,1,74999,10,67499.1
ORD009334,2024-11-25,Chennai,Fashion,Nike Air Max,1,6999,0,6999.0
ORD009335,2025-07-10,Bengaluru,Fashion,Levi's Jeans,3,2499,10,6747.3
ORD009336,2025-02-17,Ahmedabad,Home,IKEA Study Table,1,12999,10,11699.1
ORD009337,2024-09-02,Bengaluru,Electronics,Apple iPhone 15,1,79999,10,71999.1
ORD009338,2026-02-11,Pune,Electronics,Apple iPhone 15,1,79999,15,67999.15
ORD009339,2024-09-15,Hyderabad,Electronics,OnePlus 12,1,64999,5,61749.05
ORD009340,2024-12-11,Delhi,Electronics,Apple iPhone 15,2,79999,5,151998.1
ORD009341,2026-04-09,Delhi,Home,IKEA Study Table,1,12999,0,12999.0
ORD009342,2025-05-25,Kolkata,Electronics,OnePlus 12,1,64999,5,61749.05
ORD009343,2026-04-16,Bengaluru,Electronics,Sony WH-1000XM5,1,29999,15,25499.15
ORD009344,2026-05-01,Kolkata,Home,IKEA Study Table,1,12999,15,11049.15
ORD009345,2024-11-13,Pune,Fashion,Levi's Jeans,1,2499,10,2249.1
ORD009346,2026-01-30,Kolkata,Fashion,Levi's Jeans,2,2499,15,4248.3
ORD009347,2025-10-10,Hyderabad,Fashion,Levi's Jeans,1,2499,5,2374.05
ORD009348,2024-08-22,Pune,Fashion,Levi's Jeans,2,2499,5,4748.1
ORD009349,2026-03-01,Kolkata,Electronics,Sony WH-1000XM5,1,29999,10,26999.1
ORD009350,2026-02-21,Ahmedabad,Electronics,OnePlus 12,4,64999,15,220996.6
ORD009351,2026-05-17,Chennai,Fashion,Levi's Jeans,2,2499,0,4998.0
ORD009352,2026-05-02,Kolkata,Electronics,Sony WH-1000XM5,1,29999,15,25499.15
ORD009353,2026-01-07,Delhi,Electronics,Sony WH-1000XM5,2,29999,0,59998.0
ORD009354,2026-01-10,Pune,Electronics,Samsung Galaxy S24,1,74999,5,71249.05
ORD009355,2025-04-06,Chennai,Home,IKEA Study Table,1,12999,0,12999.0
ORD009356,2025-08-16,Delhi,Electronics,Sony WH-1000XM5,1,29999,5,28499.05
ORD009357,2024-06-11,Pune,Electronics,Sony WH-1000XM5,1,29999,10,26999.1
ORD009358,2024-07-26,Hyderabad,Electronics,Apple iPhone 15,1,79999,15,67999.15
ORD009359,2025-05-18,Bengaluru,Electronics,Apple iPhone 15,1,79999,15,67999.15
ORD009360,2025-09-21,Chennai,Electronics,Apple iPhone 15,3,79999,5,227997.15
ORD009361,2025-10-10,Hyderabad,Electronics,Sony WH-1000XM5,1,29999,10,26999.1
ORD009362,2024-06-28,Chennai,Electronics,Sony WH-1000XM5,1,29999,0,29999.0
ORD009363,2026-01-25,Chennai,Home,IKEA Study Table,1,12999,0,12999.0
ORD009364,2024-07-10,Ahmedabad,Electronics,Samsung Galaxy S24,1,74999,15,63749.15
ORD009365,2025-12-15,Delhi,Electronics,Apple iPhone 15,1,79999,5,75999.05
ORD009366,2025-10-24,Ahmedabad,Home,Philips Air Fryer,1,8999,10,8099.1
ORD009367,2025-02-19,Bengaluru,Electronics,Apple iPhone 15,4,79999,15,271996.6
ORD009368,2025-05-27,Bengaluru,Electronics,OnePlus 12,1,64999,15,55249.15
ORD009369,2025-07-08,Pune,Electronics,OnePlus 12,3,64999,10,175497.3
ORD009370,2025-12-07,Pune,Electronics,OnePlus 12,3,64999,15,165747.45
ORD009371,2025-12-10,Bengaluru,Electronics,Sony WH-1000XM5,1,29999,15,25499.15
ORD009372,2025-06-06,Mumbai,Electronics,Samsung Galaxy S24,1,74999,10,67499.1
ORD009373,2025-09-15,Kolkata,Electronics,Samsung Galaxy S24,1,74999,15,63749.15
ORD009374,2025-06-28,Mumbai,Electronics,Apple iPhone 15,1,79999,0,79999.0
ORD009375,2026-01-17,Ahmedabad,Home,IKEA Study Table,2,12999,5,24698.1
ORD009376,2026-01-09,Mumbai,Home,Philips Air Fryer,1,8999,10,8099.1
ORD009377,2025-09-19,Ahmedabad,Electronics,Sony WH-1000XM5,1,29999,0,29999.0
ORD009378,2025-04-28,Kolkata,Electronics,OnePlus 12,1,64999,0,64999.0
ORD009379,2026-04-06,Mumbai,Electronics,Sony WH-1000XM5,1,29999,5,28499.05
ORD009380,2026-03-23,Delhi,Home,IKEA Study Table,1,12999,10,11699.1
ORD009381,2025-08-14,Bengaluru,Electronics,Apple iPhone 15,1,79999,0,79999.0
ORD009382,2025-03-18,Ahmedabad,Electronics,Apple iPhone 15,3,79999,10,215997.3
ORD009383,2024-07-13,Kolkata,Electronics,OnePlus 12,1,64999,0,64999.0
ORD009384,2025-07-09,Kolkata,Electronics,Apple iPhone 15,2,79999,10,143998.2
ORD009385,2025-06-17,Kolkata,Fashion,Levi's Jeans,1,2499,10,2249.1
ORD009386,2025-11-26,Kolkata,Electronics,OnePlus 12,1,64999,5,61749.05
ORD009387,2025-01-27,Bengaluru,Electronics,Sony WH-1000XM5,1,29999,10,26999.1
ORD009388,2024-12-16,Bengaluru,Electronics,OnePlus 12,1,64999,5,61749.05
ORD009389,2025-11-18,Chennai,Electronics,OnePlus 12,1,64999,5,61749.05
ORD009390,2024-08-08,Delhi,Fashion,Levi's Jeans,1,2499,10,2249.1
ORD009391,2025-09-21,Hyderabad,Fashion,Levi's Jeans,1,2499,10,2249.1
ORD009392,2025-08-24,Hyderabad,Electronics,Sony WH-1000XM5,2,29999,15,50998.3
ORD009393,2025-01-13,Mumbai,Fashion,Nike Air Max,2,6999,15,11898.3
ORD009394,2024-09-10,Hyderabad,Electronics,Apple iPhone 15,1,79999,5,75999.05
ORD009395,2024-08-02,Delhi,Home,Philips Air Fryer,1,8999,15,7649.15
ORD009396,2025-02-24,Chennai,Home,IKEA Study Table,2,12999,10,23398.2
ORD009397,2024-09-19,Delhi,Electronics,Apple iPhone 15,1,79999,10,71999.1
ORD009398,2026-04-22,Kolkata,Home,IKEA Study Table,1,12999,0,12999.0
ORD009399,2026-02-06,Delhi,Home,IKEA Study Table,4,12999,0,51996.0
ORD009400,2025-12-09,Pune,Electronics,Samsung Galaxy S24,1,74999,5,71249.05
ORD009401,2024-10-15,Mumbai,Electronics,Samsung Galaxy S24,2,74999,10,134998.2
ORD009402,2025-04-20,Pune,Fashion,Levi's Jeans,1,2499,5,2374.05
ORD009403,2024-07-26,Hyderabad,Fashion,Nike Air Max,2,6999,15,11898.3
ORD009404,2025-05-28,Hyderabad,Electronics,Apple iPhone 15,1,79999,0,79999.0
ORD009405,2026-01-16,Delhi,Home,Philips Air Fryer,1,8999,5,8549.05
ORD009406,2024-09-26,Bengaluru,Fashion,Nike Air Max,1,6999,15,5949.15
ORD009407,2024-06-19,Mumbai,Electronics,OnePlus 12,2,64999,15,110498.3
ORD009408,2025-10-11,Hyderabad,Electronics,Sony WH-1000XM5,1,29999,15,25499.15
ORD009409,2025-02-07,Delhi,Electronics,OnePlus 12,2,64999,15,110498.3
ORD009410,2024-10-01,Hyderabad,Electronics,Sony WH-1000XM5,1,29999,0,29999.0
ORD009411,2025-03-24,Delhi,Electronics,Apple iPhone 15,3,79999,5,227997.15
ORD009412,2024-10-16,Pune,Electronics,Samsung Galaxy S24,1,74999,15,63749.15
ORD009413,2025-08-02,Chennai,Home,IKEA Study Table,1,12999,10,11699.1
ORD009414,2024-11-04,Mumbai,Home,IKEA Study Table,3,12999,10,35097.3
ORD009415,2024-08-01,Mumbai,Fashion,Nike Air Max,2,6999,10,12598.2
ORD009416,2025-01-25,Mumbai,Electronics,Samsung Galaxy S24,1,74999,0,74999.0
ORD009417,2026-03-24,Delhi,Fashion,Nike Air Max,1,6999,15,5949.15
ORD009418,2025-06-28,Delhi,Fashion,Nike Air Max,1,6999,15,5949.15
ORD009419,2025-12-19,Kolkata,Fashion,Nike Air Max,1,6999,0,6999.0
ORD009420,2025-03-30,Hyderabad,Home,Philips Air Fryer,1,8999,5,8549.05
ORD009421,2025-08-14,Bengaluru,Electronics,Samsung Galaxy S24,1,74999,0,74999.0
ORD009422,2025-07-16,Kolkata,Electronics,OnePlus 12,2,64999,15,110498.3
ORD009423,2025-02-25,Chennai,Electronics,Samsung Galaxy S24,1,74999,15,63749.15
ORD009424,2026-04-08,Bengaluru,Home,Philips Air Fryer,1,8999,10,8099.1
ORD009425,2025-12-17,Kolkata,Electronics,Sony WH-1000XM5,1,29999,15,25499.15
ORD009426,2025-05-15,Mumbai,Home,IKEA Study Table,1,12999,10,11699.1
ORD009427,2024-12-21,Chennai,Fashion,Nike Air Max,1,6999,15,5949.15
ORD009428,2025-11-21,Kolkata,Electronics,Sony WH-1000XM5,1,29999,15,25499.15
ORD009429,2025-09-26,Chennai,Fashion,Nike Air Max,1,6999,0,6999.0
ORD009430,2025-11-02,Ahmedabad,Home,IKEA Study Table,3,12999,0,38997.0
ORD009431,2026-01-10,Chennai,Electronics,Sony WH-1000XM5,1,29999,0,29999.0
ORD009432,2024-08-02,Bengaluru,Electronics,Samsung Galaxy S24,1,74999,10,67499.1
ORD009433,2025-10-26,Hyderabad,Fashion,Levi's Jeans,1,2499,10,2249.1
ORD009434,2026-05-14,Kolkata,Fashion,Nike Air Max,3,6999,15,17847.45
ORD009435,2025-07-29,Kolkata,Electronics,Sony WH-1000XM5,1,29999,5,28499.05
ORD009436,2025-09-08,Hyderabad,Electronics,Samsung Galaxy S24,3,74999,15,191247.45
ORD009437,2024-08-06,Ahmedabad,Electronics,Samsung Galaxy S24,1,74999,0,74999.0
ORD009438,2024-08-20,Chennai,Home,Philips Air Fryer,1,8999,10,8099.1
ORD009439,2025-12-16,Mumbai,Electronics,Apple iPhone 15,1,79999,15,67999.15
ORD009440,2024-10-17,Pune,Electronics,Sony WH-1000XM5,1,29999,0,29999.0
ORD009441,2025-10-18,Kolkata,Home,IKEA Study Table,1,12999,0,12999.0
ORD009442,2026-05-17,Mumbai,Electronics,Apple iPhone 15,1,79999,5,75999.05
ORD009443,2025-12-08,Kolkata,Electronics,Samsung Galaxy S24,1,74999,5,71249.05
ORD009444,2024-09-06,Pune,Electronics,Sony WH-1000XM5,1,29999,0,29999.0
ORD009445,2026-05-27,Chennai,Home,IKEA Study Table,1,12999,5,12349.05
ORD009446,2024-11-09,Ahmedabad,Home,IKEA Study Table,1,12999,10,11699.1
ORD009447,2025-02-17,Pune,Fashion,Levi's Jeans,1,2499,0,2499.0
ORD009448,2025-12-30,Ahmedabad,Fashion,Nike Air Max,1,6999,5,6649.05
ORD009449,2025-03-09,Bengaluru,Electronics,Apple iPhone 15,2,79999,15,135998.3
ORD009450,2024-09-02,Hyderabad,Fashion,Levi's Jeans,1,2499,15,2124.15
ORD009451,2025-12-21,Hyderabad,Electronics,Sony WH-1000XM5,1,29999,5,28499.05
ORD009452,2024-12-20,Kolkata,Electronics,Samsung Galaxy S24,2,74999,10,134998.2
ORD009453,2025-02-15,Ahmedabad,Fashion,Nike Air Max,3,6999,15,17847.45
ORD009454,2025-12-11,Bengaluru,Electronics,OnePlus 12,1,64999,5,61749.05
ORD009455,2024-09-01,Ahmedabad,Electronics,Sony WH-1000XM5,4,29999,0,119996.0
ORD009456,2026-03-20,Pune,Fashion,Levi's Jeans,1,2499,0,2499.0
ORD009457,2025-11-09,Ahmedabad,Home,Philips Air Fryer,3,8999,10,24297.3
ORD009458,2025-10-18,Pune,Electronics,Apple iPhone 15,1,79999,10,71999.1
ORD009459,2025-10-08,Hyderabad,Fashion,Nike Air Max,2,6999,5,13298.1
ORD009460,2025-03-24,Pune,Home,Philips Air Fryer,1,8999,5,8549.05
ORD009461,2025-11-22,Chennai,Home,IKEA Study Table,1,12999,10,11699.1
ORD009462,2025-09-30,Pune,Electronics,Sony WH-1000XM5,2,29999,5,56998.1
ORD009463,2026-05-11,Chennai,Home,Philips Air Fryer,2,8999,10,16198.2
ORD009464,2025-09-03,Hyderabad,Electronics,Apple iPhone 15,1,79999,10,71999.1
ORD009465,2025-02-01,Kolkata,Electronics,Samsung Galaxy S24,1,74999,5,71249.05
ORD009466,2024-09-20,Ahmedabad,Electronics,Samsung Galaxy S24,3,74999,10,202497.3
ORD009467,2024-10-05,Kolkata,Electronics,Sony WH-1000XM5,2,29999,0,59998.0
ORD009468,2025-11-04,Chennai,Electronics,Apple iPhone 15,2,79999,15,135998.3
ORD009469,2025-05-29,Pune,Home,IKEA Study Table,2,12999,0,25998.0
ORD009470,2025-04-14,Pune,Electronics,Sony WH-1000XM5,4,29999,10,107996.4
ORD009471,2025-05-15,Hyderabad,Fashion,Nike Air Max,2,6999,10,12598.2
ORD009472,2025-04-23,Delhi,Home,IKEA Study Table,1,12999,15,11049.15
ORD009473,2026-02-03,Chennai,Electronics,Sony WH-1000XM5,1,29999,5,28499.05
ORD009474,2024-10-17,Mumbai,Home,IKEA Study Table,1,12999,15,11049.15
ORD009475,2025-08-08,Bengaluru,Electronics,Samsung Galaxy S24,2,74999,10,134998.2
ORD009476,2024-10-27,Kolkata,Fashion,Nike Air Max,2,6999,0,13998.0
ORD009477,2024-08-02,Delhi,Fashion,Nike Air Max,1,6999,0,6999.0
ORD009478,2025-01-15,Chennai,Home,IKEA Study Table,1,12999,0,12999.0
ORD009479,2025-12-19,Hyderabad,Home,Philips Air Fryer,1,8999,15,7649.15
ORD009480,2024-10-28,Bengaluru,Electronics,Apple iPhone 15,2,79999,10,143998.2
ORD009481,2025-08-17,Mumbai,Electronics,Apple iPhone 15,1,79999,10,71999.1
ORD009482,2025-10-23,Pune,Fashion,Nike Air Max,1,6999,5,6649.05
ORD009483,2025-12-05,Ahmedabad,Fashion,Levi's Jeans,1,2499,5,2374.05
ORD009484,2024-12-28,Delhi,Home,Philips Air Fryer,1,8999,15,7649.15
ORD009485,2025-08-21,Pune,Electronics,OnePlus 12,1,64999,15,55249.15
ORD009486,2026-02-25,Mumbai,Electronics,Samsung Galaxy S24,1,74999,10,67499.1
ORD009487,2024-12-07,Mumbai,Home,Philips Air Fryer,1,8999,15,7649.15
ORD009488,2024-07-12,Pune,Electronics,Apple iPhone 15,1,79999,5,75999.05
ORD009489,2025-01-27,Kolkata,Electronics,Samsung Galaxy S24,1,74999,0,74999.0
ORD009490,2024-12-29,Bengaluru,Fashion,Nike Air Max,2,6999,5,13298.1
ORD009491,2025-04-23,Bengaluru,Electronics,Sony WH-1000XM5,1,29999,0,29999.0
ORD009492,2025-05-10,Bengaluru,Fashion,Nike Air Max,1,6999,15,5949.15
ORD009493,2025-06-03,Chennai,Fashion,Nike Air Max,1,6999,5,6649.05
ORD009494,2025-02-14,Kolkata,Home,Philips Air Fryer,1,8999,5,8549.05
ORD009495,2025-02-20,Pune,Electronics,Samsung Galaxy S24,4,74999,10,269996.4
ORD009496,2025-07-01,Kolkata,Electronics,Sony WH-1000XM5,1,29999,5,28499.05
ORD009497,2025-09-04,Chennai,Home,IKEA Study Table,1,12999,5,12349.05
ORD009498,2026-02-18,Hyderabad,Home,IKEA Study Table,1,12999,15,11049.15
ORD009499,2025-05-27,Hyderabad,Electronics,OnePlus 12,3,64999,0,194997.0
ORD009500,2025-06-02,Bengaluru,Electronics,OnePlus 12,1,64999,10,58499.1
ORD009501,2025-06-19,Kolkata,Electronics,Apple iPhone 15,1,79999,5,75999.05
ORD009502,2025-10-29,Pune,Fashion,Levi's Jeans,1,2499,15,2124.15
ORD009503,2025-01-17,Chennai,Fashion,Levi's Jeans,1,2499,0,2499.0
ORD009504,2024-07-24,Delhi,Electronics,OnePlus 12,2,64999,10,116998.2
ORD009505,2025-01-05,Chennai,Electronics,Apple iPhone 15,3,79999,10,215997.3
ORD009506,2026-05-02,Ahmedabad,Home,IKEA Study Table,1,12999,5,12349.05
ORD009507,2025-08-13,Kolkata,Fashion,Levi's Jeans,2,2499,5,4748.1
ORD009508,2024-10-30,Kolkata,Electronics,Sony WH-1000XM5,1,29999,10,26999.1
ORD009509,2025-10-24,Ahmedabad,Electronics,OnePlus 12,1,64999,0,64999.0
ORD009510,2026-04-17,Pune,Electronics,Samsung Galaxy S24,1,74999,5,71249.05
ORD009511,2025-01-28,Pune,Electronics,Sony WH-1000XM5,1,29999,0,29999.0
ORD009512,2025-04-29,Pune,Electronics,Sony WH-1000XM5,2,29999,0,59998.0
ORD009513,2025-07-18,Chennai,Electronics,Apple iPhone 15,1,79999,5,75999.05
ORD009514,2025-09-04,Ahmedabad,Electronics,Apple iPhone 15,1,79999,10,71999.1
ORD009515,2026-05-16,Pune,Fashion,Levi's Jeans,4,2499,10,8996.4
ORD009516,2026-05-06,Bengaluru,Electronics,OnePlus 12,1,64999,5,61749.05
ORD009517,2025-03-01,Kolkata,Electronics,Sony WH-1000XM5,3,29999,0,89997.0
ORD009518,2025-12-28,Kolkata,Electronics,Sony WH-1000XM5,1,29999,10,26999.1
ORD009519,2025-02-21,Delhi,Electronics,Apple iPhone 15,3,79999,10,215997.3
ORD009520,2024-11-19,Chennai,Electronics,Samsung Galaxy S24,1,74999,0,74999.0
ORD009521,2024-10-17,Kolkata,Home,IKEA Study Table,4,12999,5,49396.2
ORD009522,2025-09-25,Ahmedabad,Electronics,OnePlus 12,1,64999,0,64999.0
ORD009523,2025-11-05,Mumbai,Electronics,OnePlus 12,1,64999,0,64999.0
ORD009524,2024-06-28,Pune,Electronics,Sony WH-1000XM5,1,29999,10,26999.1
ORD009525,2024-08-30,Hyderabad,Electronics,Sony WH-1000XM5,1,29999,15,25499.15
ORD009526,2026-04-28,Mumbai,Fashion,Levi's Jeans,2,2499,5,4748.1
ORD009527,2026-05-02,Kolkata,Electronics,Sony WH-1000XM5,1,29999,10,26999.1
ORD009528,2025-06-26,Delhi,Electronics,Sony WH-1000XM5,1,29999,0,29999.0
ORD009529,2025-03-17,Hyderabad,Electronics,Sony WH-1000XM5,1,29999,10,26999.1
ORD009530,2024-07-30,Chennai,Home,Philips Air Fryer,1,8999,10,8099.1
ORD009531,2025-07-18,Mumbai,Fashion,Levi's Jeans,1,2499,15,2124.15
ORD009532,2025-07-21,Chennai,Electronics,Apple iPhone 15,1,79999,5,75999.05
ORD009533,2025-12-17,Delhi,Fashion,Nike Air Max,2,6999,5,13298.1
ORD009534,2025-02-13,Pune,Fashion,Levi's Jeans,1,2499,0,2499.0
ORD009535,2025-10-13,Delhi,Electronics,Apple iPhone 15,2,79999,5,151998.1
ORD009536,2025-05-11,Hyderabad,Fashion,Nike Air Max,1,6999,5,6649.05
ORD009537,2026-04-22,Chennai,Home,IKEA Study Table,1,12999,5,12349.05
ORD009538,2024-08-22,Kolkata,Home,IKEA Study Table,2,12999,5,24698.1
ORD009539,2025-06-07,Hyderabad,Electronics,Samsung Galaxy S24,4,74999,15,254996.6
ORD009540,2026-02-16,Delhi,Electronics,Samsung Galaxy S24,1,74999,5,71249.05
ORD009541,2025-07-11,Ahmedabad,Electronics,Apple iPhone 15,1,79999,0,79999.0
ORD009542,2026-03-06,Mumbai,Home,Philips Air Fryer,1,8999,15,7649.15
ORD009543,2024-06-10,Pune,Home,Philips Air Fryer,1,8999,5,8549.05
ORD009544,2024-12-09,Ahmedabad,Electronics,Samsung Galaxy S24,1,74999,0,74999.0
ORD009545,2024-12-20,Chennai,Electronics,Samsung Galaxy S24,4,74999,10,269996.4
ORD009546,2025-02-27,Kolkata,Electronics,Sony WH-1000XM5,1,29999,5,28499.05
ORD009547,2026-02-26,Hyderabad,Electronics,Sony WH-1000XM5,2,29999,5,56998.1
ORD009548,2024-06-18,Pune,Electronics,Apple iPhone 15,1,79999,15,67999.15
ORD009549,2025-07-17,Kolkata,Home,IKEA Study Table,1,12999,5,12349.05
ORD009550,2025-03-23,Bengaluru,Electronics,Sony WH-1000XM5,1,29999,0,29999.0
ORD009551,2025-07-08,Chennai,Electronics,Apple iPhone 15,3,79999,10,215997.3
ORD009552,2025-06-04,Pune,Electronics,OnePlus 12,1,64999,5,61749.05
ORD009553,2025-11-26,Kolkata,Home,Philips Air Fryer,1,8999,10,8099.1
ORD009554,2025-07-04,Hyderabad,Fashion,Levi's Jeans,1,2499,15,2124.15
ORD009555,2024-10-11,Chennai,Home,IKEA Study Table,1,12999,10,11699.1
ORD009556,2026-02-17,Bengaluru,Electronics,Apple iPhone 15,2,79999,10,143998.2
ORD009557,2024-12-24,Ahmedabad,Electronics,Apple iPhone 15,1,79999,5,75999.05
ORD009558,2025-09-11,Bengaluru,Home,IKEA Study Table,2,12999,0,25998.0
ORD009559,2025-11-24,Mumbai,Electronics,Apple iPhone 15,2,79999,5,151998.1
ORD009560,2026-05-11,Delhi,Fashion,Nike Air Max,1,6999,0,6999.0
ORD009561,2025-08-25,Mumbai,Fashion,Nike Air Max,2,6999,10,12598.2
ORD009562,2024-07-11,Hyderabad,Electronics,Samsung Galaxy S24,1,74999,15,63749.15
ORD009563,2025-05-19,Kolkata,Fashion,Levi's Jeans,1,2499,10,2249.1
ORD009564,2026-03-21,Hyderabad,Electronics,Samsung Galaxy S24,2,74999,15,127498.3
ORD009565,2024-10-20,Chennai,Fashion,Levi's Jeans,4,2499,0,9996.0
ORD009566,2024-12-27,Pune,Fashion,Levi's Jeans,1,2499,10,2249.1
ORD009567,2025-07-11,Ahmedabad,Fashion,Nike Air Max,3,6999,10,18897.3
ORD009568,2024-07-28,Mumbai,Home,IKEA Study Table,2,12999,10,23398.2
ORD009569,2025-10-22,Kolkata,Electronics,OnePlus 12,1,64999,15,55249.15
ORD009570,2025-10-04,Mumbai,Fashion,Nike Air Max,2,6999,5,13298.1
ORD009571,2026-01-21,Pune,Electronics,Apple iPhone 15,1,79999,10,71999.1
ORD009572,2024-12-14,Mumbai,Fashion,Levi's Jeans,3,2499,10,6747.3
ORD009573,2024-11-22,Pune,Home,Philips Air Fryer,2,8999,0,17998.0
ORD009574,2025-12-17,Ahmedabad,Fashion,Levi's Jeans,2,2499,10,4498.2
ORD009575,2025-07-04,Mumbai,Fashion,Nike Air Max,1,6999,10,6299.1
ORD009576,2024-12-11,Mumbai,Electronics,Apple iPhone 15,1,79999,10,71999.1
ORD009577,2024-07-02,Hyderabad,Electronics,Apple iPhone 15,1,79999,15,67999.15
ORD009578,2025-12-10,Ahmedabad,Fashion,Nike Air Max,1,6999,15,5949.15
ORD009579,2025-01-28,Chennai,Electronics,Sony WH-1000XM5,1,29999,15,25499.15
ORD009580,2024-07-26,Hyderabad,Electronics,OnePlus 12,1,64999,0,64999.0
ORD009581,2024-12-07,Ahmedabad,Electronics,OnePlus 12,3,64999,15,165747.45
ORD009582,2025-09-07,Mumbai,Electronics,OnePlus 12,1,64999,15,55249.15
ORD009583,2025-03-17,Kolkata,Electronics,Samsung Galaxy S24,4,74999,0,299996.0
ORD009584,2025-09-14,Pune,Fashion,Nike Air Max,2,6999,0,13998.0
ORD009585,2025-04-23,Ahmedabad,Electronics,OnePlus 12,2,64999,0,129998.0
ORD009586,2025-03-07,Mumbai,Fashion,Nike Air Max,1,6999,10,6299.1
ORD009587,2024-07-25,Mumbai,Electronics,Samsung Galaxy S24,1,74999,10,67499.1
ORD009588,2026-02-22,Mumbai,Fashion,Levi's Jeans,1,2499,10,2249.1
ORD009589,2025-07-28,Kolkata,Home,IKEA Study Table,3,12999,0,38997.0
ORD009590,2024-06-15,Hyderabad,Fashion,Levi's Jeans,1,2499,15,2124.15
ORD009591,2025-04-24,Ahmedabad,Home,IKEA Study Table,3,12999,15,33147.45
ORD009592,2024-11-30,Mumbai,Electronics,Sony WH-1000XM5,2,29999,0,59998.0
ORD009593,2026-01-29,Delhi,Electronics,Sony WH-1000XM5,2,29999,5,56998.1
ORD009594,2024-10-31,Kolkata,Electronics,Samsung Galaxy S24,1,74999,15,63749.15
ORD009595,2025-01-30,Ahmedabad,Electronics,Apple iPhone 15,1,79999,10,71999.1
ORD009596,2024-08-10,Hyderabad,Electronics,Samsung Galaxy S24,1,74999,10,67499.1
ORD009597,2025-04-20,Hyderabad,Fashion,Levi's Jeans,1,2499,15,2124.15
ORD009598,2026-04-03,Hyderabad,Fashion,Nike Air Max,2,6999,5,13298.1
ORD009599,2024-10-05,Bengaluru,Fashion,Levi's Jeans,1,2499,5,2374.05
ORD009600,2024-10-30,Kolkata,Electronics,Samsung Galaxy S24,3,74999,5,213747.15
ORD009601,2026-03-08,Kolkata,Electronics,OnePlus 12,1,64999,10,58499.1
ORD009602,2025-06-21,Chennai,Electronics,OnePlus 12,2,64999,15,110498.3
ORD009603,2026-01-22,Hyderabad,Electronics,Samsung Galaxy S24,2,74999,10,134998.2
ORD009604,2025-06-30,Hyderabad,Fashion,Levi's Jeans,1,2499,0,2499.0
ORD009605,2025-05-04,Ahmedabad,Home,Philips Air Fryer,1,8999,10,8099.1
ORD009606,2026-03-09,Hyderabad,Electronics,Sony WH-1000XM5,3,29999,5,85497.15
ORD009607,2026-04-28,Delhi,Home,IKEA Study Table,1,12999,15,11049.15
ORD009608,2026-05-26,Ahmedabad,Home,IKEA Study Table,1,12999,15,11049.15
ORD009609,2025-12-26,Delhi,Fashion,Levi's Jeans,3,2499,15,6372.45
ORD009610,2025-08-07,Delhi,Home,IKEA Study Table,1,12999,10,11699.1
ORD009611,2024-10-17,Pune,Fashion,Levi's Jeans,3,2499,10,6747.3
ORD009612,2025-01-19,Pune,Electronics,Samsung Galaxy S24,3,74999,15,191247.45
ORD009613,2024-10-20,Hyderabad,Home,Philips Air Fryer,1,8999,15,7649.15
ORD009614,2025-09-26,Ahmedabad,Home,IKEA Study Table,1,12999,15,11049.15
ORD009615,2025-11-02,Mumbai,Home,Philips Air Fryer,2,8999,15,15298.3
ORD009616,2024-07-24,Chennai,Electronics,Samsung Galaxy S24,1,74999,5,71249.05
ORD009617,2025-01-19,Bengaluru,Electronics,OnePlus 12,1,64999,10,58499.1
ORD009618,2026-01-20,Pune,Fashion,Nike Air Max,1,6999,5,6649.05
ORD009619,2025-01-11,Mumbai,Home,IKEA Study Table,1,12999,15,11049.15
ORD009620,2024-08-06,Chennai,Fashion,Nike Air Max,1,6999,15,5949.15
ORD009621,2026-04-15,Ahmedabad,Electronics,Samsung Galaxy S24,1,74999,10,67499.1
ORD009622,2024-10-28,Kolkata,Electronics,Sony WH-1000XM5,2,29999,15,50998.3
ORD009623,2025-08-12,Kolkata,Electronics,Apple iPhone 15,2,79999,10,143998.2
ORD009624,2026-05-04,Hyderabad,Home,IKEA Study Table,4,12999,0,51996.0
ORD009625,2026-05-06,Kolkata,Electronics,Apple iPhone 15,1,79999,15,67999.15
ORD009626,2026-02-22,Mumbai,Electronics,Apple iPhone 15,1,79999,10,71999.1
ORD009627,2025-08-27,Hyderabad,Electronics,Samsung Galaxy S24,1,74999,10,67499.1
ORD009628,2024-09-17,Kolkata,Fashion,Levi's Jeans,1,2499,10,2249.1
ORD009629,2024-10-19,Delhi,Fashion,Nike Air Max,1,6999,15,5949.15
ORD009630,2025-09-24,Hyderabad,Home,IKEA Study Table,1,12999,10,11699.1
ORD009631,2025-11-05,Kolkata,Fashion,Nike Air Max,1,6999,10,6299.1
ORD009632,2025-01-25,Delhi,Home,Philips Air Fryer,3,8999,15,22947.45
ORD009633,2026-01-03,Bengaluru,Electronics,Sony WH-1000XM5,2,29999,10,53998.2
ORD009634,2026-03-29,Mumbai,Electronics,Apple iPhone 15,2,79999,10,143998.2
ORD009635,2024-06-15,Kolkata,Fashion,Nike Air Max,4,6999,0,27996.0
ORD009636,2025-12-19,Bengaluru,Electronics,OnePlus 12,1,64999,15,55249.15
ORD009637,2025-04-29,Kolkata,Electronics,OnePlus 12,1,64999,10,58499.1
ORD009638,2026-06-03,Bengaluru,Electronics,Apple iPhone 15,3,79999,10,215997.3
ORD009639,2024-10-05,Delhi,Home,Philips Air Fryer,2,8999,0,17998.0
ORD009640,2025-09-15,Bengaluru,Home,Philips Air Fryer,3,8999,0,26997.0
ORD009641,2026-04-27,Hyderabad,Home,IKEA Study Table,1,12999,10,11699.1
ORD009642,2025-12-11,Delhi,Electronics,OnePlus 12,2,64999,10,116998.2
ORD009643,2024-10-03,Ahmedabad,Fashion,Nike Air Max,1,6999,15,5949.15
ORD009644,2025-08-26,Kolkata,Electronics,Samsung Galaxy S24,1,74999,5,71249.05
ORD009645,2026-05-30,Hyderabad,Home,IKEA Study Table,3,12999,15,33147.45
ORD009646,2025-12-04,Ahmedabad,Electronics,OnePlus 12,1,64999,0,64999.0
ORD009647,2024-08-17,Pune,Fashion,Levi's Jeans,1,2499,0,2499.0
ORD009648,2025-12-29,Chennai,Home,Philips Air Fryer,1,8999,15,7649.15
ORD009649,2026-03-14,Bengaluru,Electronics,Apple iPhone 15,3,79999,15,203997.45
ORD009650,2025-04-29,Mumbai,Fashion,Nike Air Max,2,6999,10,12598.2
ORD009651,2025-07-12,Chennai,Electronics,Samsung Galaxy S24,1,74999,0,74999.0
ORD009652,2025-11-29,Kolkata,Home,Philips Air Fryer,2,8999,0,17998.0
ORD009653,2025-12-26,Mumbai,Electronics,OnePlus 12,1,64999,15,55249.15
ORD009654,2025-11-18,Delhi,Electronics,Apple iPhone 15,1,79999,5,75999.05
ORD009655,2024-10-12,Bengaluru,Fashion,Levi's Jeans,2,2499,0,4998.0
ORD009656,2024-11-19,Hyderabad,Electronics,Sony WH-1000XM5,3,29999,15,76497.45
ORD009657,2026-05-14,Bengaluru,Electronics,Sony WH-1000XM5,1,29999,15,25499.15
ORD009658,2024-12-02,Mumbai,Fashion,Levi's Jeans,2,2499,0,4998.0
ORD009659,2024-08-19,Pune,Electronics,Samsung Galaxy S24,2,74999,10,134998.2
ORD009660,2024-07-31,Hyderabad,Electronics,Samsung Galaxy S24,2,74999,5,142498.1
ORD009661,2026-03-29,Delhi,Home,Philips Air Fryer,3,8999,0,26997.0
ORD009662,2025-11-06,Kolkata,Electronics,Samsung Galaxy S24,4,74999,5,284996.2
ORD009663,2026-05-06,Chennai,Electronics,Samsung Galaxy S24,1,74999,10,67499.1
ORD009664,2024-12-07,Mumbai,Electronics,Samsung Galaxy S24,4,74999,5,284996.2
ORD009665,2025-03-14,Chennai,Electronics,Sony WH-1000XM5,2,29999,0,59998.0
ORD009666,2025-02-20,Hyderabad,Home,Philips Air Fryer,4,8999,15,30596.6
ORD009667,2025-01-02,Delhi,Electronics,OnePlus 12,1,64999,10,58499.1
ORD009668,2024-08-20,Hyderabad,Electronics,Sony WH-1000XM5,2,29999,10,53998.2
ORD009669,2026-06-05,Ahmedabad,Electronics,OnePlus 12,1,64999,10,58499.1
ORD009670,2024-07-29,Delhi,Electronics,Sony WH-1000XM5,1,29999,15,25499.15
ORD009671,2025-01-19,Mumbai,Fashion,Levi's Jeans,2,2499,10,4498.2
ORD009672,2024-09-10,Kolkata,Electronics,Sony WH-1000XM5,1,29999,5,28499.05
ORD009673,2025-08-21,Kolkata,Home,IKEA Study Table,2,12999,0,25998.0
ORD009674,2026-03-27,Bengaluru,Electronics,Sony WH-1000XM5,2,29999,15,50998.3
ORD009675,2025-05-07,Chennai,Fashion,Nike Air Max,1,6999,10,6299.1
ORD009676,2025-05-01,Bengaluru,Electronics,Sony WH-1000XM5,1,29999,15,25499.15
ORD009677,2024-07-31,Delhi,Fashion,Levi's Jeans,3,2499,10,6747.3
ORD009678,2025-05-24,Kolkata,Home,IKEA Study Table,1,12999,15,11049.15
ORD009679,2026-03-10,Pune,Electronics,Sony WH-1000XM5,2,29999,10,53998.2
ORD009680,2025-11-12,Kolkata,Electronics,OnePlus 12,3,64999,15,165747.45
ORD009681,2025-02-11,Hyderabad,Electronics,OnePlus 12,1,64999,15,55249.15
ORD009682,2024-08-24,Pune,Home,IKEA Study Table,2,12999,15,22098.3
ORD009683,2025-04-21,Ahmedabad,Electronics,Apple iPhone 15,1,79999,15,67999.15
ORD009684,2026-02-14,Chennai,Electronics,OnePlus 12,1,64999,15,55249.15
ORD009685,2025-12-02,Pune,Electronics,OnePlus 12,2,64999,10,116998.2
ORD009686,2025-01-23,Mumbai,Fashion,Nike Air Max,1,6999,0,6999.0
ORD009687,2024-06-24,Hyderabad,Electronics,OnePlus 12,1,64999,0,64999.0
ORD009688,2025-02-09,Kolkata,Electronics,Samsung Galaxy S24,2,74999,0,149998.0
ORD009689,2025-01-13,Hyderabad,Electronics,Samsung Galaxy S24,1,74999,5,71249.05
ORD009690,2025-04-13,Kolkata,Electronics,Sony WH-1000XM5,2,29999,5,56998.1
ORD009691,2025-03-30,Ahmedabad,Electronics,Apple iPhone 15,4,79999,5,303996.2
ORD009692,2025-08-31,Hyderabad,Fashion,Nike Air Max,1,6999,0,6999.0
ORD009693,2026-02-08,Chennai,Home,Philips Air Fryer,1,8999,10,8099.1
ORD009694,2025-04-16,Chennai,Electronics,Apple iPhone 15,1,79999,5,75999.05
ORD009695,2025-08-27,Mumbai,Electronics,Sony WH-1000XM5,3,29999,0,89997.0
ORD009696,2025-07-28,Chennai,Electronics,Samsung Galaxy S24,2,74999,10,134998.2
ORD009697,2025-09-16,Pune,Home,Philips Air Fryer,1,8999,5,8549.05
ORD009698,2025-05-09,Pune,Electronics,Sony WH-1000XM5,1,29999,0,29999.0
ORD009699,2025-05-27,Pune,Home,IKEA Study Table,1,12999,5,12349.05
ORD009700,2025-04-25,Kolkata,Home,IKEA Study Table,1,12999,0,12999.0
ORD009701,2025-05-08,Kolkata,Electronics,Sony WH-1000XM5,1,29999,0,29999.0
ORD009702,2024-10-10,Kolkata,Electronics,Sony WH-1000XM5,1,29999,5,28499.05
ORD009703,2025-05-06,Pune,Electronics,Apple iPhone 15,1,79999,0,79999.0
ORD009704,2024-11-13,Bengaluru,Fashion,Levi's Jeans,1,2499,15,2124.15
ORD009705,2026-01-12,Bengaluru,Electronics,Samsung Galaxy S24,2,74999,5,142498.1
ORD009706,2026-02-21,Ahmedabad,Fashion,Levi's Jeans,1,2499,0,2499.0
ORD009707,2024-11-15,Chennai,Electronics,Samsung Galaxy S24,1,74999,15,63749.15
ORD009708,2025-10-25,Ahmedabad,Fashion,Levi's Jeans,2,2499,15,4248.3
ORD009709,2025-09-03,Pune,Electronics,Apple iPhone 15,1,79999,10,71999.1
ORD009710,2025-02-28,Hyderabad,Fashion,Levi's Jeans,1,2499,0,2499.0
ORD009711,2024-12-09,Mumbai,Home,IKEA Study Table,1,12999,0,12999.0
ORD009712,2025-02-04,Chennai,Fashion,Levi's Jeans,1,2499,0,2499.0
ORD009713,2025-03-07,Chennai,Electronics,Sony WH-1000XM5,3,29999,0,89997.0
ORD009714,2024-08-27,Kolkata,Home,Philips Air Fryer,1,8999,5,8549.05
ORD009715,2025-12-16,Hyderabad,Home,Philips Air Fryer,2,8999,5,17098.1
ORD009716,2025-04-13,Ahmedabad,Home,IKEA Study Table,4,12999,15,44196.6
ORD009717,2026-03-19,Chennai,Electronics,Apple iPhone 15,2,79999,10,143998.2
ORD009718,2025-12-06,Chennai,Home,Philips Air Fryer,1,8999,15,7649.15
ORD009719,2025-09-04,Bengaluru,Electronics,Apple iPhone 15,2,79999,5,151998.1
ORD009720,2026-03-18,Mumbai,Fashion,Levi's Jeans,1,2499,10,2249.1
ORD009721,2025-03-20,Ahmedabad,Home,Philips Air Fryer,1,8999,10,8099.1
ORD009722,2025-12-22,Chennai,Electronics,Samsung Galaxy S24,2,74999,15,127498.3
ORD009723,2024-10-26,Kolkata,Fashion,Levi's Jeans,3,2499,5,7122.15
ORD009724,2025-09-12,Hyderabad,Home,IKEA Study Table,1,12999,0,12999.0
ORD009725,2026-05-12,Mumbai,Electronics,Samsung Galaxy S24,1,74999,10,67499.1
ORD009726,2025-07-26,Chennai,Electronics,Samsung Galaxy S24,1,74999,10,67499.1
ORD009727,2024-11-19,Ahmedabad,Home,IKEA Study Table,1,12999,5,12349.05
ORD009728,2024-11-28,Chennai,Home,IKEA Study Table,2,12999,15,22098.3
ORD009729,2024-11-28,Pune,Electronics,Apple iPhone 15,1,79999,10,71999.1
ORD009730,2024-07-11,Bengaluru,Fashion,Levi's Jeans,3,2499,10,6747.3
ORD009731,2024-06-14,Kolkata,Fashion,Levi's Jeans,2,2499,15,4248.3
ORD009732,2025-02-02,Chennai,Electronics,Apple iPhone 15,1,79999,0,79999.0
ORD009733,2026-03-26,Delhi,Electronics,Apple iPhone 15,1,79999,0,79999.0
ORD009734,2025-11-28,Bengaluru,Home,IKEA Study Table,2,12999,15,22098.3
ORD009735,2025-04-02,Mumbai,Home,Philips Air Fryer,1,8999,15,7649.15
ORD009736,2026-05-21,Ahmedabad,Fashion,Levi's Jeans,1,2499,0,2499.0
ORD009737,2026-02-06,Kolkata,Electronics,Samsung Galaxy S24,1,74999,0,74999.0
ORD009738,2025-05-19,Kolkata,Home,Philips Air Fryer,2,8999,0,17998.0
ORD009739,2025-08-13,Hyderabad,Electronics,Apple iPhone 15,1,79999,0,79999.0
ORD009740,2024-08-24,Bengaluru,Electronics,Sony WH-1000XM5,1,29999,15,25499.15
ORD009741,2024-11-25,Ahmedabad,Electronics,Sony WH-1000XM5,1,29999,15,25499.15
ORD009742,2026-03-09,Chennai,Home,Philips Air Fryer,2,8999,0,17998.0
ORD009743,2024-10-15,Pune,Fashion,Levi's Jeans,1,2499,15,2124.15
ORD009744,2024-07-31,Ahmedabad,Fashion,Nike Air Max,1,6999,15,5949.15
ORD009745,2024-12-26,Chennai,Electronics,Apple iPhone 15,1,79999,15,67999.15
ORD009746,2024-09-20,Mumbai,Electronics,Samsung Galaxy S24,2,74999,0,149998.0
ORD009747,2024-06-19,Bengaluru,Home,IKEA Study Table,3,12999,10,35097.3
ORD009748,2024-07-10,Kolkata,Fashion,Levi's Jeans,4,2499,10,8996.4
ORD009749,2025-03-14,Kolkata,Home,Philips Air Fryer,1,8999,15,7649.15
ORD009750,2024-12-23,Ahmedabad,Home,IKEA Study Table,2,12999,15,22098.3
ORD009751,2024-12-12,Bengaluru,Home,IKEA Study Table,1,12999,0,12999.0
ORD009752,2024-10-09,Hyderabad,Electronics,OnePlus 12,1,64999,5,61749.05
ORD009753,2025-10-15,Bengaluru,Electronics,Samsung Galaxy S24,1,74999,0,74999.0
ORD009754,2025-11-19,Bengaluru,Electronics,Samsung Galaxy S24,1,74999,15,63749.15
ORD009755,2025-07-07,Delhi,Fashion,Nike Air Max,2,6999,5,13298.1
ORD009756,2025-04-11,Hyderabad,Home,Philips Air Fryer,4,8999,15,30596.6
ORD009757,2025-01-23,Bengaluru,Electronics,Apple iPhone 15,3,79999,0,239997.0
ORD009758,2026-06-07,Hyderabad,Electronics,Apple iPhone 15,1,79999,10,71999.1
ORD009759,2025-11-05,Mumbai,Home,IKEA Study Table,2,12999,15,22098.3
ORD009760,2024-06-09,Chennai,Electronics,Samsung Galaxy S24,1,74999,5,71249.05
ORD009761,2024-12-20,Delhi,Home,Philips Air Fryer,2,8999,0,17998.0
ORD009762,2024-09-24,Mumbai,Home,Philips Air Fryer,1,8999,0,8999.0
ORD009763,2025-04-22,Pune,Electronics,OnePlus 12,1,64999,0,64999.0
ORD009764,2024-07-14,Mumbai,Home,Philips Air Fryer,3,8999,5,25647.15
ORD009765,2024-12-09,Mumbai,Home,Philips Air Fryer,2,8999,15,15298.3
ORD009766,2026-03-19,Chennai,Electronics,Sony WH-1000XM5,3,29999,10,80997.3
ORD009767,2025-09-29,Kolkata,Electronics,Samsung Galaxy S24,1,74999,15,63749.15
ORD009768,2025-09-30,Ahmedabad,Home,Philips Air Fryer,2,8999,15,15298.3
ORD009769,2024-06-24,Chennai,Electronics,OnePlus 12,4,64999,15,220996.6
ORD009770,2024-12-23,Ahmedabad,Home,Philips Air Fryer,3,8999,5,25647.15
ORD009771,2024-10-04,Delhi,Electronics,Apple iPhone 15,1,79999,10,71999.1
ORD009772,2025-10-13,Bengaluru,Home,Philips Air Fryer,1,8999,5,8549.05
ORD009773,2025-07-15,Chennai,Electronics,Apple iPhone 15,2,79999,5,151998.1
ORD009774,2024-07-16,Ahmedabad,Fashion,Levi's Jeans,1,2499,0,2499.0
ORD009775,2026-03-30,Kolkata,Fashion,Levi's Jeans,1,2499,15,2124.15
ORD009776,2026-01-15,Pune,Electronics,Sony WH-1000XM5,2,29999,15,50998.3
ORD009777,2026-03-28,Pune,Electronics,Sony WH-1000XM5,2,29999,10,53998.2
ORD009778,2025-07-09,Ahmedabad,Electronics,Apple iPhone 15,4,79999,0,319996.0
ORD009779,2025-02-20,Hyderabad,Home,Philips Air Fryer,1,8999,10,8099.1
ORD009780,2025-06-12,Mumbai,Electronics,Sony WH-1000XM5,3,29999,5,85497.15
ORD009781,2025-02-03,Delhi,Electronics,Apple iPhone 15,1,79999,0,79999.0
ORD009782,2024-10-31,Mumbai,Fashion,Nike Air Max,2,6999,15,11898.3
ORD009783,2024-10-29,Hyderabad,Home,IKEA Study Table,3,12999,15,33147.45
ORD009784,2024-08-30,Hyderabad,Electronics,Sony WH-1000XM5,1,29999,0,29999.0
ORD009785,2026-05-30,Chennai,Fashion,Levi's Jeans,1,2499,0,2499.0
ORD009786,2026-03-21,Mumbai,Electronics,Sony WH-1000XM5,1,29999,15,25499.15
ORD009787,2026-01-16,Bengaluru,Electronics,OnePlus 12,1,64999,0,64999.0
ORD009788,2024-12-23,Pune,Home,IKEA Study Table,1,12999,10,11699.1
ORD009789,2025-09-17,Chennai,Electronics,Sony WH-1000XM5,1,29999,0,29999.0
ORD009790,2026-04-12,Chennai,Electronics,Apple iPhone 15,3,79999,0,239997.0
ORD009791,2024-10-14,Delhi,Home,IKEA Study Table,1,12999,15,11049.15
ORD009792,2024-07-13,Kolkata,Electronics,Apple iPhone 15,1,79999,5,75999.05
ORD009793,2025-04-30,Bengaluru,Fashion,Levi's Jeans,1,2499,5,2374.05
ORD009794,2025-05-05,Bengaluru,Fashion,Nike Air Max,2,6999,15,11898.3
ORD009795,2024-06-19,Mumbai,Fashion,Nike Air Max,1,6999,5,6649.05
ORD009796,2025-03-19,Pune,Fashion,Nike Air Max,2,6999,10,12598.2
ORD009797,2025-04-18,Pune,Fashion,Nike Air Max,2,6999,0,13998.0
ORD009798,2025-11-12,Kolkata,Electronics,Sony WH-1000XM5,1,29999,10,26999.1
ORD009799,2024-12-30,Kolkata,Electronics,Samsung Galaxy S24,1,74999,15,63749.15
ORD009800,2026-05-13,Pune,Fashion,Nike Air Max,1,6999,10,6299.1
ORD009801,2025-10-10,Hyderabad,Electronics,Sony WH-1000XM5,4,29999,0,119996.0
ORD009802,2025-05-22,Pune,Electronics,Samsung Galaxy S24,1,74999,10,67499.1
ORD009803,2025-07-20,Mumbai,Fashion,Levi's Jeans,1,2499,0,2499.0
ORD009804,2024-12-13,Hyderabad,Home,IKEA Study Table,1,12999,0,12999.0
ORD009805,2025-03-19,Delhi,Fashion,Nike Air Max,1,6999,15,5949.15
ORD009806,2024-12-10,Kolkata,Electronics,Sony WH-1000XM5,2,29999,5,56998.1
ORD009807,2025-10-27,Ahmedabad,Home,Philips Air Fryer,2,8999,5,17098.1
ORD009808,2024-08-10,Delhi,Fashion,Levi's Jeans,1,2499,15,2124.15
ORD009809,2025-07-11,Chennai,Electronics,Apple iPhone 15,1,79999,5,75999.05
ORD009810,2025-12-31,Ahmedabad,Electronics,OnePlus 12,3,64999,0,194997.0
ORD009811,2026-04-24,Ahmedabad,Electronics,Apple iPhone 15,1,79999,5,75999.05
ORD009812,2024-07-23,Hyderabad,Electronics,Apple iPhone 15,1,79999,5,75999.05
ORD009813,2025-12-12,Hyderabad,Electronics,Samsung Galaxy S24,1,74999,5,71249.05
ORD009814,2024-06-17,Pune,Electronics,Samsung Galaxy S24,1,74999,10,67499.1
ORD009815,2025-08-02,Hyderabad,Electronics,Sony WH-1000XM5,3,29999,15,76497.45
ORD009816,2025-05-25,Ahmedabad,Electronics,Sony WH-1000XM5,1,29999,5,28499.05
ORD009817,2024-08-09,Pune,Fashion,Nike Air Max,2,6999,5,13298.1
ORD009818,2026-04-24,Hyderabad,Fashion,Levi's Jeans,3,2499,10,6747.3
ORD009819,2024-09-21,Chennai,Fashion,Nike Air Max,4,6999,0,27996.0
ORD009820,2025-02-17,Pune,Electronics,Apple iPhone 15,2,79999,10,143998.2
ORD009821,2025-04-03,Pune,Fashion,Levi's Jeans,1,2499,5,2374.05
ORD009822,2026-04-07,Ahmedabad,Home,IKEA Study Table,2,12999,15,22098.3
ORD009823,2025-01-29,Bengaluru,Electronics,Sony WH-1000XM5,1,29999,0,29999.0
ORD009824,2025-08-08,Delhi,Electronics,Sony WH-1000XM5,1,29999,5,28499.05
ORD009825,2026-04-01,Pune,Electronics,Sony WH-1000XM5,2,29999,5,56998.1
ORD009826,2025-03-19,Chennai,Home,Philips Air Fryer,1,8999,5,8549.05
ORD009827,2024-11-04,Kolkata,Electronics,Apple iPhone 15,2,79999,5,151998.1
ORD009828,2025-06-17,Hyderabad,Electronics,Apple iPhone 15,1,79999,0,79999.0
ORD009829,2025-11-17,Ahmedabad,Electronics,Sony WH-1000XM5,2,29999,15,50998.3
ORD009830,2024-09-27,Mumbai,Home,Philips Air Fryer,1,8999,15,7649.15
ORD009831,2024-06-11,Mumbai,Home,IKEA Study Table,2,12999,15,22098.3
ORD009832,2026-03-20,Ahmedabad,Electronics,OnePlus 12,1,64999,15,55249.15
ORD009833,2024-10-10,Chennai,Home,Philips Air Fryer,1,8999,0,8999.0
ORD009834,2025-02-05,Delhi,Electronics,Sony WH-1000XM5,4,29999,15,101996.6
ORD009835,2025-10-27,Delhi,Electronics,Apple iPhone 15,2,79999,5,151998.1
ORD009836,2025-10-26,Kolkata,Electronics,Sony WH-1000XM5,3,29999,0,89997.0
ORD009837,2025-10-07,Hyderabad,Electronics,Apple iPhone 15,1,79999,5,75999.05
ORD009838,2024-11-08,Chennai,Home,IKEA Study Table,1,12999,15,11049.15
ORD009839,2026-04-24,Bengaluru,Electronics,Samsung Galaxy S24,1,74999,15,63749.15
ORD009840,2024-11-01,Delhi,Electronics,Samsung Galaxy S24,1,74999,15,63749.15
ORD009841,2024-08-08,Pune,Home,Philips Air Fryer,1,8999,5,8549.05
ORD009842,2025-09-04,Mumbai,Home,Philips Air Fryer,1,8999,15,7649.15
ORD009843,2025-09-12,Pune,Electronics,Apple iPhone 15,1,79999,15,67999.15
ORD009844,2024-09-26,Hyderabad,Electronics,OnePlus 12,1,64999,0,64999.0
ORD009845,2026-01-12,Ahmedabad,Electronics,OnePlus 12,1,64999,10,58499.1
ORD009846,2025-03-10,Ahmedabad,Fashion,Nike Air Max,1,6999,0,6999.0
ORD009847,2024-09-13,Bengaluru,Electronics,Samsung Galaxy S24,2,74999,5,142498.1
ORD009848,2025-10-07,Kolkata,Fashion,Levi's Jeans,1,2499,15,2124.15
ORD009849,2025-01-20,Mumbai,Electronics,Apple iPhone 15,1,79999,0,79999.0
ORD009850,2026-04-03,Chennai,Electronics,Sony WH-1000XM5,1,29999,0,29999.0
ORD009851,2024-07-14,Mumbai,Fashion,Levi's Jeans,1,2499,15,2124.15
ORD009852,2026-05-15,Delhi,Fashion,Levi's Jeans,3,2499,5,7122.15
ORD009853,2024-06-12,Ahmedabad,Fashion,Levi's Jeans,1,2499,10,2249.1
ORD009854,2024-08-15,Ahmedabad,Home,IKEA Study Table,3,12999,5,37047.15
ORD009855,2024-07-19,Pune,Electronics,Apple iPhone 15,1,79999,5,75999.05
ORD009856,2025-04-30,Ahmedabad,Electronics,Apple iPhone 15,1,79999,15,67999.15
ORD009857,2024-10-02,Hyderabad,Fashion,Levi's Jeans,1,2499,15,2124.15
ORD009858,2025-10-18,Mumbai,Electronics,Sony WH-1000XM5,2,29999,15,50998.3
ORD009859,2024-06-19,Chennai,Electronics,Sony WH-1000XM5,1,29999,5,28499.05
ORD009860,2026-01-31,Ahmedabad,Electronics,Sony WH-1000XM5,1,29999,5,28499.05
ORD009861,2024-10-11,Chennai,Home,IKEA Study Table,1,12999,0,12999.0
ORD009862,2026-03-09,Delhi,Fashion,Nike Air Max,1,6999,0,6999.0
ORD009863,2025-09-21,Hyderabad,Home,IKEA Study Table,1,12999,0,12999.0
ORD009864,2025-03-27,Kolkata,Electronics,OnePlus 12,4,64999,0,259996.0
ORD009865,2026-06-05,Hyderabad,Fashion,Nike Air Max,1,6999,5,6649.05
ORD009866,2025-10-14,Hyderabad,Home,IKEA Study Table,1,12999,10,11699.1
ORD009867,2024-09-26,Kolkata,Electronics,Sony WH-1000XM5,1,29999,0,29999.0
ORD009868,2025-04-17,Chennai,Electronics,OnePlus 12,1,64999,0,64999.0
ORD009869,2025-12-05,Mumbai,Home,IKEA Study Table,1,12999,5,12349.05
ORD009870,2025-10-03,Hyderabad,Fashion,Levi's Jeans,2,2499,15,4248.3
ORD009871,2024-08-30,Pune,Home,Philips Air Fryer,1,8999,0,8999.0
ORD009872,2026-04-11,Ahmedabad,Fashion,Nike Air Max,1,6999,10,6299.1
ORD009873,2025-07-11,Chennai,Home,Philips Air Fryer,1,8999,15,7649.15
ORD009874,2025-05-13,Chennai,Home,Philips Air Fryer,1,8999,5,8549.05
ORD009875,2024-11-16,Bengaluru,Fashion,Nike Air Max,2,6999,10,12598.2
ORD009876,2025-09-20,Ahmedabad,Fashion,Levi's Jeans,1,2499,15,2124.15
ORD009877,2025-12-28,Mumbai,Home,IKEA Study Table,1,12999,5,12349.05
ORD009878,2026-01-21,Kolkata,Home,IKEA Study Table,1,12999,15,11049.15
ORD009879,2025-01-13,Pune,Fashion,Levi's Jeans,1,2499,0,2499.0
ORD009880,2024-07-07,Pune,Fashion,Nike Air Max,4,6999,10,25196.4
ORD009881,2026-04-04,Delhi,Electronics,Sony WH-1000XM5,1,29999,15,25499.15
ORD009882,2025-11-29,Delhi,Home,Philips Air Fryer,2,8999,5,17098.1
ORD009883,2026-04-19,Bengaluru,Electronics,OnePlus 12,2,64999,15,110498.3
ORD009884,2026-05-12,Ahmedabad,Electronics,OnePlus 12,1,64999,10,58499.1
ORD009885,2024-07-25,Ahmedabad,Home,Philips Air Fryer,1,8999,15,7649.15
ORD009886,2025-03-30,Ahmedabad,Electronics,Samsung Galaxy S24,1,74999,10,67499.1
ORD009887,2025-02-15,Hyderabad,Fashion,Nike Air Max,1,6999,0,6999.0
ORD009888,2025-12-27,Hyderabad,Electronics,Sony WH-1000XM5,1,29999,0,29999.0
ORD009889,2025-07-03,Delhi,Electronics,OnePlus 12,1,64999,15,55249.15
ORD009890,2024-07-18,Mumbai,Fashion,Nike Air Max,1,6999,15,5949.15
ORD009891,2025-11-13,Ahmedabad,Electronics,Apple iPhone 15,2,79999,5,151998.1
ORD009892,2026-05-04,Mumbai,Home,Philips Air Fryer,3,8999,15,22947.45
ORD009893,2024-08-24,Pune,Home,Philips Air Fryer,1,8999,0,8999.0
ORD009894,2024-07-27,Ahmedabad,Electronics,Apple iPhone 15,1,79999,0,79999.0
ORD009895,2025-07-07,Hyderabad,Home,Philips Air Fryer,1,8999,10,8099.1
ORD009896,2025-01-03,Mumbai,Fashion,Nike Air Max,3,6999,5,19947.15
ORD009897,2024-09-05,Ahmedabad,Electronics,Apple iPhone 15,1,79999,10,71999.1
ORD009898,2025-12-19,Hyderabad,Electronics,OnePlus 12,2,64999,15,110498.3
ORD009899,2024-12-20,Chennai,Electronics,OnePlus 12,2,64999,0,129998.0
ORD009900,2024-06-08,Chennai,Electronics,OnePlus 12,2,64999,5,123498.1
ORD009901,2026-05-22,Mumbai,Home,IKEA Study Table,2,12999,5,24698.1
ORD009902,2025-03-08,Bengaluru,Home,IKEA Study Table,2,12999,5,24698.1
ORD009903,2025-11-16,Chennai,Electronics,Samsung Galaxy S24,1,74999,15,63749.15
ORD009904,2024-08-11,Mumbai,Home,Philips Air Fryer,1,8999,0,8999.0
ORD009905,2024-09-14,Pune,Home,IKEA Study Table,1,12999,15,11049.15
ORD009906,2026-03-05,Delhi,Electronics,Samsung Galaxy S24,2,74999,0,149998.0
ORD009907,2025-04-03,Chennai,Fashion,Levi's Jeans,1,2499,5,2374.05
ORD009908,2025-11-06,Hyderabad,Electronics,Apple iPhone 15,4,79999,15,271996.6
ORD009909,2025-04-09,Ahmedabad,Electronics,OnePlus 12,1,64999,15,55249.15
ORD009910,2024-07-11,Ahmedabad,Fashion,Levi's Jeans,1,2499,10,2249.1
ORD009911,2025-03-17,Chennai,Fashion,Nike Air Max,1,6999,15,5949.15
ORD009912,2025-01-28,Hyderabad,Electronics,Apple iPhone 15,2,79999,5,151998.1
ORD009913,2025-04-28,Pune,Home,IKEA Study Table,3,12999,10,35097.3
ORD009914,2024-11-09,Bengaluru,Electronics,Samsung Galaxy S24,4,74999,0,299996.0
ORD009915,2026-06-07,Delhi,Fashion,Nike Air Max,2,6999,10,12598.2
ORD009916,2026-01-28,Chennai,Home,IKEA Study Table,1,12999,15,11049.15
ORD009917,2025-12-21,Chennai,Electronics,OnePlus 12,1,64999,0,64999.0
ORD009918,2026-03-27,Delhi,Fashion,Nike Air Max,1,6999,5,6649.05
ORD009919,2025-06-12,Ahmedabad,Electronics,Apple iPhone 15,2,79999,0,159998.0
ORD009920,2026-03-31,Delhi,Fashion,Levi's Jeans,2,2499,0,4998.0
ORD009921,2025-02-23,Kolkata,Electronics,OnePlus 12,2,64999,15,110498.3
ORD009922,2026-06-05,Delhi,Fashion,Levi's Jeans,1,2499,10,2249.1
ORD009923,2026-06-05,Hyderabad,Electronics,Sony WH-1000XM5,2,29999,5,56998.1
ORD009924,2024-09-24,Kolkata,Fashion,Nike Air Max,2,6999,15,11898.3
ORD009925,2025-09-20,Hyderabad,Fashion,Levi's Jeans,3,2499,0,7497.0
ORD009926,2024-11-07,Hyderabad,Home,IKEA Study Table,3,12999,5,37047.15
ORD009927,2026-03-30,Bengaluru,Home,Philips Air Fryer,2,8999,15,15298.3
ORD009928,2026-04-08,Pune,Electronics,Sony WH-1000XM5,2,29999,10,53998.2
ORD009929,2025-05-17,Mumbai,Electronics,Apple iPhone 15,1,79999,0,79999.0
ORD009930,2025-02-07,Hyderabad,Electronics,Apple iPhone 15,1,79999,15,67999.15
ORD009931,2026-05-22,Delhi,Fashion,Levi's Jeans,4,2499,5,9496.2
ORD009932,2025-07-19,Bengaluru,Electronics,Samsung Galaxy S24,1,74999,10,67499.1
ORD009933,2024-12-06,Ahmedabad,Electronics,Samsung Galaxy S24,1,74999,5,71249.05
ORD009934,2024-12-10,Mumbai,Fashion,Nike Air Max,1,6999,15,5949.15
ORD009935,2025-11-25,Mumbai,Electronics,OnePlus 12,1,64999,0,64999.0
ORD009936,2025-09-18,Pune,Fashion,Nike Air Max,2,6999,15,11898.3
ORD009937,2024-12-01,Delhi,Fashion,Nike Air Max,2,6999,10,12598.2
ORD009938,2025-08-15,Ahmedabad,Fashion,Levi's Jeans,2,2499,10,4498.2
ORD009939,2026-05-21,Delhi,Fashion,Nike Air Max,4,6999,5,26596.2
ORD009940,2024-12-05,Hyderabad,Fashion,Levi's Jeans,1,2499,10,2249.1
ORD009941,2026-01-15,Mumbai,Electronics,Apple iPhone 15,2,79999,15,135998.3
ORD009942,2025-03-06,Pune,Electronics,Apple iPhone 15,1,79999,5,75999.05
ORD009943,2025-06-16,Delhi,Electronics,Sony WH-1000XM5,1,29999,10,26999.1
ORD009944,2026-01-21,Chennai,Fashion,Nike Air Max,3,6999,10,18897.3
ORD009945,2026-01-21,Pune,Electronics,Apple iPhone 15,2,79999,5,151998.1
ORD009946,2025-09-05,Pune,Electronics,OnePlus 12,1,64999,0,64999.0
ORD009947,2025-01-07,Bengaluru,Electronics,Samsung Galaxy S24,1,74999,10,67499.1
ORD009948,2025-09-29,Chennai,Electronics,Samsung Galaxy S24,4,74999,0,299996.0
ORD009949,2024-08-10,Delhi,Fashion,Levi's Jeans,1,2499,15,2124.15
ORD009950,2024-10-18,Mumbai,Home,IKEA Study Table,2,12999,15,22098.3
ORD009951,2026-05-22,Kolkata,Home,IKEA Study Table,1,12999,0,12999.0
ORD009952,2025-09-03,Ahmedabad,Electronics,Apple iPhone 15,2,79999,0,159998.0
ORD009953,2025-10-19,Bengaluru,Electronics,OnePlus 12,1,64999,5,61749.05
ORD009954,2025-09-14,Delhi,Home,IKEA Study Table,1,12999,10,11699.1
ORD009955,2025-07-10,Bengaluru,Electronics,OnePlus 12,1,64999,15,55249.15
ORD009956,2025-06-07,Mumbai,Electronics,Apple iPhone 15,4,79999,15,271996.6
ORD009957,2025-10-25,Kolkata,Fashion,Levi's Jeans,2,2499,0,4998.0
ORD009958,2024-06-10,Kolkata,Electronics,Sony WH-1000XM5,1,29999,15,25499.15
ORD009959,2025-08-27,Ahmedabad,Fashion,Nike Air Max,1,6999,5,6649.05
ORD009960,2025-12-13,Hyderabad,Electronics,Sony WH-1000XM5,1,29999,0,29999.0
ORD009961,2026-05-15,Delhi,Fashion,Nike Air Max,1,6999,0,6999.0
ORD009962,2026-06-02,Bengaluru,Fashion,Nike Air Max,1,6999,5,6649.05
ORD009963,2026-02-11,Pune,Home,Philips Air Fryer,2,8999,0,17998.0
ORD009964,2025-08-01,Pune,Home,Philips Air Fryer,2,8999,10,16198.2
ORD009965,2025-03-12,Bengaluru,Fashion,Nike Air Max,2,6999,10,12598.2
ORD009966,2026-04-09,Kolkata,Home,IKEA Study Table,3,12999,15,33147.45
ORD009967,2025-04-26,Delhi,Electronics,Samsung Galaxy S24,1,74999,10,67499.1
ORD009968,2024-11-25,Kolkata,Electronics,Sony WH-1000XM5,4,29999,0,119996.0
ORD009969,2025-05-21,Hyderabad,Electronics,Sony WH-1000XM5,1,29999,5,28499.05
ORD009970,2024-10-14,Pune,Home,IKEA Study Table,1,12999,15,11049.15
ORD009971,2024-11-29,Ahmedabad,Home,Philips Air Fryer,2,8999,15,15298.3
ORD009972,2026-05-19,Pune,Fashion,Nike Air Max,2,6999,5,13298.1
ORD009973,2024-10-26,Bengaluru,Electronics,Apple iPhone 15,2,79999,0,159998.0
ORD009974,2025-11-25,Chennai,Home,IKEA Study Table,1,12999,10,11699.1
ORD009975,2025-04-01,Chennai,Home,IKEA Study Table,1,12999,0,12999.0
ORD009976,2026-03-10,Delhi,Electronics,Samsung Galaxy S24,2,74999,10,134998.2
ORD009977,2024-08-14,Delhi,Electronics,Apple iPhone 15,3,79999,15,203997.45
ORD009978,2024-10-15,Chennai,Electronics,Samsung Galaxy S24,2,74999,0,149998.0
ORD009979,2024-09-30,Delhi,Electronics,Sony WH-1000XM5,3,29999,15,76497.45
ORD009980,2024-06-20,Bengaluru,Electronics,OnePlus 12,2,64999,15,110498.3
ORD009981,2024-12-25,Bengaluru,Home,IKEA Study Table,1,12999,15,11049.15
ORD009982,2024-07-15,Chennai,Electronics,OnePlus 12,1,64999,15,55249.15
ORD009983,2026-03-09,Bengaluru,Electronics,Sony WH-1000XM5,1,29999,10,26999.1
ORD009984,2024-07-03,Kolkata,Fashion,Levi's Jeans,2,2499,5,4748.1
ORD009985,2024-08-27,Kolkata,Electronics,OnePlus 12,3,64999,0,194997.0
ORD009986,2025-04-06,Pune,Fashion,Nike Air Max,1,6999,5,6649.05
ORD009987,2026-01-27,Hyderabad,Fashion,Levi's Jeans,3,2499,10,6747.3
ORD009988,2024-06-26,Ahmedabad,Fashion,Levi's Jeans,2,2499,0,4998.0
ORD009989,2026-03-24,Bengaluru,Fashion,Levi's Jeans,1,2499,15,2124.15
ORD009990,2026-02-02,Mumbai,Fashion,Levi's Jeans,2,2499,10,4498.2
ORD009991,2025-10-01,Pune,Electronics,OnePlus 12,2,64999,15,110498.3
ORD009992,2025-03-27,Ahmedabad,Fashion,Nike Air Max,1,6999,5,6649.05
ORD009993,2026-01-23,Mumbai,Fashion,Nike Air Max,1,6999,15,5949.15
ORD009994,2025-11-20,Chennai,Fashion,Nike Air Max,2,6999,5,13298.1
ORD009995,2026-01-21,Mumbai,Electronics,Samsung Galaxy S24,2,74999,0,149998.0
ORD009996,2026-03-05,Kolkata,Electronics,Sony WH-1000XM5,1,29999,15,25499.15
ORD009997,2025-10-14,Chennai,Electronics,OnePlus 12,4,64999,15,220996.6
ORD009998,2025-05-10,Ahmedabad,Electronics,Samsung Galaxy S24,1,74999,10,67499.1
ORD009999,2024-07-03,Ahmedabad,Home,Philips Air Fryer,4,8999,0,35996.0
ORD010000,2026-06-07,Mumbai,Home,Philips Air Fryer,2,8999,15,15298.3
